code,Avregistrerad,Orsak,Land,Luftfartygstyp,Tillverkningsnummer,Tillverkningsår,Max startvikt (kg),Luftvärdighetshandling giltig t.o.m.,Registreringsdatum,owners_amount,owner.type,owner.id,owner.name,owner.address,owner.since
SE-001,1996-06-26,Scrapped,,SAAB-2000,2000-001,1991,"22500,0",,1992-03-25,1,Senast registrerad ägare,501519.0,SAAB AB,581 88 Linköping Sweden,1992-03-25
SE-002,2000-03-31,Owners request,,SAAB-2000,2000-002,1992,"22500,0",,1992-07-06,1,Senast registrerad ägare,503813.0,Saab Aircraft AB,581 88 LINKÖPING Sweden,1992-07-06
SE-003,2006-06-26,Non-airworthy,,SAAB-2000,2000-003,1992,"22500,0",,1992-08-28,1,Senast registrerad ägare,503813.0,Saab Aircraft AB,581 88 LINKÖPING Sweden,1994-01-25
SE-004,1995-10-03,Exported,Switzerland,SAAB-2000,2000-004,1993,"22500,0",,1993-03-18,1,Senast registrerad ägare,503813.0,Saab Aircraft AB,581 88 LINKÖPING Sweden,1993-03-18
SE-005,2003-08-26,Exported,Germany,SAAB-2000,2000-005,1993,"22999,0",,2003-08-13,1,Senast registrerad ägare,504897.0,Swedish Aircraft Holdings AB,Hus 209-4 581 88 LINKÖPING Sweden,2003-08-13
SE-006,2005-03-10,Exported,United Kingdom,SAAB-2000,2000-006,1993,"22999,0",,2004-06-22,1,Senast registrerad ägare,504897.0,Swedish Aircraft Holdings AB,Hus 209-4 581 88 LINKÖPING Sweden,2004-11-11
SE-007,2006-04-03,Exported,Lithuania,SAAB-2000,2000-007,1993,"22999,0",,2005-04-13,1,Senast registrerad ägare,504897.0,Swedish Aircraft Holdings AB,Hus 209-4 581 88 LINKÖPING Sweden,2005-04-13
SE-008,2003-10-29,Exported,Germany,SAAB-2000,2000-008,1993,"22999,0",,2003-09-01,1,Senast registrerad ägare,504897.0,Swedish Aircraft Holdings AB,Hus 209-4 581 88 LINKÖPING Sweden,2003-09-01
SE-009,1994-10-31,Exported,Switzerland,SAAB-2000,2000-009,1994,"22500,0",,1994-09-08,1,Senast registrerad ägare,503813.0,Saab Aircraft AB,581 88 LINKÖPING Sweden,1994-09-08
SE-010,1995-01-30,Exported,Switzerland,SAAB-2000,2000-010,1994,"22500,0",,1994-12-01,1,Senast registrerad ägare,503813.0,Saab Aircraft AB,581 88 LINKÖPING Sweden,1994-12-01
SE-011,1995-02-27,Exported,Switzerland,SAAB-2000,2000-011,1994,"22500,0",,1994-12-21,1,Senast registrerad ägare,503813.0,Saab Aircraft AB,581 88 LINKÖPING Sweden,1994-12-21
SE-012,1995-03-28,Exported,Switzerland,SAAB-2000,2000-012,1995,"22500,0",,1995-02-13,1,Senast registrerad ägare,503813.0,Saab Aircraft AB,581 88 LINKÖPING Sweden,1995-02-13
SE-013,1995-03-17,Exported,Germany,SAAB-2000,2000-013,1995,"22500,0",,1995-02-06,1,Senast registrerad ägare,503813.0,Saab Aircraft AB,581 88 LINKÖPING Sweden,1995-02-06
SE-014,2006-11-21,Exported,Romania,SAAB-2000,2000-014,1995,"22999,0",,2006-11-07,1,Senast registrerad ägare,504897.0,Swedish Aircraft Holdings AB,Hus 209-4 581 88 LINKÖPING Sweden,2006-11-07
SE-015,1995-04-26,Exported,Switzerland,SAAB-2000,2000-015,1995,"22500,0",,1995-03-10,1,Senast registrerad ägare,503813.0,Saab Aircraft AB,581 88 LINKÖPING Sweden,1995-03-10
SE-016,2007-10-08,Exported,Germany,SAAB-2000,2000-016,1995,"22999,0",,2007-02-21,1,Senast registrerad ägare,504897.0,Swedish Aircraft Holdings AB,Hus 209-4 581 88 LINKÖPING Sweden,2007-02-21
SE-017,2005-04-01,Exported,United States of America,SAAB-2000,2000-017,1995,"22999,0",,2005-04-01,1,Senast registrerad ägare,504996.0,Venture Air AB,Sweden,2005-04-01
SE-018,1995-06-30,Exported,Switzerland,SAAB-2000,2000-018,1995,"22500,0",,1995-05-16,1,Senast registrerad ägare,503813.0,Saab Aircraft AB,581 88 LINKÖPING Sweden,1995-05-16
SE-019,2008-09-26,Exported,Pakistan,SAAB-2000,2000-019,1995,"22999,0",2009-01-31,2007-02-08,1,Senast registrerad ägare,501519.0,SAAB AB,581 88 Linköping Sweden,2007-05-28
SE-020,1995-09-01,Exported,United States of America,SAAB-2000,2000-020,1995,"22500,0",,1995-06-15,1,Senast registrerad ägare,503813.0,Saab Aircraft AB,581 88 LINKÖPING Sweden,1995-06-15
SE-021,2008-03-07,Exported,United States of America,SAAB-2000,2000-021,1995,"22999,0",,2007-02-23,1,Senast registrerad ägare,504897.0,Swedish Aircraft Holdings AB,Hus 209-4 581 88 LINKÖPING Sweden,2007-09-11
SE-022,1995-09-22,Exported,Switzerland,SAAB-2000,2000-022,1995,"22500,0",,1995-08-09,1,Senast registrerad ägare,503813.0,Saab Aircraft AB,581 88 LINKÖPING Sweden,1995-08-09
SE-023,2009-02-02,Exported,United Kingdom,SAAB-2000,2000-023,1995,"22999,0",2009-11-19,2008-12-11,1,Senast registrerad ägare,504897.0,Swedish Aircraft Holdings AB,Hus 209-4 581 88 LINKÖPING Sweden,2008-12-11
SE-024,1995-10-26,Exported,Switzerland,SAAB-2000,2000-024,1995,"22500,0",,1995-09-15,1,Senast registrerad ägare,503813.0,Saab Aircraft AB,581 88 LINKÖPING Sweden,1995-09-15
SE-025,1995-10-30,Exported,Germany,SAAB-2000,2000-025,1995,"22999,0",,1995-09-28,1,Senast registrerad ägare,503813.0,Saab Aircraft AB,581 88 LINKÖPING Sweden,1995-09-28
SE-026,1995-12-20,Exported,Switzerland,SAAB-2000,2000-026,1995,"22500,0",,1995-10-05,1,Senast registrerad ägare,503813.0,Saab Aircraft AB,581 88 LINKÖPING Sweden,1995-10-05
SE-027,1995-12-22,Exported,United States of America,SAAB-2000,2000-027,1995,"22500,0",,1995-10-20,1,Senast registrerad ägare,503813.0,Saab Aircraft AB,581 88 LINKÖPING Sweden,1995-10-20
SE-028,1996-03-27,Exported,France,SAAB-2000,2000-028,1995,"22500,0",,1995-12-28,1,Senast registrerad ägare,503813.0,Saab Aircraft AB,581 88 LINKÖPING Sweden,1995-12-28
SE-029,2016-04-08,Exported,Pakistan,SAAB-2000,2000-029,1995,"22500,0",,2015-10-28,1,Senast registrerad ägare,501519.0,SAAB AB,581 88 Linköping Sweden,2015-10-28
SE-030,1995-12-22,Exported,United States of America,SAAB-2000,2000-030,1995,"22500,0",,1995-12-22,1,Senast registrerad ägare,503813.0,Saab Aircraft AB,581 88 LINKÖPING Sweden,1995-12-22
SE-031,1996-02-22,Exported,Switzerland,SAAB-2000,2000-031,1995,"22500,0",,1996-01-18,1,Senast registrerad ägare,503813.0,Saab Aircraft AB,581 88 LINKÖPING Sweden,1996-01-18
SE-032,2005-04-22,Exported,United Kingdom,SAAB-2000,2000-032,1996,"22999,0",,2005-04-19,1,Senast registrerad ägare,504897.0,Swedish Aircraft Holdings AB,Hus 209-4 581 88 LINKÖPING Sweden,2005-04-19
SE-033,1996-03-21,Exported,Switzerland,SAAB-2000,2000-033,1996,"22500,0",,1996-02-16,1,Senast registrerad ägare,503813.0,Saab Aircraft AB,581 88 LINKÖPING Sweden,1996-02-16
SE-034,2006-08-08,Exported,United States of America,SAAB-2000,2000-034,1996,"22999,0",,2006-03-24,1,Senast registrerad ägare,504897.0,Swedish Aircraft Holdings AB,Hus 209-4 581 88 LINKÖPING Sweden,2006-04-27
SE-035,1996-04-18,Exported,Switzerland,SAAB-2000,2000-035,1996,"22500,0",,1996-03-19,1,Senast registrerad ägare,503813.0,Saab Aircraft AB,581 88 LINKÖPING Sweden,1996-03-19
SE-036,2004-11-30,Exported,United Kingdom,SAAB-2000,2000-036,1996,"22999,0",,2003-06-18,1,Senast registrerad ägare,504897.0,Swedish Aircraft Holdings AB,Hus 209-4 581 88 LINKÖPING Sweden,2003-06-18
SE-037,1996-05-29,Exported,Switzerland,SAAB-2000,2000-037,1996,"22500,0",,1996-05-03,1,Senast registrerad ägare,503813.0,Saab Aircraft AB,581 88 LINKÖPING Sweden,1996-05-03
SE-038,1996-08-09,Exported,Switzerland,SAAB-2000,2000-038,1996,"22500,0",,1996-07-03,1,Senast registrerad ägare,503813.0,Saab Aircraft AB,581 88 LINKÖPING Sweden,1996-07-03
SE-039,1996-10-18,Exported,Switzerland,SAAB-2000,2000-039,1996,"22500,0",,1996-09-17,1,Senast registrerad ägare,503813.0,Saab Aircraft AB,581 88 LINKÖPING Sweden,1996-09-17
SE-040,2010-07-02,Exported,Pakistan,SAAB-2000,2000-040,1996,"22999,0",,2007-03-14,1,Senast registrerad ägare,501519.0,SAAB AB,581 88 Linköping Sweden,2007-05-28
SE-041,1996-11-20,Exported,Switzerland,SAAB-2000,2000-041,1996,"22500,0",,1996-10-24,1,Senast registrerad ägare,503813.0,Saab Aircraft AB,581 88 LINKÖPING Sweden,1996-10-24
SE-042,1997-01-23,Change of registration mark,,SAAB-2000,2000-042,1996,"22500,0",,1996-11-25,1,Senast registrerad ägare,503813.0,Saab Aircraft AB,581 88 LINKÖPING Sweden,1996-11-25
SE-043,1997-01-31,Change of registration mark,,SAAB-2000,2000-043,1996,"22500,0",,1996-12-17,1,Senast registrerad ägare,503813.0,Saab Aircraft AB,581 88 LINKÖPING Sweden,1996-12-17
SE-044,1997-03-12,Change of registration mark,,SAAB-2000,2000-044,1997,"22500,0",,1997-02-11,1,Senast registrerad ägare,501519.0,SAAB AB,581 88 Linköping Sweden,1997-02-11
SE-045,2011-10-03,Exported,Pakistan,SAAB-2000,2000-045,1997,"22999,0",,2007-01-03,1,Senast registrerad ägare,501519.0,SAAB AB,581 88 Linköping Sweden,2007-05-28
SE-046,1997-04-22,Change of registration mark,,SAAB-2000,2000-046,1997,"22800,0",,1997-03-26,1,Senast registrerad ägare,501519.0,SAAB AB,581 88 Linköping Sweden,1997-03-26
SE-047,1997-05-29,Exported,Switzerland,SAAB-2000,2000-047,1997,"22800,0",,1997-04-30,1,Senast registrerad ägare,501519.0,SAAB AB,581 88 Linköping Sweden,1997-04-30
SE-048,1997-06-25,Exported,Switzerland,SAAB-2000,2000-048,1997,"22800,0",,1997-05-29,1,Senast registrerad ägare,501519.0,SAAB AB,581 88 Linköping Sweden,1997-05-29
SE-049,2010-02-23,Exported,Pakistan,SAAB-2000,2000-049,1997,"22999,0",2009-02-28,2007-03-14,1,Senast registrerad ägare,501519.0,SAAB AB,581 88 Linköping Sweden,2007-06-15
SE-050,2014-06-05,Exported,Saudi Arabia,SAAB-2000(AEW&C),2000-050,1997,"23500,0",,2012-10-09,1,Senast registrerad ägare,501519.0,SAAB AB,581 88 Linköping Sweden,2012-10-09
SE-051,1998-11-23,Exported,Japan,SAAB-2000,2000-051,1998,"22500,0",,1998-03-06,1,Senast registrerad ägare,501519.0,SAAB AB,581 88 Linköping Sweden,1998-03-06
SE-052,2014-06-05,Exported,Saudi Arabia,SAAB-2000(AEW&C),2000-052,1997,"23500,0",,2012-10-09,1,Senast registrerad ägare,501519.0,SAAB AB,581 88 Linköping Sweden,2012-10-09
SE-053,1998-01-08,Change of registration mark,,SAAB-2000,2000-053,1997,"22800,0",,1997-11-20,1,Senast registrerad ägare,501519.0,SAAB AB,581 88 Linköping Sweden,1997-11-20
SE-054,1998-11-23,Exported,Japan,SAAB-2000,2000-054,1998,"22500,0",,1998-04-24,1,Senast registrerad ägare,501519.0,SAAB AB,581 88 Linköping Sweden,1998-04-24
SE-055,1998-03-24,Change of registration mark,,SAAB-2000,2000-055,1998,"22800,0",,1998-01-23,1,Senast registrerad ägare,501519.0,SAAB AB,581 88 Linköping Sweden,1998-01-23
SE-056,1998-04-29,Exported,Switzerland,SAAB-2000,2000-056,1998,"22800,0",,1998-03-20,1,Senast registrerad ägare,501519.0,SAAB AB,581 88 Linköping Sweden,1998-03-20
SE-057,2020-06-11,Exported,Pakistan,SAAB-2000,2000-057,1998,"22999,0",,2018-03-16,1,Senast registrerad ägare,501519.0,SAAB AB,581 88 Linköping Sweden,2018-03-16
SE-058,2023-11-21,Exported,Pakistan,SAAB-2000,2000-058,1998,"22999,0",,2019-02-11,1,Senast registrerad ägare,501519.0,SAAB AB,581 88 Linköping Sweden,2019-02-11
SE-059,1998-11-03,Exported,Switzerland,SAAB-2000,2000-059,1998,"22500,0",,1998-10-01,1,Senast registrerad ägare,501519.0,SAAB AB,581 88 Linköping Sweden,1998-10-01
SE-060,2018-08-29,Exported,Pakistan,SAAB-2000,2000-060,1999,"22999,0",,2016-11-09,1,Senast registrerad ägare,501519.0,SAAB AB,581 88 Linköping Sweden,2016-11-09
SE-061,2019-06-05,Exported,Pakistan,SAAB-2000,2000-061,1999,"22999,0",,2018-03-16,1,Senast registrerad ägare,501519.0,SAAB AB,581 88 Linköping Sweden,2018-03-16
SE-062,1999-04-14,Exported,Switzerland,SAAB-2000,2000-062,1999,"22999,0",,1999-03-08,1,Senast registrerad ägare,501519.0,SAAB AB,581 88 Linköping Sweden,1999-03-08
SE-063,1999-04-29,Exported,Switzerland,SAAB-2000,2000-063,1999,"22999,0",,1999-04-21,1,Senast registrerad ägare,501519.0,SAAB AB,581 88 Linköping Sweden,1999-04-21
SE-064,2017-08-28,Owners request,,Gulfstream-GV-IV,1014,1987,"33204,0",,2017-08-03,1,Senast registrerad ägare,500934.0,Klippans kommun,Drottningvägen 5 26451 Ljungbyhed Sweden,2017-08-03
SE-400,1996-08-27,Exported,United States of America,SAAB-340B,340B-400,1996,"13155,0",,1996-08-05,1,Senast registrerad ägare,503813.0,Saab Aircraft AB,581 88 LINKÖPING Sweden,1996-08-05
SE-ACW,,,,PIETENPOL AIR CAMPER,EAA-1093,2014,"520,0",,2014-10-01,1,,,,,
SE-ACX,,,,PIETENPOL AIR CAMPER,PFA 047-13014,2002,"520,0",,2018-06-25,1,,,,,
SE-ADF,,,,DE HAVILLAND-DH-82A,568,1932,"830,0",2027-06-30,1947-02-07,1,Registrerad ägare,503129.0,KSAK Veteranflyg,Box 750 52122 FALKÖPING Sweden,1994-04-25
SE-AEC,,,,BLERIOT-XI,-1381,1918,"450,0",2011-04-30,2010-06-30,1,Registrerad ägare,505126.0,Stiftelsen Tekniska Museet,Museivägen 7 115 27 STOCKHOLM Sweden,2010-06-30
SE-AFH,,,,DE HAVILLAND-DH 80A,2038,1930,"923,0",2026-12-31,2016-11-14,1,,,,,
SE-AGC,,,,CORBEN-JUNIOR-ACE-MOD-6,EAA-1125,1936,"470,0",,2019-10-17,1,,,,,
SE-AGE,2016-10-28,Exported,Australia,DE HAVILLAND-DH 87B,8136-80,1937,"908,0",2016-04-30,1998-06-29,1,Senast registrerad ägare,502648.0,Föreningen Veteranflyg Norrköping,Sweden,1998-06-29
SE-AGO,,,,PIPER-J2,993,1937,"455,0",1966-12-31,1937-12-13,1,,,,,
SE-AHC,,,,GV-38,3005/4,1938,"680,0",2027-05-31,2022-05-24,1,Registrerad ägare,502631.0,Göteborgs Veteranflygsällskap,Sweden,2022-05-24
SE-AHG,,,,GV-38,8-860,1938,"680,0",2027-05-04,1972-05-19,1,Registrerad ägare,502631.0,Göteborgs Veteranflygsällskap,Sweden,1998-06-22
SE-AIC,2015-05-18,Exported,Denmark,PIPER J3C-65,2486,1939,"555,0",1993-06-30,1942-07-03,1,,,,,
SE-AIK,2022-04-19,Exported,Germany,BÜCKER-131 JUNGMANN,52,1939,"720,0",2022-06-30,2015-01-09,1,,,,,
SE-AJA,,,,BÜCKER-BÜ 133C,41,1943,"640,0",2027-04-30,2017-04-19,1,,,,,
SE-AKN,,,,KLEMM-Kl35D,1783-1212,1940,"780,0",2026-10-31,2012-10-10,1,Registrerad ägare,504964.0,Westh Flyg AB,Sweden,2012-10-10
SE-ALM,,,,DE HAVILLAND-DH-82A,172,1934,"830,0",2026-08-31,1942-05-07,1,Registrerad ägare,503129.0,KSAK Veteranflyg,Box 750 52122 FALKÖPING Sweden,1994-04-28
SE-AMA,,,,SAI-KZ III-U2,81-111,1945,"700,0",2010-09-30,1981-06-26,1,Registrerad ägare,502631.0,Göteborgs Veteranflygsällskap,Sweden,1981-06-26
SE-AMB,2006-06-26,Non-airworthy,,PIPER J3C-65,12802,1944,"555,0",1988-12-31,1982-01-04,1,,,,,
SE-AMC,2010-11-22,Exported,Finland,AUSTER-MK5,497-284,1943,"840,0",2011-05-31,1985-07-08,1,,,,,
SE-AMD,,,,BÜCKER-131 JUNGMANN,541/2141-526,1958,"720,0",2023-08-31,1985-07-15,1,,,,,
SE-AME,2023-02-17,Exported,Denmark,SAI-KZ III-U2,93-399,1946,"700,0",2023-01-31,1988-12-22,1,,,,,
SE-AMF,1999-11-11,Exported,Denmark,SAI-KZ III-U2,103-416,1946,"700,0",1999-11-30,1988-03-25,1,,,,,
SE-AMG,,,,DE HAVILLAND-DH-82A,84589-95,1940,"830,0",2026-07-31,1993-05-19,1,,,,,
SE-AMH,,,,DE HAVILLAND-DH-82A,84959,1942,"830,0",2000-06-30,1987-08-25,1,,,,,
SE-AMI,,,,DE HAVILLAND-DH-82A,86526-678,1945,"830,0",2027-06-30,1990-07-10,1,,,,,
SE-AMK,,,,PIPER J3C-65,12438-882,1943,"555,0",2027-05-31,2010-04-30,1,,,,,
SE-AMM,2006-06-28,Non-airworthy,,DE HAVILLAND-DH-82A,83226,1941,"830,0",2000-09-30,1998-04-02,1,,,,,
SE-AMN,,,,AUSTER-VJ2,2387,1946,"660,0",1999-07-31,1998-07-28,1,,,,,
SE-AMO,,,,DE HAVILLAND-DH-60 MOTH Replica,-834,2006,"799,0",2025-05-31,2012-08-21,1,,,,,
SE-AMR,,,,DE HAVILLAND-DH-82A,49-FV517-88,1935,"830,0",2027-07-14,1986-06-06,1,,,,,
SE-AMT,2004-04-19,Exported,Germany,BOEING-A75N1,3250-2606,1942,"1338,0",2003-04-09,1985-10-31,1,,,,,
SE-AMY,,,,DE HAVILLAND-DH-82A,82720-761,1940,"830,0",2026-10-31,1990-05-31,1,,,,,
SE-AMZ,,,,BLERIOT-XI,EAA-1184-SE,1918,"450,0",2027-04-30,2005-01-25,1,,,,,
SE-ANU,1991-11-14,Non-airworthy,,TAYLORCRAFT-BC,1227,1939,"500,0",1963-12-31,1945-12-12,1,,,,,
SE-ANX,,,,BHT 1 BEAUTY,1-787,1945,"420,0",,2011-05-05,1,Registrerad ägare,503134.0,Svensk Flyghistorisk Förening,Box 539 611 10 NYKÖPING Sweden,2011-08-31
SE-ARG,,,,AUSTER-MK5,1882,1946,"860,0",1981-06-30,1946-04-10,1,,,,,
SE-ARK,2010-11-11,Total write-off,,AUSTER-VJ1,1953-610,1946,"840,0",2011-03-31,1946-11-22,1,,,,,
SE-ARR,,,,AUSTER-VJ2,2358-1025,1946,"655,0",2026-05-31,1947-07-14,1,,,,,
SE-ASO,,,,PIPER J3C-65,12081,1944,"530,0",2018-06-30,2014-04-16,1,Registrerad ägare,504932.0,Laisviken Förvaltning AB,Box 2075 912 98 KLIMPFJÄLL Sweden,2014-04-16
SE-ASP,,,,PIPER J3C-65,11928-1187,1944,"590,0",2026-08-31,1946-07-25,1,,,,,
SE-ASR,,,,PIPER J3C-65,10486,1943,"555,0",1974-09-30,1960-09-02,2,,,,,
SE-ASS,,,,PIPER J3C-65,11994-890,1943,"530,0",2026-08-31,1997-07-31,1,,,,,
SE-AST,1982-08-31,Non-airworthy,,PIPER J3C-65,12007,1944,"530,0",1972-12-31,1946-08-29,1,Senast registrerad ägare,503983.0,Mjörns Sjöflygskola AB,Första Långgatan 25 413 27 GÖTEBORG Sweden,1971-05-11
SE-ASU,,,,PIPER J3C-65,11708-317,1943,"555,0",2026-12-31,1998-10-26,1,Registrerad ägare,728300.0,Grasshopper 46,Sweden,2025-01-27
SE-ASX,,,,PIPER J3C-65,11711,1944,"555,0",,1946-08-10,1,Registrerad ägare,504359.0,Vinninga Bil O Lantbruksservice,531 03 VINNINGA Sweden,1956-04-18
SE-ATE,,,,PIPER J3C-65,11965-1338,1943,"555,0",2016-04-30,1946-08-20,1,,,,,
SE-ATG,,,,PIPER J3C-65,12043-1011,1944,"555,0",2007-01-31,1999-08-10,1,,,,,
SE-ATH,1982-08-31,Non-airworthy,,PIPER J3C-65,12444,1944,"590,0",1978-04-30,1946-09-24,1,,,,,
SE-ATI,1987-06-03,Change of registration mark,,DE HAVILLAND-DH-82A,568,0,"830,0",1986-04-30,1947-02-07,1,Senast registrerad ägare,504122.0,Kungliga Svenska Aeroklubben,"Gustavslundsvägen 137, 5 tr 167 51 BROMMA Sweden",1947-02-07
SE-ATL,,,,PIPER J3C-65,11243-234,1943,"555,0",2027-01-31,1946-10-23,1,,,,,
SE-ATO,,,,PIPER J3C-65,12517-1155,1944,"555,0",2026-12-31,1946-12-16,1,,,,,
SE-ATP,,,,PIPER J3C-65,12057-943,1944,"555,0",2027-06-30,1946-08-22,1,Registrerad ägare,731811.0,Geothermal & Geoenergy Consulting AB,Sweden,2025-05-05
SE-ATT,,,,PIPER J3C-65,11979-588,1944,"555,0",2027-05-31,1946-09-28,1,,,,,
SE-ATU,,,,PIPER J3C-65,12146-604,1944,"555,0",2004-02-28,1946-12-16,1,,,,,
SE-ATZ,,,,PIPER J3C-65,12319-1200,1944,"555,0",2020-05-31,1946-11-28,1,,,,,
SE-AUE,,,,PIPER J3C-65,9460,1942,"555,0",2027-04-30,1946-10-03,1,,,,,
SE-AUF,,,,PIPER J3C-65,12387-887,1944,"555,0",2019-05-31,1946-12-11,1,,,,,
SE-AUH,,,,PIPER J3C-65,12685-913,1944,"555,0",2022-06-30,1968-06-14,1,,,,,
SE-AUK,,,,PIPER J3C-65,11697,1944,"590,0",1990-04-30,1946-12-11,1,,,,,
SE-AUL,,,,PIPER J3C-65,12066-487,1943,"555,0",2006-05-31,1946-12-16,1,,,,,
SE-AUM,,,,PIPER J3C-65,10875,1943,"555,0",1980-12-31,1960-07-29,5,,,,,
SE-AUR,,,,SAAB-91A,91.103-1222,1946,"1075,0",2013-06-30,1946-10-09,1,Registrerad ägare,505138.0,Stiftelsen Aeroseum,Nya Bergets väg 50 417 46 GÖTEBORG Sweden,2004-04-16
SE-AUT,2001-11-16,Exported,Norway,PIPER J3C-65,11615,1943,"555,0",2000-03-31,1946-10-17,1,,,,,
SE-AUU,2006-06-26,Non-airworthy,,PIPER J3C-65,11661,1943,"555,0",1981-09-30,1946-11-16,1,,,,,
SE-AUW,,,,PIPER J3C-65,11686,1943,"590,0",1970-06-30,1947-03-18,3,,,,,
SE-AWK,,,,PIPER J3C-65,12418,1944,"555,0",1984-06-30,1946-11-16,1,,,,,
SE-AWL,,,,PIPER J3C-65,11871-1315,1943,"555,0",2025-06-30,1958-08-28,1,,,,,
SE-AWP,2003-10-21,Exported,Poland,PIPER J3C-65,1-1948,1948,"530,0",2003-12-31,1979-08-02,1,Senast registrerad ägare,502602.0,Varbergs Flygklubb,Getterövägen 2 432 93 VARBERG Sweden,1998-07-07
SE-AWS,,,,FAIRCHILD-24W-41,804-804,1943,"1162,0",2027-05-31,2007-03-21,1,,,,,
SE-AWU,1988-02-16,Total write-off,,ERCOUPE-415D,117,1945,"635,0",1988-06-30,1946-11-06,1,,,,,
SE-AWW,,,,PIPER J3C-65,16352-1258,1946,"555,0",2027-07-15,1947-01-10,1,,,,,
SE-AXB,,,,REPUBLIC-RC3,268-1348,1947,"1430,0",2019-05-31,1947-06-02,1,,,,,
SE-AXG,,,,REPUBLIC-RC3,399-1203,1947,"1430,0",1991-07-31,1947-07-16,1,,,,,
SE-AXM,,,,REPUBLIC-RC3,467,1947,"1430,0",1992-05-31,1947-07-16,1,,,,,
SE-AXR,,,,REPUBLIC-RC3,270,1947,"1430,0",2018-06-30,2004-11-11,1,,,,,
SE-AXX,,,,REPUBLIC-RC3,829-1168,1947,"1430,0",2018-06-30,1980-03-10,3,,,,,
SE-AXY,,,,REPUBLIC-RC3,830-1398,1947,"1475,0",2017-06-30,1948-07-26,1,,,,,
SE-AYC,1982-08-31,Non-airworthy,,SAAB-91A,91.104,1946,"1075,0",1964-09-30,1946-10-09,1,Senast registrerad ägare,502644.0,Olle Bulow AB,Döbelnsgatan 36 A 11320 STOCKHOLM Sweden,1968-02-19
SE-AYI,,,,FAIRCHILD-UC61A,572,1943,"1255,0",1963-12-31,1947-04-30,1,,,,,
SE-AYM,,,,MILES-M65,6296-707,1947,"1360,0",2026-12-31,1950-11-01,1,,,,,
SE-AYZ,,,,PIPER J3C-65,13264-1316,1945,"555,0",2022-06-30,1947-03-15,1,,,,,
SE-AZB,1982-12-15,Exported,United Kingdom,AUTOGIRO C.30.A,R 3/C A954,1935,"860,0",1967-06-30,1952-06-12,1,,,,,
SE-AZL,,,,LUSCOMBE 8E,5304-583,1947,"636,0",2027-06-12,2018-06-27,1,,,,,
SE-AZU,,,,LUSCOMBE 8F,4865,1947,"570,0",2026-07-31,1948-11-16,2,,,,,
SE-B01,1996-08-28,Exported,United States of America,SAAB-340B,340B-401,1996,"13155,0",,1996-08-16,1,Senast registrerad ägare,503813.0,Saab Aircraft AB,581 88 LINKÖPING Sweden,1996-08-16
SE-B02,1996-10-02,Exported,United States of America,SAAB-340B,340B-402,1996,"13155,0",,1996-09-04,1,Senast registrerad ägare,503813.0,Saab Aircraft AB,581 88 LINKÖPING Sweden,1996-09-04
SE-B03,1996-10-08,Exported,United States of America,SAAB-340B,340B-403,1996,"13155,0",,1996-09-16,1,Senast registrerad ägare,503813.0,Saab Aircraft AB,581 88 LINKÖPING Sweden,1996-09-16
SE-B04,1996-10-23,Exported,United States of America,SAAB-340B,340B-404,1996,"13155,0",,1996-10-02,1,Senast registrerad ägare,503813.0,Saab Aircraft AB,581 88 LINKÖPING Sweden,1996-10-02
SE-B05,1997-04-28,Exported,Japan,SAAB-340B,340B-405,1997,"13155,0",,1997-02-27,1,Senast registrerad ägare,501519.0,SAAB AB,581 88 Linköping Sweden,1997-02-27
SE-B06,1996-11-06,Exported,United States of America,SAAB-340B,340B-406,1996,"13155,0",,1996-10-16,1,Senast registrerad ägare,503813.0,Saab Aircraft AB,581 88 LINKÖPING Sweden,1996-10-16
SE-B07,1996-11-18,Exported,United States of America,SAAB-340B,340B-407,1996,"13155,0",,1996-10-31,1,Senast registrerad ägare,503813.0,Saab Aircraft AB,581 88 LINKÖPING Sweden,1996-10-31
SE-B08,1996-12-03,Exported,United States of America,SAAB-340B,340B-408,1996,"13155,0",,1996-11-06,1,Senast registrerad ägare,503813.0,Saab Aircraft AB,581 88 LINKÖPING Sweden,1996-11-06
SE-B09,2023-10-30,Transfer to military registration,,SAAB-340B-AEW 110,340B-409,1997,"13155,0",,2021-06-18,1,Senast registrerad ägare,501519.0,SAAB AB,581 88 Linköping Sweden,2021-06-18
SE-B10,1997-01-15,Exported,United States of America,SAAB-340B,340B-410,1997,"13155,0",,1997-01-10,1,Senast registrerad ägare,501519.0,SAAB AB,581 88 Linköping Sweden,1997-01-10
SE-B11,1997-01-30,Exported,United States of America,SAAB-340B,340B-411,1997,"13155,0",,1997-01-10,1,Senast registrerad ägare,501519.0,SAAB AB,581 88 Linköping Sweden,1997-01-10
SE-B12,1997-02-19,Exported,United States of America,SAAB-340B,340B-412,1997,"13155,0",,1997-02-14,1,Senast registrerad ägare,501519.0,SAAB AB,581 88 Linköping Sweden,1997-02-14
SE-B13,1997-03-10,Exported,United States of America,SAAB-340B,340B-413,1997,"13155,0",,1997-03-06,1,Senast registrerad ägare,501519.0,SAAB AB,581 88 Linköping Sweden,1997-03-06
SE-B14,1997-03-19,Exported,United States of America,SAAB-340B,340B-414,1997,"13155,0",,1997-03-17,1,Senast registrerad ägare,501519.0,SAAB AB,581 88 Linköping Sweden,1997-03-17
SE-B15,1997-04-21,Exported,United States of America,SAAB-340B,340B-415,1997,"13155,0",,1997-04-03,1,Senast registrerad ägare,501519.0,SAAB AB,581 88 Linköping Sweden,1997-04-03
SE-B16,1997-04-30,Exported,United States of America,SAAB-340B,340B-416,1997,"13155,0",,1997-04-17,1,Senast registrerad ägare,501519.0,SAAB AB,581 88 Linköping Sweden,1997-04-17
SE-B17,1997-05-20,Exported,United States of America,SAAB-340B,340B-417,1997,"13155,0",,1997-05-07,1,Senast registrerad ägare,501519.0,SAAB AB,581 88 Linköping Sweden,1997-05-07
SE-B18,1997-05-27,Exported,United States of America,SAAB-340B,340B-418,1997,"13155,0",,1997-05-22,1,Senast registrerad ägare,501519.0,SAAB AB,581 88 Linköping Sweden,1997-05-22
SE-B19,1997-06-16,Exported,Japan,SAAB-340B,340B-419,1997,"13155,0",,1997-05-13,1,Senast registrerad ägare,501519.0,SAAB AB,581 88 Linköping Sweden,1997-05-13
SE-B20,1997-06-16,Exported,United States of America,SAAB-340B,340B-420,1997,"13155,0",,1997-06-06,1,Senast registrerad ägare,501519.0,SAAB AB,581 88 Linköping Sweden,1997-06-06
SE-B21,1997-06-24,Exported,United States of America,SAAB-340B,340B-421,1997,"13155,0",,1997-06-17,1,Senast registrerad ägare,501519.0,SAAB AB,581 88 Linköping Sweden,1997-06-17
SE-B22,1997-08-06,Exported,United States of America,SAAB-340B,340B-422,1997,"13155,0",,1997-07-29,1,Senast registrerad ägare,501519.0,SAAB AB,581 88 Linköping Sweden,1997-07-29
SE-B23,1997-08-20,Exported,United States of America,SAAB-340B,340B-423,1997,"13155,0",,1997-08-07,1,Senast registrerad ägare,501519.0,SAAB AB,581 88 Linköping Sweden,1997-08-07
SE-B24,1997-08-26,Exported,United States of America,SAAB-340B,340B-424,1997,"13155,0",,1997-08-22,1,Senast registrerad ägare,501519.0,SAAB AB,581 88 Linköping Sweden,1997-08-22
SE-B25,1997-09-15,Exported,United States of America,SAAB-340B,340B-425,1997,"13155,0",,1997-09-09,1,Senast registrerad ägare,501519.0,SAAB AB,581 88 Linköping Sweden,1997-09-09
SE-B26,1997-09-23,Exported,United States of America,SAAB-340B,340B-426,1997,"13155,0",,1997-09-19,1,Senast registrerad ägare,501519.0,SAAB AB,581 88 Linköping Sweden,1997-09-19
SE-B27,1997-10-14,Exported,United States of America,SAAB-340B,340B-427,1997,"13155,0",,1997-10-03,1,Senast registrerad ägare,501519.0,SAAB AB,581 88 Linköping Sweden,1997-10-03
SE-B28,1997-11-04,Exported,United States of America,SAAB-340B,340B-428,1997,"13155,0",,1997-10-23,1,Senast registrerad ägare,501519.0,SAAB AB,581 88 Linköping Sweden,1997-10-23
SE-B29,1997-11-19,Exported,United States of America,SAAB-340B,340B-429,1997,"13155,0",,1997-11-07,1,Senast registrerad ägare,501519.0,SAAB AB,581 88 Linköping Sweden,1997-11-07
SE-B30,1997-12-09,Exported,United States of America,SAAB-340B,340B-430,1997,"13155,0",,1997-11-28,1,Senast registrerad ägare,501519.0,SAAB AB,581 88 Linköping Sweden,1997-11-27
SE-B31,2023-10-30,Transfer to military registration,,SAAB-340B-AEW 110,340B-431,1998,"13155,0",,2021-06-18,1,Senast registrerad ägare,501519.0,SAAB AB,581 88 Linköping Sweden,2021-06-18
SE-B32,1998-02-03,Exported,Japan,SAAB-340B,340B-432,1997,"13155,0",,1997-12-22,1,Senast registrerad ägare,501519.0,SAAB AB,581 88 Linköping Sweden,1997-12-22
SE-B33,1997-12-22,Exported,United States of America,SAAB-340B,340B-433,1997,"13155,0",,1997-12-05,1,Senast registrerad ägare,501519.0,SAAB AB,581 88 Linköping Sweden,1997-12-05
SE-B34,1998-01-21,Exported,United States of America,SAAB-340B,340B-434,1997,"13155,0",,1998-01-21,1,Senast registrerad ägare,501519.0,SAAB AB,581 88 Linköping Sweden,1998-01-21
SE-B35,1998-01-28,Exported,United States of America,SAAB-340B,340B-435,1998,"13155,0",,1998-01-21,1,Senast registrerad ägare,501519.0,SAAB AB,581 88 Linköping Sweden,1998-01-21
SE-B36,1998-02-23,Exported,United States of America,SAAB-340B,340B-436,1998,"13155,0",,1998-02-12,1,Senast registrerad ägare,501519.0,SAAB AB,581 88 Linköping Sweden,1998-02-12
SE-B37,1998-03-25,Exported,United States of America,SAAB-340B,340B-437,1998,"13155,0",,1998-03-18,1,Senast registrerad ägare,501519.0,SAAB AB,581 88 Linköping Sweden,1998-03-18
SE-B38,1998-04-21,Exported,United States of America,SAAB-340B,340B-438,1998,"13155,0",,1998-04-08,1,Senast registrerad ägare,501519.0,SAAB AB,581 88 Linköping Sweden,1998-04-08
SE-B39,1998-04-28,Exported,United States of America,SAAB-340B,340B-439,1998,"13155,0",,1998-04-24,1,Senast registrerad ägare,501519.0,SAAB AB,581 88 Linköping Sweden,1998-04-24
SE-B40,1998-06-03,Exported,Japan,SAAB-340B,340B-440,1998,"13155,0",,1998-05-07,1,Senast registrerad ägare,501519.0,SAAB AB,581 88 Linköping Sweden,1998-05-07
SE-B41,1998-06-02,Exported,United States of America,SAAB-340B,340B-441,1998,"13155,0",,1998-05-29,1,Senast registrerad ägare,501519.0,SAAB AB,581 88 Linköping Sweden,1998-05-29
SE-B42,1998-06-16,Exported,United States of America,SAAB-340B,340B-442,1998,"13155,0",,1998-06-09,1,Senast registrerad ägare,501519.0,SAAB AB,581 88 Linköping Sweden,1998-06-09
SE-B43,1998-06-24,Exported,United States of America,SAAB-340B,340B-443,1998,"13155,0",,1998-06-17,1,Senast registrerad ägare,501519.0,SAAB AB,581 88 Linköping Sweden,1998-06-17
SE-B44,1998-08-05,Exported,United States of America,SAAB-340B,340B-444,1998,"13155,0",,1998-07-28,1,Senast registrerad ägare,501519.0,SAAB AB,581 88 Linköping Sweden,1998-07-28
SE-B45,1998-08-18,Exported,United States of America,SAAB-340B,340B-445,1998,"13155,0",,1998-08-06,1,Senast registrerad ägare,501519.0,SAAB AB,581 88 Linköping Sweden,1998-08-06
SE-B46,1998-08-25,Exported,United States of America,SAAB-340B,340B-446,1998,"13155,0",,1998-08-18,1,Senast registrerad ägare,501519.0,SAAB AB,581 88 Linköping Sweden,1998-08-18
SE-B47,1998-09-15,Exported,United States of America,SAAB-340B,340B-447,1998,"13155,0",,1998-09-03,1,Senast registrerad ägare,501519.0,SAAB AB,581 88 Linköping Sweden,1998-09-03
SE-B48,1998-09-22,Exported,United States of America,SAAB-340B,340B-448,1998,"13155,0",,1998-09-01,1,Senast registrerad ägare,501519.0,SAAB AB,581 88 Linköping Sweden,1998-09-01
SE-B49,1998-09-30,Exported,United States of America,SAAB-340B,340B-449,1998,"13155,0",,1998-09-23,1,Senast registrerad ägare,501519.0,SAAB AB,581 88 Linköping Sweden,1998-09-23
SE-B50,1998-10-13,Exported,United States of America,SAAB-340B,340B-450,1998,"13155,0",,1998-10-07,1,Senast registrerad ägare,501519.0,SAAB AB,581 88 Linköping Sweden,1998-10-07
SE-B51,1998-10-27,Exported,United States of America,SAAB-340B,340B-451,1998,"13155,0",,1998-10-26,1,Senast registrerad ägare,501519.0,SAAB AB,581 88 Linköping Sweden,1998-10-26
SE-B52,1998-11-10,Exported,United States of America,SAAB-340B,340B-452,1998,"13155,0",,1998-11-04,1,Senast registrerad ägare,501519.0,SAAB AB,581 88 Linköping Sweden,1998-11-04
SE-B53,1998-11-19,Exported,United States of America,SAAB-340B,340B-453,1998,"13155,0",,1998-11-11,1,Senast registrerad ägare,501519.0,SAAB AB,581 88 Linköping Sweden,1998-11-11
SE-B54,1998-12-01,Exported,United States of America,SAAB-340B,340B-454,1998,"13155,0",,1998-11-24,1,Senast registrerad ägare,501519.0,SAAB AB,581 88 Linköping Sweden,1998-11-24
SE-B55,1999-05-19,Transfer to military registration,,SAAB-340B,340B-455,1999,"13155,0",,1999-04-14,1,Senast registrerad ägare,501519.0,SAAB AB,581 88 Linköping Sweden,1999-04-14
SE-B56,1998-12-16,Exported,United States of America,SAAB-340B,340B-456,1998,"13155,0",,1998-12-09,1,Senast registrerad ägare,501519.0,SAAB AB,581 88 Linköping Sweden,1998-12-09
SE-B57,1998-12-28,Exported,United States of America,SAAB-340B,340B-457,1998,"13155,0",,1998-12-28,1,Senast registrerad ägare,501519.0,SAAB AB,581 88 Linköping Sweden,1998-12-28
SE-B58,1999-08-30,Exported,Japan,SAAB-340B,340B-458,1999,"13155,0",,1999-04-27,1,Senast registrerad ägare,501519.0,SAAB AB,581 88 Linköping Sweden,1999-04-27
SE-B59,1999-09-10,Exported,Japan,SAAB-340B,340B-459,1999,"13155,0",,1999-05-05,1,Senast registrerad ägare,501519.0,SAAB AB,581 88 Linköping Sweden,1999-05-05
SE-BBS,1999-05-18,Exported,United Kingdom,DE HAVILLAND-DHC-1,C1-0205,1950,"955,0",1999-05-31,1982-06-24,1,,,,,
SE-BCC,,,,STINSON-108,543,1946,"1015,0",1967-09-30,1947-05-10,1,,,,,
SE-BCD,,,,GLOBE-GC-1B,1065,1946,"775,0",1989-08-31,1962-11-30,1,,,,,
SE-BCK,1985-08-20,Exported,Finland,STINSON-108-2,863,1946,"1010,0",1985-07-31,1947-04-29,1,,,,,
SE-BCL,,,,STINSON-108-1,2103-553,1947,"1010,0",2023-07-31,1988-11-16,1,,,,,
SE-BCM,,,,STINSON-108-1,2113-696,1947,"1010,0",2026-08-31,1994-06-23,1,,,,,
SE-BCS,,,,PIPER PA-12,12-1257-1283,1946,"795,0",2026-06-30,1947-09-16,1,,,,,
SE-BCW,,,,PIPER J3C-85,16354,1946,"590,0",1975-06-30,1948-12-20,1,Registrerad ägare,535500.0,ESM Aerosupport AB,Stora Gölhult 5 566 91 Habo Sweden,2018-09-19
SE-BCX,,,,PIPER J3C-65,12672,1944,"590,0",2027-05-31,1954-02-15,2,,,,,
SE-BCZ,,,,PIPER PA-18,18-370,1950,"680,0",2027-07-31,1951-01-10,2,,,,,
SE-BEA,,,,STINSON-108-3,108-4874,1949,"1090,0",2012-11-30,1983-07-20,1,,,,,
SE-BEB,2010-03-22,Owners request,,JODEL-D120,02,1950,"530,0",1993-05-31,1985-07-29,1,,,,,
SE-BEC,,,,PIPER L4J,12904-344,1944,"555,0",2027-05-31,1985-06-25,1,,,,,
SE-BED,,,,PIPER PA-14,14-497-1162,1949,"840,0",2026-09-30,2015-06-17,1,,,,,
SE-BEE,,,,ERCOUPE-415CD,2614-82,1947,"635,0",2015-04-30,1994-08-23,1,,,,,
SE-BEG,,,,PIPER-J3C,13214-522,1940,"555,0",2027-05-31,1987-09-28,1,,,,,
SE-BEH,,,,PIPER L4H,8644-476,1943,"555,0",2023-07-31,1987-12-22,1,,,,,
SE-BEI,,,,PIPER J3C-85,15500-1105,1946,"590,0",2027-05-31,1989-03-09,1,Registrerad ägare,502602.0,Varbergs Flygklubb,Getterövägen 2 432 93 VARBERG Sweden,2021-07-09
SE-BEK,2020-12-08,Exported,Germany,PIPER PA-12,12-558,1946,"795,0",2021-07-31,1988-08-30,1,Senast registrerad ägare,609556.0,Back2Basics Flight Training and Consulting AB,"Piruettvägen 9, LGH 1201 129 49 HÄGERSTEN Sweden",2018-11-29
SE-BEL,,,,PIPER J3C-65,11692-661,1943,"555,0",2025-05-31,1988-11-01,1,Registrerad ägare,502631.0,Göteborgs Veteranflygsällskap,Sweden,1998-06-22
SE-BEM,,,,STAMPE-SV4C,33-472,1945,"825,0",2027-06-13,1994-06-10,1,,,,,
SE-BEN,,,,PIPER J3C,44-7972-361,1944,"555,0",2021-05-31,1991-02-12,1,Registrerad ägare,502602.0,Varbergs Flygklubb,Getterövägen 2 432 93 VARBERG Sweden,1998-01-12
SE-BEO,,,,PIPER J3C-65,13707,1945,"555,0",2018-11-30,1990-11-20,1,,,,,
SE-BEP,,,,BEECH-35,D 718-1018,1947,"1155,0",2027-05-06,1989-06-16,1,,,,,
SE-BET,,,,PIPER J3C-65,17017-1088,1946,"555,0",2018-06-30,1995-04-10,1,,,,,
SE-BEV,,,,PIPER J3C-65,18658-650,1948,"555,0",2026-08-31,1994-06-16,1,,,,,
SE-BEW,2002-08-27,Exported,Australia,FOCKE-WULF 44J,2780,1940,"915,0",2002-09-30,1996-07-10,1,Senast registrerad ägare,502648.0,Föreningen Veteranflyg Norrköping,Sweden,1996-10-21
SE-BEX,,,,ERCO 415-D ERCOUPE,4577,1947,"635,0",2026-11-27,2022-11-28,1,,,,,
SE-BEY,,,,PIPER J3C-65,11578-1317,1943,"555,0",2011-06-30,2006-07-12,1,,,,,
SE-BFD,2023-08-23,Exported,Netherlands,PIPER J3C-65,12535-993,1944,"555,0",2024-06-30,1947-07-01,1,Senast registrerad ägare,504964.0,Westh Flyg AB,Sweden,2015-09-04
SE-BFH,,,,DE HAVILLAND-DH-60-TRAINER,1718,1931,"748,0",2026-08-31,2021-07-29,1,Registrerad ägare,504964.0,Westh Flyg AB,Sweden,2021-07-29
SE-BFK,,,,PIPER J3C-65,L-4 43-30530,1943,"530,0",2027-05-31,1949-05-17,1,,,,,
SE-BFM,,,,CESSNA-140,12503,1947,"660,0",2003-06-30,1969-05-27,1,Registrerad ägare,503928.0,Alstad Förvaltnings AB,Landsvägen 17  Alstad 231 95 TRELLEBORG Sweden,2002-03-01
SE-BFX,,,,ERCOUPE-415D,4413,1947,"635,0",2027-01-31,1947-08-28,1,,,,,
SE-BFY,,,,ERCOUPE-415D,4409,1947,"635,0",1976-07-31,1947-09-06,1,Registrerad ägare,720730.0,Svedinos Bil- och Flygmuseum AB,Sweden,2026-01-07
SE-BGA,2022-12-16,Exported,Germany,KLEMM-Kl35D,1983-1297,1940,"780,0",2023-04-30,2010-06-29,1,,,,,
SE-BIB,,,,PIPER PA-18-150,18-2062-1416,1952,"795,0",2026-08-31,2009-04-17,1,,,,,
SE-BIE,,,,REPUBLIC-RC3,936,1947,"1430,0",2026-05-26,2024-08-16,1,,,,,
SE-BIH,,,,AT-16 Harvard IIB,14-135,1942,"2400,0",,2025-05-15,1,,,,,
SE-BII,2016-02-01,Exported,United Kingdom,AT-16 Harvard IIB,14-245-705,1942,"2400,0",2016-06-30,2010-04-01,2,,,,,
SE-BIL,2022-01-25,Exported,Norway,NORTH AMERICAN F-51D,44-10753,1944,"4763,0",2022-07-31,2011-05-12,1,Senast registrerad ägare,500799.0,Biltema Nordic Services AB,"Garnisonsgatan 26, 2tr 254 66 Helsingborg Sweden",2011-05-12
SE-BIN,2012-11-08,Exported,United Kingdom,SPITFIRE FR MK XVIII,6S-672224,1945,"4131,0",2011-05-31,2009-05-25,1,Senast registrerad ägare,504429.0,Biltema Sweden AB,Kajpromenaden 21 252 67 HELSINGBORG Sweden,2009-05-25
SE-BIO,2001-03-13,Exported,Norway,DE HAVILLAND DHC-2 MK I,1056,1957,"2315,0",,1996-03-12,1,Senast registrerad ägare,504821.0,Kalhäll Reseservice AB,Sweden,1996-04-17
SE-BIR,2022-01-25,Exported,Norway,SPITFIRE MK.XVI,CBAF IX. 4644,1945,"4318,0",2021-11-30,2007-08-31,1,Senast registrerad ägare,500799.0,Biltema Nordic Services AB,"Garnisonsgatan 26, 2tr 254 66 Helsingborg Sweden",2010-12-02
SE-BIS,2010-07-21,Exported,Denmark,SAI-KZ III-U2,84-962,1946,"700,0",2011-06-30,2002-06-04,1,,,,,
SE-BIT,2023-05-24,Total write-off,,STINSON-108-1,108-1793-1314,1947,"1010,0",2015-06-30,2001-10-26,1,,,,,
SE-BIW,2004-02-27,Exported,Norway,MORANE SAULNIER-RALLYE110ST,3225,1979,"770,0",,1992-04-06,1,,,,,
SE-BKA,,,,AERONCA-7AC,7AC-6340-1023,1946,"555,0",2027-04-30,1992-12-01,1,,,,,
SE-BKB,,,,AERONCA-65-CA,CA 14141-1180,1941,"565,0",2027-05-31,1992-12-18,1,,,,,
SE-BKG,2002-04-26,Exported,United Kingdom,NORTH AMERICAN P-51D,44-63864,1944,"4765,0",,1987-04-24,1,Senast registrerad ägare,500802.0,Flygexpo Västerås AB,Flottiljgatan 50 721 31 Västerås Sweden,1987-04-24
SE-BKH,2017-03-31,Scrapped,,PEMBROKE-C1,K 66/045,1956,"5700,0",2014-04-30,1988-05-18,1,Senast registrerad ägare,500802.0,Flygexpo Västerås AB,Flottiljgatan 50 721 31 Västerås Sweden,1988-05-18
SE-BMA,,,,NIEUPORT-28,512,1918,"730,0",2027-04-06,2022-03-31,1,Registrerad ägare,504731.0,N.A.B. Nordiska Aviatik Bolaget AB,"Kvarnhem, Sebbarp 241 62 Löberöd Sweden",2022-03-31
SE-BMC,,,,PIPER J3C-65,12847-1022,1944,"555,0",2027-04-30,2004-09-16,1,,,,,
SE-BMD,,,,PIPER L4J,13133,1944,"555,0",2027-04-30,2015-12-17,1,,,,,
SE-BMH,,,,MAX HOLSTE MH1521,78,1958,"2700,0",2019-06-27,2004-05-28,1,Registrerad ägare,611907.0,Andel Smichov A.S.,Musiklova 172/58 CZ-15000 Prag Czech Republic,2019-02-13
SE-BMN,,,,BÜCKER-181 B1 BESTMANN,25084-93,1945,"850,0",2026-09-30,2010-09-29,1,Registrerad ägare,504964.0,Westh Flyg AB,Sweden,2010-09-29
SE-BNA,1982-08-31,Non-airworthy,,ERCOUPE-415D,4735,1937,"635,0",1969-06-30,1958-10-08,1,,,,,
SE-BNI,,,,PIPER L4J,12608-797,1944,"555,0",2027-05-31,1989-02-08,1,,,,,
SE-BNK,,,,BÜCKER-BU 181 BESTMANN,LFS NR 1-1949,1944,"765,0",1970-09-30,1949-09-26,1,Registrerad ägare,504964.0,Westh Flyg AB,Sweden,2018-01-30
SE-BNL,2003-11-27,Exported,Norway,SAAB-91A,91.128,1947,"1075,0",2003-04-30,1957-07-17,2,,,,,
SE-BNN,,,,SAAB-91A,91130-1365,1947,"1075,0",2025-01-31,1989-05-17,1,,,,,
SE-BOA,,,,BOEING-E75,75-1410,1941,"1455,0",2009-09-30,1990-11-20,1,Registrerad ägare,533124.0,No1 Flightengineering AB,Bleckåsen 385 835 93 ALSEN Sweden,2022-03-11
SE-BOE,,,,BOEING-A75N1,41-294,1941,"1450,0",2013-06-30,1989-08-09,1,Registrerad ägare,504731.0,N.A.B. Nordiska Aviatik Bolaget AB,"Kvarnhem, Sebbarp 241 62 Löberöd Sweden",1995-10-10
SE-BOF,2003-08-26,Exported,Spain,BOEING-A75N1,75-862,1941,"1450,0",2002-07-31,1990-05-11,1,Senast registrerad ägare,503993.0,Crew Assist i Karlstad AB,Frymans väg 24 653 46 KARLSTAD Sweden,1997-11-07
SE-BOG,2020-01-08,Exported,United Kingdom,BOEING-B75N1,75-7128,1942,"1455,0",2019-06-30,1988-04-28,1,,,,,
SE-BOK,,,,SAAB-91B,91-299,1954,"1165,0",2027-06-30,2025-03-25,1,,,,,
SE-BON,1999-10-08,Exported,United Kingdom,DE HAVILLAND-DHC-1,WB569,1950,"955,0",1998-04-30,1997-04-21,1,Senast registrerad ägare,503993.0,Crew Assist i Karlstad AB,Frymans väg 24 653 46 KARLSTAD Sweden,1997-04-21
SE-BOP,,,,BEECH-A35,D-1503,1948,"1200,0",2027-07-31,2014-10-03,1,,,,,
SE-BOZ,2021-11-26,Exported,Austria,BOEING-A75,75-294-1169,1941,"1338,0",2022-05-31,2009-05-19,1,,,,,
SE-BPT,,,,KLEMM-Kl35D,1922-627,1940,"780,0",2027-06-30,1996-06-13,1,,,,,
SE-BPU,,,,KLEMM-Kl35D,2009-79,1941,"780,0",2026-08-31,2005-08-30,1,,,,,
SE-BRY,,,,BEECH-D17S,43-10872(43-4920),1943,"1928,0",1996-07-31,1990-06-01,1,,,,,
SE-BSM,1990-05-17,Exported,Germany,MCDONNELL DOUGLAS-DC3A,7353,1943,"12200,0",1989-07-31,1954-07-08,1,,,,,
SE-BSZ,2012-02-28,Exported,Germany,FOCKE-WULF 44J,2778-1439,1940,"875,0",2010-11-30,1988-06-03,1,,,,,
SE-BUU,,,,LOCKHEED-18-56,2076,1940,"8900,0",1963-03-31,1952-12-03,1,Registrerad ägare,503775.0,Load Air AB,Ulvsundavägen 151 168 67 BROMMA Sweden,1962-06-12
SE-BVP,,,,BÖLKOW BO-208C JUNIOR,588,1965,"630,0",2027-06-15,2021-02-10,2,,,,,
SE-BWM,,,,FOCKE-WULF 44J,655,1939,"900,0",2026-09-30,1984-09-26,2,,,,,
SE-BWU,,,,FOCKE-WULF 44J,657,1939,"875,0",2026-08-31,1996-08-06,1,Registrerad ägare,504964.0,Westh Flyg AB,Sweden,2003-08-12
SE-BXB,,,,REPUBLIC-RC3,953,1947,"1475,0",2026-06-30,1950-08-15,1,Registrerad ägare,527566.0,Åviken Fly Camp High Coast AB,Åsbergsvägen 12 891 30 ÖRNSKÖLDSVIK Sweden,2013-09-27
SE-BXC,2006-10-18,Non-airworthy,,REPUBLIC-RC3,203,1946,"1430,0",1990-08-31,1967-06-05,1,Senast registrerad ägare,500029.0,Fiskflyg AB,Strömgatan 43 982 60 Porjus Sweden,1967-06-05
SE-BXI,,,,FOCKE-WULF 44J,652,1939,"915,0",2027-07-31,2024-05-31,1,Registrerad ägare,607071.0,Bjair AB,Ranarpsvägen 292 269 71 Förslöv Sweden,2024-05-31
SE-BXX,,,,BA-6,1,1954,"440,0",2026-05-31,1972-03-30,1,,,,,
SE-BYH,,,,SAAB B17,17239,1943,"3600,0",2027-03-18,1997-06-17,1,Registrerad ägare,500817.0,Swedish Air Force Historic Flight,Sweden,2024-07-05
SE-BYL,,,,DE HAVILLAND-DH-82A,73-401-FV553,1937,"830,0",2027-07-31,1992-09-28,1,,,,,
SE-BYR,,,,PIPER PA-18A-150,18-2928-751,1953,"795,0",2027-04-30,1954-02-19,1,,,,,
SE-BYT,,,,AUSTER-J5G,3083,1954,"1110,0",1965-03-31,1954-06-17,1,Registrerad ägare,503797.0,Stockholms Aero AB,Box 20227 16120 BROMMA Sweden,1954-06-17
SE-BYU,2014-06-13,Exported,United Kingdom,AUSTER-VJ1,J 1-1886-117,1946,"840,0",2014-05-31,1981-10-29,1,,,,,
SE-BZM,2006-10-18,Non-airworthy,,DE HAVILLAND-DH85,DH 85 7061,1934,"1010,0",1984-08-31,1954-06-02,1,,,,,
SE-BZP,2013-06-11,Exported,France,STINSON-V77,FB 536,1942,"1815,0",2006-03-31,1954-05-21,1,,,,,
SE-BZT,2021-11-11,Exported,Norway,PIPER PA-20/150,20-1078,1954,"885,0",2022-06-30,1976-08-03,1,,,,,
SE-C01,1992-06-23,Exported,United States of America,SAAB-340B,340B-301,1992,"12930,0",,1992-04-30,1,Senast registrerad ägare,501519.0,SAAB AB,581 88 Linköping Sweden,1992-04-30
SE-C02,1992-06-17,Exported,China,SAAB-340B,340B-302,1992,"12930,0",,1992-05-11,1,Senast registrerad ägare,503813.0,Saab Aircraft AB,581 88 LINKÖPING Sweden,1992-05-11
SE-C03,1992-06-22,Exported,United States of America,SAAB-340B,340B-303,1992,"12930,0",,1992-05-15,1,Senast registrerad ägare,503813.0,Saab Aircraft AB,581 88 LINKÖPING Sweden,1992-05-15
SE-C04,1992-06-23,Exported,United States of America,SAAB-340B,340B-304,1992,"12930,0",,1992-05-21,1,Senast registrerad ägare,503813.0,Saab Aircraft AB,581 88 LINKÖPING Sweden,1992-05-21
SE-C05,1992-06-23,Exported,United States of America,SAAB-340B,340B-305,1992,"12930,0",,1992-05-27,1,Senast registrerad ägare,503813.0,Saab Aircraft AB,581 88 LINKÖPING Sweden,1992-05-27
SE-C06,1992-08-25,Exported,United States of America,SAAB-340B,340B-306,1992,"12930,0",,1992-06-05,1,Senast registrerad ägare,503813.0,Saab Aircraft AB,581 88 LINKÖPING Sweden,1992-06-05
SE-C07,1992-08-25,Exported,United States of America,SAAB-340B,340B-307,1992,"12930,0",,1992-06-12,1,Senast registrerad ägare,503813.0,Saab Aircraft AB,581 88 LINKÖPING Sweden,1992-06-12
SE-C08,1992-08-24,Exported,Japan,SAAB-340B,340B-308,1992,"12930,0",,1992-06-23,1,Senast registrerad ägare,503813.0,Saab Aircraft AB,581 88 LINKÖPING Sweden,1992-06-23
SE-C09,1992-08-25,Exported,United States of America,SAAB-340B,340B-309,1992,"12930,0",,1992-07-01,1,Senast registrerad ägare,503813.0,Saab Aircraft AB,581 88 LINKÖPING Sweden,1992-07-01
SE-C10,1992-09-02,Exported,France,SAAB-340B,340B-310,1992,"12930,0",,1992-08-06,1,Senast registrerad ägare,503813.0,Saab Aircraft AB,581 88 LINKÖPING Sweden,1992-08-06
SE-C11,1992-08-17,Change of registration mark,,SAAB-340B,340B-311,1992,"12930,0",,1992-07-02,1,Senast registrerad ägare,503813.0,Saab Aircraft AB,581 88 LINKÖPING Sweden,1992-07-02
SE-C12,1992-09-22,Exported,United States of America,SAAB-340B,340B-312,1992,"12930,0",,1992-08-17,1,Senast registrerad ägare,503813.0,Saab Aircraft AB,581 88 LINKÖPING Sweden,1992-08-17
SE-C13,1992-09-22,Exported,United States of America,SAAB-340B,340B-313,1992,"12930,0",,1992-08-24,1,Senast registrerad ägare,503813.0,Saab Aircraft AB,581 88 LINKÖPING Sweden,1992-08-24
SE-C14,1992-09-22,Exported,United States of America,SAAB-340B,340B-314,1992,"12930,0",,1992-08-27,1,Senast registrerad ägare,503813.0,Saab Aircraft AB,581 88 LINKÖPING Sweden,1992-08-27
SE-C15,1992-10-05,Change of registration mark,,SAAB-340B,340B-315,1992,"12930,0",,1992-09-03,1,Senast registrerad ägare,503813.0,Saab Aircraft AB,581 88 LINKÖPING Sweden,1992-09-03
SE-C16,1993-02-17,Exported,Australia,SAAB-340B,340B-316,1992,"12930,0",,1992-09-10,1,Senast registrerad ägare,503813.0,Saab Aircraft AB,581 88 LINKÖPING Sweden,1992-09-10
SE-C17,1992-10-20,Exported,United States of America,SAAB-340B,340B-317,1992,"12930,0",,1992-09-18,1,Senast registrerad ägare,503813.0,Saab Aircraft AB,581 88 LINKÖPING Sweden,1992-09-18
SE-C18,1992-10-16,Change of registration mark,,SAAB-340B,340B-318,1992,"12930,0",,1992-09-23,1,Senast registrerad ägare,503813.0,Saab Aircraft AB,581 88 LINKÖPING Sweden,1992-09-23
SE-C19,1992-10-21,Exported,United States of America,SAAB-340B,340B-319,1992,"12930,0",,1992-09-30,1,Senast registrerad ägare,503813.0,Saab Aircraft AB,581 88 LINKÖPING Sweden,1992-09-30
SE-C20,1992-11-18,Exported,United States of America,SAAB-340B,340B-320,1992,"12930,0",,1992-10-06,1,Senast registrerad ägare,503813.0,Saab Aircraft AB,581 88 LINKÖPING Sweden,1992-10-06
SE-C21,1992-11-10,Exported,United States of America,SAAB-340B,340B-321,1992,"12930,0",,1992-10-13,1,Senast registrerad ägare,503813.0,Saab Aircraft AB,581 88 LINKÖPING Sweden,1992-10-13
SE-C22,1992-11-18,Change of registration mark,,SAAB-340B,340B-322,1992,"12930,0",,1992-10-23,1,Senast registrerad ägare,503813.0,Saab Aircraft AB,581 88 LINKÖPING Sweden,1992-10-23
SE-C23,1992-11-23,Exported,United States of America,SAAB-340B,340B-323,1992,"12930,0",,1992-10-29,1,Senast registrerad ägare,503813.0,Saab Aircraft AB,581 88 LINKÖPING Sweden,1992-10-29
SE-C24,1992-12-16,Exported,United States of America,SAAB-340B,340B-324,1992,"12930,0",,1992-11-04,1,Senast registrerad ägare,503813.0,Saab Aircraft AB,581 88 LINKÖPING Sweden,1992-11-04
SE-C25,1992-12-28,Owners request,,SAAB-340B,340B-325,1992,"12930,0",,1992-11-12,1,Senast registrerad ägare,503813.0,Saab Aircraft AB,581 88 LINKÖPING Sweden,1992-11-12
SE-C26,1992-12-16,Exported,United States of America,SAAB-340B,340B-326,1992,"12930,0",,1992-11-19,1,Senast registrerad ägare,503813.0,Saab Aircraft AB,581 88 LINKÖPING Sweden,1992-11-19
SE-C27,2002-12-16,Exported,United Kingdom,SAAB-340B,340B-327,1992,"13155,0",,2002-11-27,1,Senast registrerad ägare,504897.0,Swedish Aircraft Holdings AB,Hus 209-4 581 88 LINKÖPING Sweden,2002-11-27
SE-C28,1992-12-29,Exported,France,SAAB-340B,340B-328,1992,"12930,0",,1992-12-02,1,Senast registrerad ägare,503813.0,Saab Aircraft AB,581 88 LINKÖPING Sweden,1992-12-02
SE-C29,1993-01-19,Exported,United States of America,SAAB-340B,340B-329,1992,"12930,0",,1992-12-11,1,Senast registrerad ägare,503813.0,Saab Aircraft AB,581 88 LINKÖPING Sweden,1992-12-11
SE-C30,1993-01-19,Exported,United States of America,SAAB-340B,340B-330,1992,"12930,0",,1992-12-17,1,Senast registrerad ägare,503813.0,Saab Aircraft AB,581 88 LINKÖPING Sweden,1992-12-17
SE-C31,1993-02-08,Exported,Japan,SAAB-340B,340B-331,1992,"12930,0",,1992-12-29,1,Senast registrerad ägare,503813.0,Saab Aircraft AB,581 88 LINKÖPING Sweden,1992-12-29
SE-C32,1993-02-18,Exported,United States of America,SAAB-340B,340B-332,1993,"12930,0",,1993-01-25,1,Senast registrerad ägare,503813.0,Saab Aircraft AB,581 88 LINKÖPING Sweden,1993-01-25
SE-C33,2004-05-28,Exported,United Kingdom,SAAB-340B,340B-333,1993,"13155,0",,2004-05-26,1,Senast registrerad ägare,504897.0,Swedish Aircraft Holdings AB,Hus 209-4 581 88 LINKÖPING Sweden,2004-05-26
SE-C34,1993-04-05,Exported,United States of America,SAAB-340B,340B-334,1993,"12930,0",,1993-03-08,1,Senast registrerad ägare,503813.0,Saab Aircraft AB,581 88 LINKÖPING Sweden,1993-03-08
SE-C35,1993-04-20,Exported,United States of America,SAAB-340B,340B-335,1993,"12930,0",,1993-03-16,1,Senast registrerad ägare,503813.0,Saab Aircraft AB,581 88 LINKÖPING Sweden,1993-03-16
SE-C36,1993-05-09,Exported,"Taiwan, Province of China",SAAB-340B,340B-336,1993,"12930,0",,1993-03-25,1,Senast registrerad ägare,503813.0,Saab Aircraft AB,581 88 LINKÖPING Sweden,1993-03-25
SE-C37,1993-05-12,Exported,"Taiwan, Province of China",SAAB-340B,340B-337,1993,"12930,0",,1993-04-07,1,Senast registrerad ägare,503813.0,Saab Aircraft AB,581 88 LINKÖPING Sweden,1993-04-07
SE-C38,1993-05-13,Exported,United States of America,SAAB-340B,340B-338,1993,"13155,0",,1993-04-21,1,Senast registrerad ägare,503813.0,Saab Aircraft AB,581 88 LINKÖPING Sweden,1993-04-21
SE-C39,1993-05-25,Exported,United States of America,SAAB-340B,340B-339,1993,"13155,0",,1993-04-29,1,Senast registrerad ägare,503813.0,Saab Aircraft AB,581 88 LINKÖPING Sweden,1993-04-29
SE-C40,1993-06-07,Exported,United States of America,SAAB-340B,340B-340,1993,"13155,0",,1993-05-13,1,Senast registrerad ägare,503813.0,Saab Aircraft AB,581 88 LINKÖPING Sweden,1993-05-13
SE-C41,1993-06-17,Exported,United States of America,SAAB-340B,340B-341,1993,"13155,0",,1993-05-26,1,Senast registrerad ägare,503813.0,Saab Aircraft AB,581 88 LINKÖPING Sweden,1993-05-26
SE-C42,1995-03-29,Transfer to military registration,,SAAB-340B,340B-342,1994,"13155,0",,1994-01-17,1,Senast registrerad ägare,503813.0,Saab Aircraft AB,581 88 LINKÖPING Sweden,1994-01-17
SE-C43,1993-08-10,Exported,United States of America,SAAB-340B,340B-343,1993,"13155,0",,1993-06-17,1,Senast registrerad ägare,503813.0,Saab Aircraft AB,581 88 LINKÖPING Sweden,1993-06-17
SE-C44,1993-08-18,Exported,United States of America,SAAB-340B,340B-344,1993,"13155,0",,1993-06-30,1,Senast registrerad ägare,503813.0,Saab Aircraft AB,581 88 LINKÖPING Sweden,1993-06-30
SE-C45,1993-09-07,Exported,United States of America,SAAB-340B,340B-345,1993,"13155,0",,1993-08-16,1,Senast registrerad ägare,503813.0,Saab Aircraft AB,581 88 LINKÖPING Sweden,1993-08-16
SE-C46,1993-09-20,Exported,United States of America,SAAB-340B,340B-346,1993,"13155,0",,1993-08-27,1,Senast registrerad ägare,503813.0,Saab Aircraft AB,581 88 LINKÖPING Sweden,1993-08-27
SE-C47,1993-10-07,Exported,United States of America,SAAB-340B,340B-347,1993,"13155,0",,1993-09-09,1,Senast registrerad ägare,503813.0,Saab Aircraft AB,581 88 LINKÖPING Sweden,1993-09-09
SE-C48,1993-10-13,Exported,United States of America,SAAB-340B,340B-348,1993,"13155,0",,1993-09-21,1,Senast registrerad ägare,503813.0,Saab Aircraft AB,581 88 LINKÖPING Sweden,1993-09-21
SE-C49,1993-11-03,Exported,United States of America,SAAB-340B,340B-349,1993,"13155,0",,1993-09-30,1,Senast registrerad ägare,503813.0,Saab Aircraft AB,581 88 LINKÖPING Sweden,1993-09-30
SE-C50,1993-11-03,Exported,United States of America,SAAB-340B,340B-350,1993,"13155,0",,1993-10-08,1,Senast registrerad ägare,503813.0,Saab Aircraft AB,581 88 LINKÖPING Sweden,1993-10-08
SE-C51,1993-11-14,Exported,"Taiwan, Province of China",SAAB-340B,340B-351,1993,"13155,0",,1993-10-18,1,Senast registrerad ägare,503813.0,Saab Aircraft AB,581 88 LINKÖPING Sweden,1993-10-18
SE-C52,1993-12-01,Exported,United States of America,SAAB-340B,340B-352,1993,"13155,0",,1993-10-28,1,Senast registrerad ägare,503813.0,Saab Aircraft AB,581 88 LINKÖPING Sweden,1993-10-28
SE-C53,1993-12-08,Exported,United States of America,SAAB-340B,340B-353,1993,"13155,0",,1993-11-10,1,Senast registrerad ägare,503813.0,Saab Aircraft AB,581 88 LINKÖPING Sweden,1993-11-10
SE-C54,1993-12-08,Exported,United States of America,SAAB-340B,340B-354,1993,"13155,0",,1993-11-19,1,Senast registrerad ägare,503813.0,Saab Aircraft AB,581 88 LINKÖPING Sweden,1993-11-19
SE-C55,1994-01-18,Exported,Japan,SAAB-340B,340B-355,1993,"13155,0",,1993-12-02,1,Senast registrerad ägare,503813.0,Saab Aircraft AB,581 88 LINKÖPING Sweden,1993-12-02
SE-C56,1994-01-13,Exported,United States of America,SAAB-340B,340B-356,1993,"13155,0",,1993-12-14,1,Senast registrerad ägare,503813.0,Saab Aircraft AB,581 88 LINKÖPING Sweden,1993-12-14
SE-C57,2004-11-01,Exported,Australia,SAAB-340B,340B-357,1993,"13155,0",,2004-10-22,1,Senast registrerad ägare,504937.0,Mandarin Airlines Sweden AB,Sweden,2004-10-22
SE-C58,1994-02-09,Exported,United States of America,SAAB-340B,340B-358,1994,"13155,0",,1994-01-18,1,Senast registrerad ägare,503813.0,Saab Aircraft AB,581 88 LINKÖPING Sweden,1994-01-18
SE-C59,1994-04-06,Exported,United States of America,SAAB-340B,340B-359,1994,"13155,0",,1994-01-27,1,Senast registrerad ägare,503813.0,Saab Aircraft AB,581 88 LINKÖPING Sweden,1994-01-27
SE-C60,2004-12-08,Exported,Australia,SAAB-340B,340B-360,1994,"13155,0",,2004-11-25,1,Senast registrerad ägare,504937.0,Mandarin Airlines Sweden AB,Sweden,2004-11-25
SE-C61,1995-01-09,Exported,Japan,SAAB-340B,340B-361,1994,"13155,0",,1994-05-17,1,Senast registrerad ägare,503813.0,Saab Aircraft AB,581 88 LINKÖPING Sweden,1994-05-17
SE-C62,2007-02-16,Exported,Japan,SAAB-340B,340B-362,1994,"13155,0",,2006-02-24,1,Senast registrerad ägare,504897.0,Swedish Aircraft Holdings AB,Hus 209-4 581 88 LINKÖPING Sweden,2006-02-24
SE-C63,1994-09-29,Exported,France,SAAB-340B,340B-363,1994,"13155,0",,1994-09-08,1,Senast registrerad ägare,503813.0,Saab Aircraft AB,581 88 LINKÖPING Sweden,1994-09-08
SE-C64,1995-01-02,Exported,"Taiwan, Province of China",SAAB-340B,340B-364,1994,"13155,0",,1994-09-28,1,Senast registrerad ägare,503813.0,Saab Aircraft AB,581 88 LINKÖPING Sweden,1994-09-28
SE-C65,1994-12-15,Exported,Japan,SAAB-340B,340B-365,1994,"13155,0",,1994-11-16,1,Senast registrerad ägare,503813.0,Saab Aircraft AB,581 88 LINKÖPING Sweden,1994-11-16
SE-C66,1994-12-20,Exported,Canada,SAAB-340B,340B-366,1994,"13155,0",,1994-11-23,1,Senast registrerad ägare,503813.0,Saab Aircraft AB,581 88 LINKÖPING Sweden,1994-11-23
SE-C67,2004-04-07,Owners request,,SAAB-340B,340B-367,1995,"13155,0",,2004-03-23,1,Senast registrerad ägare,504897.0,Swedish Aircraft Holdings AB,Hus 209-4 581 88 LINKÖPING Sweden,2004-03-23
SE-C68,1995-06-26,Exported,Japan,SAAB-340B,340B-368,1995,"13155,0",,1995-05-18,1,Senast registrerad ägare,503813.0,Saab Aircraft AB,581 88 LINKÖPING Sweden,1995-05-18
SE-C69,1995-06-29,Exported,Australia,SAAB-340B,340B-369,1995,"13155,0",,1995-06-07,1,Senast registrerad ägare,503813.0,Saab Aircraft AB,581 88 LINKÖPING Sweden,1995-06-07
SE-C70,1995-09-15,Exported,United States of America,SAAB-340B,340B-370,1995,"13155,0",,1995-06-30,1,Senast registrerad ägare,503813.0,Saab Aircraft AB,581 88 LINKÖPING Sweden,1995-06-30
SE-C71,1995-09-06,Exported,United States of America,SAAB-340B,340B-371,1995,"13155,0",,1995-08-11,1,Senast registrerad ägare,503813.0,Saab Aircraft AB,581 88 LINKÖPING Sweden,1995-08-11
SE-C72,2004-03-19,Owners request,,SAAB-340B,340B-372,1995,"13155,0",,2004-03-09,1,Senast registrerad ägare,504897.0,Swedish Aircraft Holdings AB,Hus 209-4 581 88 LINKÖPING Sweden,2004-03-09
SE-C73,1995-11-28,Exported,United States of America,SAAB-340B,340B-373,1995,"13155,0",,1995-09-19,1,Senast registrerad ägare,503813.0,Saab Aircraft AB,581 88 LINKÖPING Sweden,1995-09-19
SE-C74,1995-10-25,Exported,United States of America,SAAB-340B,340B-374,1995,"13155,0",,1995-10-05,1,Senast registrerad ägare,503813.0,Saab Aircraft AB,581 88 LINKÖPING Sweden,1995-10-05
SE-C75,1995-11-13,Exported,United States of America,SAAB-340B,340B-375,1995,"13155,0",,1995-10-18,1,Senast registrerad ägare,503813.0,Saab Aircraft AB,581 88 LINKÖPING Sweden,1995-10-18
SE-C76,1995-12-05,Exported,United States of America,SAAB-340B,340B-376,1995,"13155,0",,1995-10-30,1,Senast registrerad ägare,503813.0,Saab Aircraft AB,581 88 LINKÖPING Sweden,1995-10-30
SE-C77,1995-11-10,Exported,Canada,SAAB-340B,340B-377,1995,"13155,0",,1995-10-26,1,Senast registrerad ägare,503813.0,Saab Aircraft AB,581 88 LINKÖPING Sweden,1995-10-26
SE-C78,1996-01-08,Exported,Japan,SAAB-340B,340B-378,1995,"13155,0",,1995-11-14,1,Senast registrerad ägare,503813.0,Saab Aircraft AB,581 88 LINKÖPING Sweden,1995-11-14
SE-C79,1996-06-05,Owners request,,SAAB-340B,340B-379,1996,"13155,0",,1996-04-23,1,Senast registrerad ägare,503813.0,Saab Aircraft AB,581 88 LINKÖPING Sweden,1996-04-23
SE-C80,1995-12-20,Exported,United States of America,SAAB-340B,340B-380,1995,"13155,0",,1995-12-04,1,Senast registrerad ägare,503813.0,Saab Aircraft AB,581 88 LINKÖPING Sweden,1995-12-04
SE-C81,1996-01-17,Exported,United States of America,SAAB-340B,340B-381,1995,"13155,0",,1995-12-08,1,Senast registrerad ägare,503813.0,Saab Aircraft AB,581 88 LINKÖPING Sweden,1995-12-08
SE-C82,1996-02-13,Exported,United States of America,SAAB-340B,340B-382,1996,"13155,0",,1996-01-05,1,Senast registrerad ägare,503813.0,Saab Aircraft AB,581 88 LINKÖPING Sweden,1996-01-05
SE-C83,1996-02-07,Exported,United States of America,SAAB-340B,340B-383,1995,"13155,0",,1996-01-18,1,Senast registrerad ägare,503813.0,Saab Aircraft AB,581 88 LINKÖPING Sweden,1996-01-18
SE-C84,1996-02-27,Exported,United States of America,SAAB-340B,340B-384,1996,"13155,0",,1996-02-02,1,Senast registrerad ägare,503813.0,Saab Aircraft AB,581 88 LINKÖPING Sweden,1996-02-02
SE-C85,1997-04-01,Exported,Japan,SAAB-340B,340B-385,1996,"13155,0",,1996-09-02,1,Senast registrerad ägare,503813.0,Saab Aircraft AB,581 88 LINKÖPING Sweden,1996-09-02
SE-C86,1996-03-01,Exported,United States of America,SAAB-340B,340B-386,1996,"13155,0",,1996-02-14,1,Senast registrerad ägare,503813.0,Saab Aircraft AB,581 88 LINKÖPING Sweden,1996-02-14
SE-C87,1996-03-19,Exported,United States of America,SAAB-340B,340B-387,1996,"13155,0",,1996-03-05,1,Senast registrerad ägare,503813.0,Saab Aircraft AB,581 88 LINKÖPING Sweden,1996-03-05
SE-C88,1996-03-26,Exported,United States of America,SAAB-340B,340B-388,1996,"13155,0",,1996-03-07,1,Senast registrerad ägare,503813.0,Saab Aircraft AB,581 88 LINKÖPING Sweden,1996-03-07
SE-C89,1996-04-02,Exported,United States of America,SAAB-340B,340B-389,1996,"13155,0",,1996-03-19,1,Senast registrerad ägare,503813.0,Saab Aircraft AB,581 88 LINKÖPING Sweden,1996-03-19
SE-C90,1996-04-17,Exported,United States of America,SAAB-340B,340B-390,1996,"13155,0",,1996-04-01,1,Senast registrerad ägare,503813.0,Saab Aircraft AB,581 88 LINKÖPING Sweden,1996-04-01
SE-C91,1996-04-30,Exported,United States of America,SAAB-340B,340B-391,1996,"13155,0",,1996-04-16,1,Senast registrerad ägare,503813.0,Saab Aircraft AB,581 88 LINKÖPING Sweden,1996-04-16
SE-C92,1996-05-13,Exported,United States of America,SAAB-340B,340B-392,1996,"13155,0",,1996-04-26,1,Senast registrerad ägare,503813.0,Saab Aircraft AB,581 88 LINKÖPING Sweden,1996-04-26
SE-C93,1996-05-21,Exported,United States of America,SAAB-340B,340B-393,1996,"13155,0",,1996-05-07,1,Senast registrerad ägare,503813.0,Saab Aircraft AB,581 88 LINKÖPING Sweden,1996-05-07
SE-C94,1996-05-28,Exported,United States of America,SAAB-340B,340B-394,1996,"13155,0",,1996-05-14,1,Senast registrerad ägare,503813.0,Saab Aircraft AB,581 88 LINKÖPING Sweden,1996-05-14
SE-C95,1997-01-30,Owners request,,SAAB-340B,340B-395,1996,"13155,0",,1996-12-12,1,Senast registrerad ägare,503813.0,Saab Aircraft AB,581 88 LINKÖPING Sweden,1996-12-12
SE-C96,1996-06-17,Exported,United States of America,SAAB-340B,340B-396,1996,"13155,0",,1996-05-24,1,Senast registrerad ägare,503813.0,Saab Aircraft AB,581 88 LINKÖPING Sweden,1996-05-24
SE-C97,1996-06-26,Exported,United States of America,SAAB-340B,340B-397,1996,"13155,0",,1996-06-10,1,Senast registrerad ägare,503813.0,Saab Aircraft AB,581 88 LINKÖPING Sweden,1996-06-10
SE-C98,1996-07-02,Exported,United States of America,SAAB-340B,340B-398,1996,"13155,0",,1996-06-19,1,Senast registrerad ägare,503813.0,Saab Aircraft AB,581 88 LINKÖPING Sweden,1996-06-19
SE-C99,1996-06-26,Exported,Japan,SAAB-340B,340B-399,1996,"13155,0",,1996-06-03,1,Senast registrerad ägare,503813.0,Saab Aircraft AB,581 88 LINKÖPING Sweden,1996-06-03
SE-CAB,,,,SAAB-91B2,91-334-1271,1957,"1215,0",2026-09-30,1982-05-28,1,Registrerad ägare,627838.0,Yellow CAB,Sweden,2020-06-29
SE-CAE,,,,SAAB-91B,91.306,1954,"1165,0",1979-03-31,1955-05-04,1,,,,,
SE-CAL,,,,PIPER J3C-65,9994,0,"555,0",1970-12-31,1955-04-13,1,,,,,
SE-CAN,,,,PIPER J3C-65,12475,1944,"555,0",2027-03-31,1955-05-13,1,,,,,
SE-CBL,,,,PIPER PA-23,23-549,1956,"1590,0",2026-04-30,1956-08-02,1,,,,,
SE-CBN,,,,PIPER PA-18-150,18-4846,1956,"795,0",2027-05-31,1956-05-05,2,Registrerad delägare,503592.0,Frivilliga Flygkåren,Hässlögatan 20 721 31 VÄSTERÅS Sweden,2010-07-30
SE-CBS,,,,AUSTER-J5G,3082,1954,"1110,0",,1956-05-15,1,Registrerad ägare,503797.0,Stockholms Aero AB,Box 20227 16120 BROMMA Sweden,1961-02-08
SE-CDA,,,,PIPER PA-22-135,22-1556,1950,"885,0",2027-07-31,1956-03-23,1,,,,,
SE-CDG,,,,CESSNA-170B,26988,1955,"1000,0",1988-09-30,1956-06-30,1,,,,,
SE-CDO,1985-05-06,Exported,Finland,PIPER PA-22-150,22-4250,1956,"910,0",1976-06-30,1956-09-20,1,Senast registrerad ägare,502530.0,Malungs Flygklubb,Sweden,1981-09-15
SE-CDW,2010-03-10,Owners request,,BEECH-A35,D1866-470,1948,"1200,0",2002-09-30,1956-11-06,2,,,,,
SE-CDY,1986-05-16,Exported,Denmark,CESSNA-182A,34083,1957,"1200,0",,1957-03-26,1,Senast registrerad ägare,502864.0,Fallskärmsklubben Cirrus,Sweden,1984-07-30
SE-CEB,,,,PIPER PA-18A-150,18-5533-1179,1957,"795,0",2026-09-30,1957-05-16,1,,,,,
SE-CEC,1992-07-03,Exported,Iceland,PIPER PA-18-150,18-5621,1957,"795,0",1993-03-31,1965-05-21,1,,,,,
SE-CEE,2005-05-23,Exported,United Kingdom,PIPER PA-18-150,18-5700,1957,"795,0",2005-11-30,1957-06-27,1,,,,,
SE-CEF,,,,PIPER J3C-65,19580-1395,1946,"590,0",2023-07-31,1960-01-13,3,,,,,
SE-CEH,,,,PIPER PA-18-150,18-5821,1957,"795,0",2027-03-31,1957-08-03,1,Registrerad ägare,729454.0,MansAir GmbH,Switzerland,2025-04-11
SE-CEM,1987-11-02,Total write-off,,PIPER PA-22-150,22-5935,1958,"910,0",1982-02-28,1958-05-21,1,Senast registrerad ägare,502544.0,Flygklubben Nordvingen,Box 146 982 21 GÄLLIVARE Sweden,1975-06-09
SE-CER,,,,PIPER PA-22-135,22-1089,1953,"885,0",2012-06-30,1965-07-16,1,,,,,
SE-CES,,,,PIPER PA-22-135,22-1163,1953,"885,0",,1957-05-31,1,Registrerad ägare,503818.0,Nissjers Flyg AB,Upplandsgatan 45 11328 STOCKHOLM Sweden,1962-12-18
SE-CET,,,,PIPER L4H,11304-1167,1943,"555,0",2027-07-09,1957-09-10,1,,,,,
SE-CEZ,2014-11-12,Total write-off,,PIPER PA-18A-150,18-4748,1956,"940,0",1969-09-30,1958-06-25,4,,,,,
SE-CFP,,,,MCDONNELL DOUGLAS-DC3C,25328,1943,"11430,0",2026-08-31,1984-06-26,1,Registrerad ägare,502861.0,Stiftelsen Flygande Veteraner,Flygplatsinfarten 41 168 67 BROMMA Sweden,1984-06-26
SE-CFZ,,,,SAAB-91D,91.308,1954,"1205,0",2020-09-07,1975-12-17,1,,,,,
SE-CGM,2016-03-10,Exported,Norway,NOORDUYN UC-64A,44-70515,1944,"3420,0",2016-08-31,1963-02-27,1,,,,,
SE-CGX,1996-08-20,Total write-off,,CESSNA-182A,34487,1957,"1200,0",,1958-08-05,1,Senast registrerad ägare,504017.0,Nordic-Safe Gösta Bengtsson AB,Box 97 30103 HALMSTAD Sweden,1995-10-18
SE-CHD,2003-08-26,Exported,Lithuania,PIPER PA-22-150,22-3901,1956,"910,0",1999-06-30,1992-04-06,1,,,,,
SE-CHF,,,,REPUBLIC-RC3,646,1947,"1430,0",1961-06-13,1959-07-31,1,Registrerad ägare,503797.0,Stockholms Aero AB,Box 20227 16120 BROMMA Sweden,1959-07-31
SE-CHG,,,,DE HAVILLAND-DH-82A,85867-73,1943,"830,0",2027-05-31,1959-09-11,11,,,,,
SE-CHP,2016-11-11,Exported,Netherlands,NORTH AMERICAN AT-6A,77-4524,1941,"2400,0",2017-05-31,1958-10-07,1,,,,,
SE-CIA,2010-11-18,Owners request,,JODEL-D126,861,1961,"615,0",2006-01-31,1962-07-26,1,,,,,
SE-CIB,,,,JODEL-D113,789,1961,"617,0",2014-10-31,1962-03-30,1,,,,,
SE-CIC,,,,JODEL-D126,787,1961,"530,0",2022-07-31,1962-02-20,1,,,,,
SE-CID,,,,JODEL-D119,958,1961,"615,0",2010-10-31,1962-07-10,1,,,,,
SE-CIE,,,,JODEL-D119,784-1480,1961,"530,0",2017-06-30,1962-04-03,1,,,,,
SE-CIF,2006-10-18,Non-airworthy,,JODEL-D126,527,1961,"615,0",1992-10-31,1962-04-06,1,,,,,
SE-CIH,,,,JODEL-D112,785-128,1962,"530,0",1989-05-31,1981-02-23,2,,,,,
SE-CII,,,,JODEL-D112,783,1971,"530,0",2026-09-30,1971-11-03,1,,,,,
SE-CIM,,,,JODEL-D119,959,1968,"615,0",1988-08-31,1968-11-27,1,,,,,
SE-CIN,2023-05-26,Owners request,,FLY-BABY,SE-01,1975,"455,0",2017-07-31,1975-06-16,1,,,,,
SE-CIS,2017-07-31,Scrapped,,MORANE SAULNIER-MS880B,1211,1968,"770,0",2014-07-28,1968-10-16,1,,,,,
SE-CIW,1995-07-26,Exported,Norway,MORANE SAULNIER-MS892A/MS893A,10929,1968,"980,0",,1969-01-24,1,Senast registrerad ägare,505352.0,Svensk Reklam Flyg HB,Box 203 24123 ESLÖV Sweden,1992-06-17
SE-CKB,,,,PIPER PA-18A-150,18-6455,1958,"795,0",2026-09-30,1998-04-24,1,Registrerad ägare,502630.0,Östra Sörmlands Flygklubb,Box 78 646 21 GNESTA Sweden,2016-09-01
SE-CKC,2006-10-18,Non-airworthy,,PIPER PA-18A-150,18-6458,1958,"795,0",1987-05-31,1963-04-26,1,,,,,
SE-CKD,2012-12-12,Destroyed,,PIPER PA-18A-150,18-6521,1958,"795,0",1986-06-30,1963-04-30,2,,,,,
SE-CKE,,,,PIPER PA-18A-150,18-6520-1409,1958,"795,0",2026-11-30,1963-04-30,1,,,,,
SE-CKO,,,,PIPER PA-22-160,22-5976,1958,"910,0",1962-01-22,1959-03-20,1,Registrerad ägare,503797.0,Stockholms Aero AB,Box 20227 16120 BROMMA Sweden,1959-03-20
SE-CKR,,,,PIPER PA-22-150,22-6611,1959,"910,0",1987-06-30,1959-04-30,1,,,,,
SE-CKU,,,,PIPER PA-22-150,22-6346,1958,"910,0",1975-06-30,1959-07-14,1,,,,,
SE-CKX,1988-03-02,Total write-off,,PIPER PA-18,18-6992,1958,"760,0",1988-08-31,1959-08-25,1,,,,,
SE-CKY,,,,PIPER PA-18,18-7149,1959,"680,0",2027-07-31,1960-02-29,1,,,,,
SE-CKZ,,,,PIPER PA-22-150,22-6250,1958,"910,0",1972-06-30,1960-05-06,1,Registrerad ägare,503940.0,Skid Och Sjöflyg AB,Box 4027 18304 TÄBY Sweden,1969-11-20
SE-CLA,,,,PIPER PA-22-150,22-3064-977,1955,"910,0",2026-08-31,1958-08-21,1,,,,,
SE-CLD,,,,PIPER PA-20/150,22-100-1407,1961,"885,0",2027-05-31,1963-02-02,1,Registrerad ägare,607245.0,Vassara Flygsällskap SE-CLD Flygförening,Sweden,2018-10-04
SE-CLF,,,,PIPER PA-18,18-3109,1954,"680,0",1987-06-30,1975-06-12,1,,,,,
SE-CLI,,,,PIPER PA-18,18-5725,1957,"680,0",2026-03-31,1960-04-21,1,,,,,
SE-CLK,,,,PIPER PA-22-150,22-4710,1956,"910,0",1964-12-31,1959-07-08,1,Registrerad ägare,503797.0,Stockholms Aero AB,Box 20227 16120 BROMMA Sweden,1961-09-27
SE-CLM,,,,AERONCA-7AC,392-1339,1945,"590,0",2026-07-31,1992-07-02,1,,,,,
SE-CLN,,,,STINSON-SR10J,5-5820,1938,"1815,0",1964-06-30,1959-10-03,1,,,,,
SE-CLO,1988-03-15,Total write-off,,PIPER PA-20,20-834,1951,"815,0",1988-05-31,1959-07-14,1,,,,,
SE-CLP,,,,CESSNA-172,46518,1959,"998,0",2026-01-14,1959-08-14,1,,,,,
SE-CLR,,,,PIPER J3C-65,11794-1322,1944,"530,0",2015-06-30,1979-05-30,1,,,,,
SE-CLT,,,,CESSNA-172,36840,1958,"998,0",2027-05-02,1959-10-19,1,Registrerad ägare,504894.0,Sky Movies AB,Gällersta-Ökna 304 705 94 ÖREBRO Sweden,2011-03-03
SE-CLY,,,,EAA-C 150,17030-732,1958,"680,0",2018-08-31,1959-09-08,1,,,,,
SE-CLZ,,,,NOORDUYN UC-64A,45-35418,1943,"3420,0",,1959-09-08,1,Registrerad ägare,504338.0,Heli AB,Malmskogen 58272 LINKÖPING Sweden,1987-02-18
SE-CMC,2011-05-25,Owners request,,AUSTER-MK5,TJ-587,1945,"860,0",2005-11-30,1980-10-15,1,,,,,
SE-CME,,,,AUSTER-MK5,3410,1958,"860,0",1975-03-31,1959-10-01,1,,,,,
SE-CMF,,,,AUSTER-VD,1376,1944,"860,0",2026-06-30,1960-09-20,1,,,,,
SE-CMO,2025-02-14,Exported,Lithuania,CESSNA-175A,56367,1959,"1065,0",,1962-04-09,1,,,,,
SE-CMP,,,,CESSNA-150,17777,1959,"680,0",2027-03-08,1962-03-06,1,,,,,
SE-CMR,,,,MORANE SAULNIER-MS885,14,1961,"870,0",,1962-07-27,1,,,,,
SE-CMU,,,,MOONEY-M20B,1860,1961,"1110,0",,1961-12-19,1,,,,,
SE-CMY,,,,CESSNA-140,11721-1175,1946,"660,0",2027-07-31,1991-07-08,1,,,,,
SE-CMZ,2023-04-12,Exported,United States of America,CESSNA-185,185-0053,1961,"1405,0",,1962-02-09,1,,,,,
SE-CNA,,,,CHAMPION-7EC,704,1959,"660,0",2026-08-31,1959-11-13,1,,,,,
SE-CNB,,,,CHAMPION-7EC,705,1959,"660,0",2013-08-31,1959-10-05,1,,,,,
SE-CNC,,,,CHAMPION-7EC,718,1959,"680,0",2026-08-31,2023-09-07,1,,,,,
SE-CND,,,,CHAMPION-7EC,719-1193,1959,"660,0",2022-10-31,2008-09-23,1,,,,,
SE-CNR,,,,CESSNA-210,57331,1960,"1315,0",,1962-01-12,1,,,,,
SE-CNS,,,,CESSNA-180B,50658,1959,"1200,0",,1959-12-18,1,Registrerad ägare,503895.0,Kiruna Biluthyrning AB,Köpmangatan 20 B 98139 KIRUNA Sweden,1981-07-27
SE-CNW,,,,EAA-C 172 A,47137-652,1959,"1000,0",2027-04-27,1960-01-29,1,,,,,
SE-CNY,,,,CESSNA-180B,50629,1959,"1200,0",2026-10-11,2021-06-17,1,Registrerad ägare,722516.0,Torjald Aktiebolag,Sweden,2024-10-04
SE-COG,2020-06-10,Exported,Denmark,DE HAVILLAND-DH-82A,DE 639-334,1943,"830,0",2020-05-31,1993-05-12,1,,,,,
SE-COO,2006-10-18,Non-airworthy,,DE HAVILLAND-DH-82A,NL 929,0,"830,0",1981-06-30,1963-05-30,3,Senast registrerad ägare,502478.0,Eskilstuna Motorflygklubb,Flygbasvägen 11 635 06  Eskilstuna Sweden,1978-04-25
SE-COY,,,,DE HAVILLAND-DH-82A,85882-1566,1941,"830,0",2022-06-30,2017-11-09,1,,,,,
SE-CPB,2019-02-13,Owners request,,NOORDUYN UC-64,89,1942,"2925,0",,1968-04-26,1,Senast registrerad ägare,500145.0,SMA Helicopter Rescue AB,,1971-03-15
SE-CPG,,,,MFI-9,2-933,1962,"625,0",2025-06-30,1999-07-02,1,,,,,
SE-CPI,2007-01-15,Non-airworthy,,MFI-10B,03,1963,"1175,0",1993-08-31,1993-06-04,1,Senast registrerad ägare,503105.0,Östergötlands Flyghistoriska Sällskap,Box 2058 58002 LINKÖPING Sweden,1993-06-04
SE-CPL,,,,NAVION,NAV-4-1786,1949,"1250,0",2027-06-30,1962-01-16,4,,,,,
SE-CPT,,,,PIPER PA-18,18-6749,1958,"680,0",2026-11-30,1961-11-30,1,Registrerad ägare,502592.0,Tekniska Högskolans Flygklubb,Sweden,1961-11-30
SE-CPX,1984-06-07,Exported,Norway,CESSNA-172B,17248351,1961,"1000,0",,1962-11-20,1,,,,,
SE-CPY,2004-04-28,Scrapped,,CESSNA-172,28022,1956,"998,0",,1962-10-01,1,Senast registrerad ägare,500943.0,Linköpings kommun,"Flygteknikprogrammet, Byggnad 3 Nobymalmsvägen 1 585 99 Linköping Sweden",2004-04-27
SE-CPZ,2013-10-14,Total write-off,,PIPER PA-18,18-5883,1957,"680,0",1979-07-31,1962-06-18,1,,,,,
SE-CRB,1987-04-07,Exported,Egypt,PIPER PA-25-235,25-2050,0,"1315,0",,1962-07-18,1,Senast registrerad ägare,503897.0,Söderala Flyg AB,Mohed 6590 826 61 SÖDERALA Sweden,1972-08-28
SE-CRC,2013-04-25,Exported,Norway,PIPER PA-18,18-6998,1959,"680,0",2005-05-31,1961-07-12,1,,,,,
SE-CRD,1989-06-20,Exported,United Kingdom,PIPER PA-18-150,18-7856,1962,"795,0",1989-09-30,1962-12-13,1,Senast registrerad ägare,502529.0,Malmö Segelflygklubb,Snogeholmsvägen 1241-56 275 93 SJÖBO Sweden,1979-06-18
SE-CRE,,,,PIPER PA-22-108,22-8743,1961,"680,0",2027-06-30,1961-12-06,1,,,,,
SE-CRF,,,,PIPER PA-22-108,22-8795,1961,"750,0",2026-07-31,1961-09-15,1,Registrerad ägare,619853.0,Föreningen Fårösunds Flygsällskap,Sweden,2019-10-21
SE-CRH,1987-01-13,Destroyed,,PIPER-PA28-160,28-760,1963,"1000,0",,1963-07-23,1,,,,,
SE-CRI,,,,PIPER PA-22-108,22-9120,1961,"750,0",1995-08-31,1962-04-18,1,,,,,
SE-CRK,,,,EAA-PA22-STOL,22-9081-931,1961,"999,0",2027-07-31,2003-08-14,1,Registrerad ägare,728299.0,Fjällfiske Riebnes Handelsbolag,Vuonatjviken 3 938 96 Arjeplog Sweden,2025-01-22
SE-CRS,,,,SAAB-91D,91439,1961,"1205,0",2027-06-10,2012-05-24,1,Registrerad ägare,505060.0,Flightline Sweden AB,Vägsjöfors 12 685 94 TORSBY Sweden,2012-05-24
SE-CRU,,,,PIPER PA-22-108,22-9113,1961,"750,0",1971-03-31,1962-04-18,1,,,,,
SE-CRW,2007-03-20,Scrapped,,PIPER PA-22-108/150,22-9114,1961,"750,0",1987-04-30,1962-12-12,1,,,,,
SE-CSA,1997-11-19,Exported,United Kingdom,PIPER PA-18-150,18-7168,1959,"795,0",1997-09-30,1960-02-20,1,,,,,
SE-CSB,,,,PIPER PA-18-150/180,18-7280,1960,"795,0",2027-03-31,1960-06-15,1,Registrerad ägare,502579.0,Stockholms Segelflygklubb,Box 888 101 37 STOCKHOLM Sweden,1967-02-01
SE-CSD,2009-05-29,Exported,Poland,PIPER PA-18-150,18-7287,1960,"795,0",2010-04-30,1960-05-16,1,Senast registrerad ägare,502553.0,Nyköpings Flygklubb,Humlestigen 8 611 61 NYKÖPING Sweden,1976-02-11
SE-CSE,1998-02-24,Exported,United Kingdom,PIPER PA-18-150,18-7292,1960,"795,0",1997-07-31,1960-11-21,1,,,,,
SE-CSF,,,,PIPER PA-22-150,22-7133,1959,"910,0",1962-08-25,1960-03-09,1,Registrerad ägare,503797.0,Stockholms Aero AB,Box 20227 16120 BROMMA Sweden,1960-03-09
SE-CSG,,,,PIPER PA-22-150,22-7136,1959,"910,0",1970-06-30,1960-04-20,1,,,,,
SE-CSH,2025-11-24,Total write-off,,PIPER PA-22-150,22-7137,1959,"910,0",1973-06-30,1960-03-09,1,Senast registrerad ägare,502526.0,Lycksele Flygklubb,Sweden,1968-01-19
SE-CSM,,,,PIPER PA-22-150,22-7380-683,1960,"910,0",2026-08-31,1960-05-20,1,,,,,
SE-CSN,2011-03-04,Scrapped,,PIPER PA-22-150,22-7375,1960,"910,0",1976-10-31,1960-10-13,1,Senast registrerad ägare,502509.0,Kiruna Flygklubb,Sweden,1976-07-28
SE-CSO,2024-09-18,Total write-off,,PIPER PA-22-150,22-7245,1960,"910,0",1972-06-30,1960-05-18,1,Senast registrerad ägare,502643.0,Östersunds Flygklubb,Optands Flygfält 205 831 92 ÖSTERSUND Sweden,1970-07-20
SE-CSP,,,,PIPER PA-22-150,22-7306,1960,"910,0",1989-07-31,1960-04-28,1,,,,,
SE-CSR,2006-10-18,Non-airworthy,,PIPER PA-22-150,22-6942,1959,"910,0",1981-07-31,1969-01-31,1,,,,,
SE-CST,,,,PIPER PA-20/150,20-616-1186,1951,"885,0",2004-05-31,1960-06-29,1,,,,,
SE-CSU,,,,PIPER PA-20,20-489-713,1951,"815,0",2027-07-31,1961-12-05,2,,,,,
SE-CSW,2007-06-27,Total write-off,,PIPER-PA28-180,28-1260,1963,"1090,0",,1963-07-24,1,Senast registrerad ägare,502516.0,Laxå Flygklubb,Sweden,1969-10-15
SE-CSZ,,,,PIPER PA-22-150,22-7350,1960,"910,0",1998-10-31,1963-02-02,1,,,,,
SE-CTC,1996-12-09,Exported,Finland,PIPER PA-20/150,20-341,1950,"885,0",1995-08-31,1961-09-13,1,Senast registrerad ägare,503092.0,Pajala Sportflygklubb,Sweden,1993-02-02
SE-CTD,,,,PIPER PA-24,24-976,1959,"1155,0",,1961-07-12,1,,,,,
SE-CTE,,,,PIPER J4A,4-612-271,1939,"590,0",2019-06-30,1961-11-23,1,,,,,
SE-CTG,,,,PIPER PA-18A-150,18-6832-1198,1959,"795,0",2027-05-31,1961-09-20,3,,,,,
SE-CTM,,,,CESSNA-185A,185-0381,1962,"1450,0",,1962-05-14,1,,,,,
SE-CTO,2011-08-11,Exported,Bulgaria,CESSNA-175A,56767,1960,"1065,0",2012-08-04,1961-01-16,1,,,,,
SE-CUB,1985-03-05,Exported,Finland,PIPER PA-22-150,22-7298,1960,"910,0",1984-07-31,1960-08-10,1,Senast registrerad ägare,502567.0,Siljansnäs Flygklubb,Vindmyrevägen 7 793 60 SILJANSNÄS Sweden,1983-04-28
SE-CUG,2000-04-26,Exported,United States of America,PIPER PA-18,18-7482,1960,"680,0",1998-06-30,1960-12-29,1,Senast registrerad ägare,504617.0,AB Öst-Flyg,Åsvägen 23 393 65 KALMAR Sweden,1999-02-24
SE-CUR,,,,PIPER PA-22-150,22-7453-1076,1960,"910,0",2027-06-30,1964-01-25,1,,,,,
SE-CUT,,,,PIPER PA-22-108,22-8455,1961,"750,0",1975-12-31,1961-06-28,1,,,,,
SE-CUZ,2016-08-17,Scrapped,,PIPER PA-22-108,22-8628,1961,"750,0",1991-05-31,1961-12-19,1,,,,,
SE-CVT,,,,BEECH-G35,D4856-1158,1956,"1258,0",2026-07-31,2003-09-19,1,,,,,
SE-CWF,,,,CP-301 S,120,1963,"680,0",2023-05-31,1963-05-22,1,,,,,
SE-CWG,,,,DE HAVILLAND-DH-82A,BB 750-120,1935,"830,0",2014-05-31,1963-08-22,1,,,,,
SE-CWL,2013-07-17,Total write-off,,MAULE-M4-210,1034,1965,"1010,0",,1967-03-23,1,Senast registrerad ägare,502544.0,Flygklubben Nordvingen,Box 146 982 21 GÄLLIVARE Sweden,1971-01-15
SE-CWP,1989-09-11,Exported,Iceland,DORNIER DO28 B-1,3091,1966,"2720,0",,1966-10-14,1,,,,,
SE-CWR,1990-01-29,Destroyed,,MOONEY-M20J,24-0719,1978,"1243,0",,1978-11-01,1,Senast registrerad ägare,503795.0,Björnverken AB,Gamla Tuvevägen 7 41705 GÖTEBORG Sweden,1980-07-14
SE-CWS,2015-03-16,Exported,United Kingdom,CESSNA-177,17700504,1967,"1065,0",2015-05-10,2002-04-24,1,,,,,
SE-CXB,2011-01-13,Total write-off,,CESSNA-172A,47518,1960,"998,0",,1960-10-21,1,,,,,
SE-CXD,,,,CESSNA-172A,47193,1959,"998,0",2026-08-12,1960-07-26,1,,,,,
SE-CXE,,,,EAA-C 172 A,47500-1021,1960,"1050,0",2027-06-30,1960-11-07,1,,,,,
SE-CXF,,,,CESSNA-180C,50895,1960,"1200,0",,1961-01-26,1,,,,,
SE-CXI,,,,CESSNA-150C,15059871,1963,"680,0",2026-08-08,1963-04-26,1,,,,,
SE-CXK,,,,CESSNA-175B,17556888,1960,"1065,0",,1961-05-31,1,,,,,
SE-CXL,2015-08-28,Exported,Lithuania,CESSNA-172B,17248199,1960,"1000,0",2016-04-24,1961-07-06,1,,,,,
SE-CXM,2011-06-28,Exported,United States of America,CESSNA-180D,18050968,1960,"1200,0",2011-06-15,1983-08-22,1,,,,,
SE-CXN,,,,CESSNA-180D,18050969,1960,"1200,0",2026-11-07,1972-10-20,1,,,,,
SE-CXO,2000-05-23,Exported,Poland,CESSNA-175C,17557099,1962,"1110,0",,1963-05-30,1,,,,,
SE-CYA,,,,CESSNA-182D,18253322,1961,"1200,0",,1961-08-29,1,Registrerad ägare,502520.0,Linköpings Transportindustri AB,Box 111 58102 LINKÖPING Sweden,1964-02-29
SE-CYB,,,,CESSNA-170B,27167,1957,"1000,0",2027-06-30,2024-04-15,5,,,,,
SE-CYH,,,,CESSNA-150B,15059461,1961,"680,0",,1962-12-06,3,,,,,
SE-CYI,2011-11-15,Scrapped,,CESSNA-172C,17248883,1961,"1020,0",,1962-03-19,3,,,,,
SE-CYL,2012-06-01,Scrapped,,CESSNA-182E,18253680,1961,"1270,0",2010-05-27,1962-07-27,1,Senast registrerad ägare,502812.0,Fallskärmsklubben SYD,Storgatan 34 241 30 ESLÖV Sweden,2009-06-29
SE-CYN,1985-04-10,Exported,Finland,CESSNA-172C,17248855,1961,"1020,0",,1962-01-19,1,Senast registrerad ägare,504106.0,Holmstroem Air AB I Kk,Flygplatsen 57791 HULTSFRED Sweden,1979-11-09
SE-CYO,2010-03-15,Scrapped,,CESSNA-150A,15059166,1961,"680,0",2009-08-05,1968-10-22,1,,,,,
SE-CYZ,,,,CESSNA-210B,21058078,1962,"1360,0",,1967-10-25,2,,,,,
SE-CZA,,,,PIPER PA-22-108,22-9121,1961,"750,0",2026-11-30,1962-07-18,1,,,,,
SE-CZC,,,,PIPER PA-22-108,22-9123,1961,"750,0",1997-01-31,1962-04-18,1,,,,,
SE-CZE,2006-07-05,Exported,Germany,PIPER PA-22-108/150,22-9125,1961,"750,0",2006-04-30,1962-08-08,1,Senast registrerad ägare,502888.0,Ludvika Segelflygklubb,Sweden,1985-08-13
SE-CZF,,,,PIPER PA-22-108,22-9126-1367,1961,"750,0",2027-04-30,1962-05-10,1,,,,,
SE-CZG,2006-10-18,Non-airworthy,,PIPER PA-22-108/150,22-9127,1961,"750,0",1976-12-31,1962-06-07,1,Senast registrerad ägare,502595.0,Torsby Flygklubb,Bergebyvägen 49 685 93 TORSBY Sweden,1968-02-07
SE-CZH,2006-10-18,Non-airworthy,,PIPER-PA28-150,28-1188,1963,"975,0",,1963-06-25,1,Senast registrerad ägare,502595.0,Torsby Flygklubb,Bergebyvägen 49 685 93 TORSBY Sweden,1977-11-22
SE-CZI,,,,PIPER PA-22-108/150,22-9129-764,1961,"750,0",2004-09-30,1997-05-27,3,,,,,
SE-CZK,2006-10-18,Non-airworthy,,PIPER PA-22-108/150,22-9130,1961,"750,0",2001-04-30,1962-02-26,1,Senast registrerad ägare,505224.0,Aeroheat Servicesystem HB,Box 36 61921 TROSA Sweden,1997-02-26
SE-CZL,,,,PIPER PA-22-108,22-9131,1961,"750,0",1972-12-31,1961-12-19,1,,,,,
SE-CZM,,,,PIPER PA-22-108/150,22-9132,1961,"750,0",2008-03-31,1962-03-29,2,,,,,
SE-CZN,,,,PIPER-PA28-180,28-1356,1963,"1090,0",,1964-05-06,1,,,,,
SE-CZO,,,,PIPER PA-22-108/150,22-8953,1961,"750,0",1980-06-30,1963-08-12,1,,,,,
SE-CZR,2002-06-03,Exported,United Kingdom,PIPER PA-22-108,22-9136,1961,"750,0",2000-12-31,1962-09-11,1,Senast registrerad ägare,504617.0,AB Öst-Flyg,Åsvägen 23 393 65 KALMAR Sweden,1999-04-01
SE-CZT,2005-07-15,Exported,Lithuania,PIPER PA-22-108,22-9109,1961,"750,0",2002-04-30,1961-12-22,1,,,,,
SE-CZU,,,,PIPER PA-22-108/150,22-9110-1373,1961,"750,0",2027-03-31,1961-12-19,1,Registrerad ägare,502565.0,Segelflygklubben Kiruna,Sweden,1977-08-26
SE-CZZ,2015-05-13,Owners request,,PIPER PA-18-150,18-7046,1959,"795,0",1991-06-30,1965-09-28,1,,,,,
SE-DAK,1995-01-19,Exported,United States of America,MCDONNELL DOUGLAS-DC9-41,47492,0,"51710,0",,1970-01-21,1,Senast registrerad ägare,503787.0,Aerotransport AB,Box 7751 10396 STOCKHOLM Sweden,1994-04-22
SE-DAL,1991-07-01,Exported,United States of America,MCDONNELL DOUGLAS-DC9-41,47498,1970,"51710,0",,1970-02-10,1,Senast registrerad ägare,503787.0,Aerotransport AB,Box 7751 10396 STOCKHOLM Sweden,1990-06-28
SE-DAM,1992-07-07,Exported,United States of America,MCDONNELL DOUGLAS-DC9-41,47499,1970,"51710,0",,1970-03-03,1,Senast registrerad ägare,503787.0,Aerotransport AB,Box 7751 10396 STOCKHOLM Sweden,1990-06-28
SE-DAN,1992-08-05,Exported,United States of America,MCDONNELL DOUGLAS-DC9-41,47464,1970,"51710,0",,1970-09-16,1,Senast registrerad ägare,503787.0,Aerotransport AB,Box 7751 10396 STOCKHOLM Sweden,1990-06-28
SE-DAO,1992-02-24,Exported,United States of America,MCDONNELL DOUGLAS-DC9-41,47509,1971,"51710,0",,1971-12-14,1,Senast registrerad ägare,503787.0,Aerotransport AB,Box 7751 10396 STOCKHOLM Sweden,1990-06-28
SE-DAP,1993-05-03,Exported,United States of America,MCDONNELL DOUGLAS-DC9-41,47512,1972,"51710,0",,1972-12-19,1,Senast registrerad ägare,503787.0,Aerotransport AB,Box 7751 10396 STOCKHOLM Sweden,1990-06-28
SE-DAR,1999-03-01,Exported,United States of America,MCDONNELL DOUGLAS-DC9-41,47596,1973,"51710,0",,1974-01-28,1,Senast registrerad ägare,503770.0,SAS Sverige AB,Sweden,1997-01-23
SE-DAS,2002-11-15,Exported,United States of America,MCDONNELL DOUGLAS-DC9-41,47610,1974,"51710,0",,1974-05-17,1,Senast registrerad ägare,503770.0,SAS Sverige AB,Sweden,1998-09-16
SE-DAT,1987-06-25,Total write-off,,MCDONNELL DOUGLAS-DC9-41,47625,1974,"51710,0",,1974-08-02,1,Senast registrerad ägare,503787.0,Aerotransport AB,Box 7751 10396 STOCKHOLM Sweden,1974-08-02
SE-DAU,2003-01-03,Exported,United States of America,MCDONNELL DOUGLAS-DC9-41,47627,1974,"51710,0",,1974-08-21,1,Senast registrerad ägare,503770.0,SAS Sverige AB,Sweden,1998-09-16
SE-DAW,2003-04-09,Exported,United States of America,MCDONNELL DOUGLAS-DC9-41,47629,1974,"51710,0",,1974-09-20,1,Senast registrerad ägare,503770.0,SAS Sverige AB,Sweden,1998-09-16
SE-DAX,1999-08-06,Exported,United States of America,MCDONNELL DOUGLAS-DC9-41,47631,1974,"51710,0",,1974-09-11,1,Senast registrerad ägare,503770.0,SAS Sverige AB,Sweden,1997-01-23
SE-DBG,1986-10-08,Exported,United States of America,MCDONNELL DOUGLAS-DC8-62,45921,1967,"152000,0",,1968-01-24,1,Senast registrerad ägare,503787.0,Aerotransport AB,Box 7751 10396 STOCKHOLM Sweden,1968-01-24
SE-DBH,1988-12-29,Exported,United States of America,MCDONNELL DOUGLAS-DC8-63,45924,1968,"161000,0",,1987-09-23,1,Senast registrerad ägare,503787.0,Aerotransport AB,Box 7751 10396 STOCKHOLM Sweden,1987-09-23
SE-DBI,1984-10-16,Exported,Thailand,MCDONNELL DOUGLAS-DC8-62F,46129,1970,"152000,0",,1970-04-23,1,Senast registrerad ägare,503787.0,Aerotransport AB,Box 7751 10396 STOCKHOLM Sweden,1970-04-23
SE-DBK,1989-05-11,Exported,United States of America,MCDONNELL DOUGLAS-DC8-63,46136,1970,"161000,0",,1970-02-02,1,Senast registrerad ägare,503787.0,Aerotransport AB,Box 7751 10396 STOCKHOLM Sweden,1988-11-02
SE-DBL,1989-05-24,Exported,United States of America,MCDONNELL DOUGLAS-DC8-63,46163,1972,"161000,0",,1972-06-02,1,Senast registrerad ägare,503787.0,Aerotransport AB,Box 7751 10396 STOCKHOLM Sweden,1988-11-02
SE-DBM,2000-02-01,Exported,United States of America,MCDONNELL DOUGLAS-DC9-41,47633,1974,"44450,0",,1974-11-19,1,Senast registrerad ägare,503770.0,SAS Sverige AB,Sweden,1998-09-16
SE-DBN,1988-05-25,Exported,United States of America,MCDONNELL DOUGLAS-DC9-33F,47413,1969,"51710,0",,1969-08-29,1,Senast registrerad ägare,503787.0,Aerotransport AB,Box 7751 10396 STOCKHOLM Sweden,1969-08-29
SE-DBO,1995-04-27,Exported,United States of America,MCDONNELL DOUGLAS-DC9-21,47361,1969,"44450,0",,1991-06-18,1,Senast registrerad ägare,503787.0,Aerotransport AB,Box 7751 10396 STOCKHOLM Sweden,1994-09-02
SE-DBP,1990-10-22,Exported,Denmark,MCDONNELL DOUGLAS-DC9-21,47360,1969,"44455,0",,1969-05-06,1,Senast registrerad ägare,503787.0,Aerotransport AB,Box 7751 10396 STOCKHOLM Sweden,1969-05-06
SE-DBR,1990-10-24,Exported,Denmark,MCDONNELL DOUGLAS-DC9-21,47306,1969,"44455,0",,1969-03-11,1,Senast registrerad ägare,503787.0,Aerotransport AB,Box 7751 10396 STOCKHOLM Sweden,1969-03-11
SE-DBS,1990-10-15,Exported,Denmark,MCDONNELL DOUGLAS-DC9-21,47303,1969,"44455,0",,1969-01-21,1,Senast registrerad ägare,503787.0,Aerotransport AB,Box 7751 10396 STOCKHOLM Sweden,1969-01-21
SE-DBT,1991-12-11,Exported,United States of America,MCDONNELL DOUGLAS-DC9-41,47288,1968,"51710,0",,1968-09-06,1,Senast registrerad ägare,503787.0,Aerotransport AB,Box 7751 10396 STOCKHOLM Sweden,1988-11-22
SE-DBU,1991-06-05,Exported,United States of America,MCDONNELL DOUGLAS-DC9-41,47180,1968,"51710,0",,1968-08-02,1,Senast registrerad ägare,503787.0,Aerotransport AB,Box 7751 10396 STOCKHOLM Sweden,1988-11-22
SE-DBW,1991-01-31,Exported,United States of America,MCDONNELL DOUGLAS-DC9-41,47117,0,"51710,0",,1975-10-10,1,Senast registrerad ägare,503787.0,Aerotransport AB,Box 7751 10396 STOCKHOLM Sweden,1988-11-22
SE-DBX,1991-08-01,Exported,United States of America,MCDONNELL DOUGLAS-DC9-41,47114,1967,"51710,0",,1964-06-04,1,Senast registrerad ägare,503787.0,Aerotransport AB,Box 7751 10396 STOCKHOLM Sweden,1988-11-22
SE-DCM,1993-12-30,Transfer to military registration,,SAAB-32B,32.611,1960,"12900,0",1993-12-31,1968-09-03,1,Senast registrerad ägare,504194.0,Telub Miltest AB,Box 64 942 95 VIDSEL Sweden,1993-10-25
SE-DCN,1993-12-30,Transfer to military registration,,SAAB-32B,32.616,1959,"12900,0",1993-12-31,1968-07-03,1,Senast registrerad ägare,504194.0,Telub Miltest AB,Box 64 942 95 VIDSEL Sweden,1993-10-25
SE-DCU,1991-02-07,Exported,United States of America,LEARJET-24,124,1966,"5900,0",,1973-11-09,1,Senast registrerad ägare,503772.0,Saab Nyge Aero AB,Box 321 611 27 NYKÖPING Sweden,1990-11-16
SE-DCW,1990-08-09,Exported,United States of America,LEARJET-24,109,1966,"5900,0",,1973-06-21,1,Senast registrerad ägare,503772.0,Saab Nyge Aero AB,Box 321 611 27 NYKÖPING Sweden,1987-09-09
SE-DDE,1988-12-22,Exported,United States of America,CESSNA-500,500-0063,1973,"5376,0",,1973-03-30,1,Senast registrerad ägare,503801.0,Euro Flight Sweden AB,Box 2174 438 14 LANDVETTER Sweden,1988-03-17
SE-DDF,1993-12-28,Exported,Austria,DASSAULT-FALCON-10,27,1975,"8300,0",,1975-02-18,1,Senast registrerad ägare,503801.0,Euro Flight Sweden AB,Box 2174 438 14 LANDVETTER Sweden,1992-11-05
SE-DDG,1993-07-08,Exported,United States of America,LEARJET-35A,35A-172,1978,"8165,0",,1979-03-09,1,Senast registrerad ägare,503854.0,Basair AB,Box 219 16126 BROMMA Sweden,1989-05-23
SE-DDH,1982-08-30,Exported,United States of America,LEARJET-36,36-013,1975,"8160,0",,1980-03-06,1,Senast registrerad ägare,503782.0,Svensk Flygtjänst AB,Box 14031 10440 STOCKHOLM Sweden,1980-03-06
SE-DDL,1983-10-10,Exported,Norway,BOEING-747-283B,20120,0,"351535,0",,1971-03-26,1,Senast registrerad ägare,503787.0,Aerotransport AB,Box 7751 10396 STOCKHOLM Sweden,1971-03-26
SE-DDP,2002-06-20,Exported,United States of America,MCDONNELL DOUGLAS-DC9-41,47747,1976,"51710,0",,1976-12-10,1,Senast registrerad ägare,503770.0,SAS Sverige AB,Sweden,1998-09-16
SE-DDR,2002-07-12,Exported,United States of America,MCDONNELL DOUGLAS-DC9-41,47750,1977,"51710,0",,1978-01-05,1,Senast registrerad ägare,503770.0,SAS Sverige AB,Sweden,1998-09-16
SE-DDS,2002-07-26,Exported,United States of America,MCDONNELL DOUGLAS-DC9-41,47777,1978,"51710,0",,1979-02-09,1,Senast registrerad ägare,503770.0,SAS Sverige AB,Sweden,1998-09-16
SE-DDT,2002-10-22,Exported,United States of America,MCDONNELL DOUGLAS-DC9-41,47779,1979,"51710,0",,1979-03-29,1,Senast registrerad ägare,503770.0,SAS Sverige AB,Sweden,1998-09-16
SE-DDU,1986-12-09,Exported,United States of America,MCDONNELL DOUGLAS-DC8-62,45906,1967,"152000,0",,1979-08-22,1,Senast registrerad ägare,502802.0,Arista International Airlines INC,516 Fifth Avenue New York US-10036 NEW YORK United States of America,1982-07-22
SE-DDW,1990-07-18,Exported,Denmark,MITSUBISHI-MU300,A023SA,1983,"6400,0",,1984-02-03,1,Senast registrerad ägare,500453.0,AB Nord-Flyg,Sweden,1988-02-09
SE-DDX,1994-01-31,Exported,United States of America,CESSNA-500,500-0292,1975,"5376,0",,1989-03-30,1,Senast registrerad ägare,503112.0,Grafair INC,P O Box 2885 US-00000 Vero Beach Florida United States of America,1993-10-28
SE-DDY,,,,CESSNA-550,550-0115,1980,"6577,0",2026-06-18,1991-01-16,1,Registrerad ägare,586864.0,FBO Karlstad AB,Sweden,2017-04-03
SE-DDZ,1989-02-21,Exported,France,DASSAULT-FALCON-200,482,1984,"14515,0",,1985-03-11,1,Senast registrerad ägare,503724.0,Volvo AB Flygservice,Göteborg-Säve Flygplats 2025 42373 SÄVE Sweden,1985-03-11
SE-DEA,1993-06-30,Exported,United States of America,LEARJET-35,35-051,1976,"8300,0",,1976-03-04,1,Senast registrerad ägare,503854.0,Basair AB,Box 219 16126 BROMMA Sweden,1989-05-25
SE-DEB,,,,SUD AVIATION-SE210-10B1R,247,1969,"52000,0",,1986-03-10,1,Registrerad ägare,504437.0,Pelican Express Airways AB,Box 5029 16105 BROMMA Sweden,1988-05-17
SE-DEC,2007-01-15,Non-airworthy,,SUD AVIATION-SE210-10B1R,263,1969,"52000,0",,1986-04-25,1,Senast registrerad ägare,502913.0,Bergen Aviation A/S,Postboks 19 NO-N-5061 KOKSTAD Norway,1986-04-25
SE-DEE,1991-08-01,Exported,France,AEROSPATIALE-SN 601-CORVETTE,34,1976,"7000,0",,1983-03-17,1,Senast registrerad ägare,504413.0,S A D K O Service AB,Box 22205 25022 HELSINGBORG Sweden,1990-01-15
SE-DEF,1992-10-28,Exported,Austria,CESSNA-550,550-0422,1982,"6033,0",,1984-02-16,1,Senast registrerad ägare,503801.0,Euro Flight Sweden AB,Box 2174 438 14 LANDVETTER Sweden,1990-06-26
SE-DEG,,,,CESSNA-500,500-0276,1975,"5376,0",,2013-08-21,1,Registrerad ägare,500943.0,Linköpings kommun,"Flygteknikprogrammet, Byggnad 3 Nobymalmsvägen 1 585 99 Linköping Sweden",2013-09-12
SE-DEH,1990-01-17,Exported,France,SUD AVIATION-SE210-10B3,188,1968,"56000,0",,1985-12-20,1,,,,,
SE-DEI,1994-07-04,Exported,Germany,BAE-146-200,E2086,1987,"42184,0",,1988-02-12,1,Senast registrerad ägare,504200.0,Malmö Aviation Traffic AB,Box 37 201 20 MALMÖ Sweden,1988-02-12
SE-DEK,1997-08-18,Exported,South Africa,DASSAULT-FALCON-10,156,1979,"8500,0",,1983-09-23,1,Senast registrerad ägare,503807.0,Saab Air AB,58188 LINKÖPING Sweden,1996-08-16
SE-DEL,1995-10-06,Exported,United States of America,DASSAULT-FALCON-10,14,1974,"8300,0",,1974-07-23,1,Senast registrerad ägare,501519.0,SAAB AB,581 88 Linköping Sweden,1974-07-23
SE-DEM,1994-03-18,Exported,United States of America,LEARJET-35A,317,1980,"8170,0",,1980-07-17,1,Senast registrerad ägare,504205.0,Wilh Becker AB,Sweden,1988-07-27
SE-DEN,1985-05-22,Exported,United States of America,AEROSPATIALE-SN 601-CORVETTE,15,1975,"7000,0",,1983-09-06,1,Senast registrerad ägare,504098.0,Baltic Aviation AB,Box 55 230 32 MALMÖ-STURUP Sweden,1983-09-06
SE-DES,1990-12-20,Exported,Denmark,CESSNA-500,500-0405,1981,"5376,0",,1981-07-27,1,Senast registrerad ägare,503825.0,Lindab AB,269 82 BÅSTAD Sweden,1989-04-03
SE-DET,1992-01-10,Exported,Denmark,CESSNA-500,500-0406,1981,"5376,0",,1981-07-27,1,Senast registrerad ägare,504346.0,Scanjet AB,Hangarvägen 69135 KARLSKOGA Sweden,1991-07-10
SE-DEU,1986-12-11,Exported,Germany,CESSNA-500,500-0036,1972,"5215,0",,1981-05-05,1,Senast registrerad ägare,503894.0,Kungsair Falcon AB,Säve Flygplats 2055 423 70 SÄVE Sweden,1983-02-23
SE-DEV,1992-04-27,Exported,Norway,CESSNA-550,550-0123,1980,"6033,0",,1981-11-04,1,Senast registrerad ägare,503050.0,Norsk Luftambulanse A/S,General Mehrers Veg 1 NO-2060 Gardermoen Norway,1991-08-26
SE-DEX,1988-12-21,Exported,United States of America,CESSNA-500,500-0279,1975,"5376,0",,1983-02-10,1,Senast registrerad ägare,504135.0,Falcon Air AB,Box 36 230 32 MALMÖ-STURUP Sweden,1988-10-25
SE-DEY,2015-03-13,Exported,Hungary,CESSNA-500,500-0370,1977,"5376,0",2011-09-08,1977-11-04,1,,,,,
SE-DEZ,2005-09-01,Exported,Netherlands,CESSNA-501,501-0279,1977,"5375,0",,2004-11-26,1,Senast registrerad ägare,503429.0,Stella Aviation Charter B.V.,De Zanden 59 NL-NL-7395PA TEUGE Netherlands,2004-11-26
SE-DFD,1990-11-29,Exported,France,MCDONNELL DOUGLAS-DC10-10,46869,1974,"263090,0",,1974-11-07,1,Senast registrerad ägare,503787.0,Aerotransport AB,Box 7751 10396 STOCKHOLM Sweden,1974-11-07
SE-DFE,1990-05-11,Exported,France,MCDONNELL DOUGLAS-DC10-30,46872,1976,"256285,0",,1976-12-15,1,Senast registrerad ägare,503787.0,Aerotransport AB,Box 7751 10396 STOCKHOLM Sweden,1976-12-15
SE-DFF,1991-02-14,Exported,France,MCDONNELL DOUGLAS-DC10-10,47815,1980,"263090,0",,1985-08-08,1,Senast registrerad ägare,503787.0,Aerotransport AB,Box 7751 10396 STOCKHOLM Sweden,1985-08-08
SE-DFG,1988-04-12,Exported,Norway,MCDONNELL DOUGLAS-DC10-30,46554,1973,"256280,0",,1986-02-08,1,Senast registrerad ägare,503787.0,Aerotransport AB,Box 7751 10396 STOCKHOLM Sweden,1986-02-08
SE-DFH,1990-10-24,Exported,United States of America,MCDONNELL DOUGLAS-DC10-30,46954,1976,"256285,0",,1986-08-01,1,Senast registrerad ägare,503787.0,Aerotransport AB,Box 7751 10396 STOCKHOLM Sweden,1986-08-01
SE-DFK,1987-11-17,Exported,Denmark,AIRBUS-A300B4-120,94,1980,"160000,0",,1980-03-18,1,Senast registrerad ägare,503787.0,Aerotransport AB,Box 7751 10396 STOCKHOLM Sweden,1980-03-18
SE-DFL,1987-02-03,Exported,Denmark,AIRBUS-A300B4-120,128,1981,"160000,0",,1981-03-20,1,Senast registrerad ägare,503787.0,Aerotransport AB,Box 7751 10396 STOCKHOLM Sweden,1981-03-20
SE-DFN,1988-03-30,Exported,Denmark,MCDONNELL DOUGLAS-DC9-51,47657,1975,"54885,0",,1987-11-06,1,Senast registrerad ägare,503787.0,Aerotransport AB,Box 7751 10396 STOCKHOLM Sweden,1988-02-09
SE-DFO,1988-03-30,Exported,Denmark,MCDONNELL DOUGLAS-DC9-51,47658,1975,"54885,0",,1988-03-14,1,Senast registrerad ägare,503787.0,Aerotransport AB,Box 7751 10396 STOCKHOLM Sweden,1988-03-14
SE-DFR,1999-12-06,Exported,Norway,MCDONNELL DOUGLAS-DC9-82,49422,1986,"67812,0",,1986-04-25,1,Senast registrerad ägare,503770.0,SAS Sverige AB,Sweden,1997-01-27
SE-DFS,1999-12-07,Exported,Norway,MCDONNELL DOUGLAS-DC9-82,49384,1985,"67812,0",,1985-12-17,1,Senast registrerad ägare,503770.0,SAS Sverige AB,Sweden,1997-01-27
SE-DFT,2010-03-15,Exported,United States of America,MCDONNELL DOUGLAS-DC9-82,49385,1985,"67812,0",2010-07-06,2009-12-16,1,Senast registrerad ägare,503770.0,SAS Sverige AB,Sweden,2009-12-18
SE-DFU,2010-05-28,Exported,United States of America,MCDONNELL DOUGLAS-DC9-82,49421,1986,"67812,0",2010-08-12,2009-12-11,1,Senast registrerad ägare,503770.0,SAS Sverige AB,Sweden,2009-12-18
SE-DFX,2010-04-29,Exported,United States of America,MCDONNELL DOUGLAS-DC9-82,49424,1986,"67812,0",2010-06-29,2009-12-21,1,Senast registrerad ägare,503770.0,SAS Sverige AB,Sweden,2009-12-22
SE-DFY,2010-07-23,Exported,United States of America,MCDONNELL DOUGLAS-DC9-82,49438,1987,"67812,0",2011-07-01,2009-12-23,1,Senast registrerad ägare,503770.0,SAS Sverige AB,Sweden,2010-01-04
SE-DFZ,1988-07-06,Exported,Luxembourg,BOEING-747-283B,21575,1979,"371900,0",,1979-03-12,1,Senast registrerad ägare,503787.0,Aerotransport AB,Box 7751 10396 STOCKHOLM Sweden,1979-03-12
SE-DGA,1998-07-10,Scrapped,,FOKKER-F28-MK1000,11067,1972,"30160,0",,1973-05-22,1,Senast registrerad ägare,503770.0,SAS Sverige AB,Sweden,1997-01-23
SE-DGB,1998-07-10,Scrapped,,FOKKER-F28-MK1000,11068,1972,"30160,0",,1973-04-26,1,Senast registrerad ägare,503770.0,SAS Sverige AB,Sweden,1997-01-23
SE-DGC,1998-07-10,Scrapped,,FOKKER-F28-MK1000,11069,1972,"30160,0",,1973-05-08,1,Senast registrerad ägare,503770.0,SAS Sverige AB,Sweden,1997-01-23
SE-DGD,1991-02-19,Exported,Indonesia,FOKKER-F28-MK4000,11111,1976,"33115,0",,1976-12-15,1,Senast registrerad ägare,503815.0,Linjeflyg AB,Box 550 19045 STOCKHOLM-ARLANDA Sweden,1976-12-15
SE-DGE,1999-03-29,Exported,Ecuador,FOKKER-F28-MK4000,11112,1976,"33115,0",,1976-12-15,1,Senast registrerad ägare,503770.0,SAS Sverige AB,Sweden,1997-01-23
SE-DGF,1999-10-25,Exported,South Africa,FOKKER-F28-MK4000,11115,1976,"33115,0",,1976-12-21,1,Senast registrerad ägare,503770.0,SAS Sverige AB,Sweden,1997-01-23
SE-DGG,1999-11-22,Exported,Thailand,FOKKER-F28-MK4000,11116,1977,"33115,0",,1977-03-03,1,Senast registrerad ägare,503770.0,SAS Sverige AB,Sweden,1997-01-23
SE-DGH,1999-10-19,Exported,Thailand,FOKKER-F28-MK4000,11120,1977,"33115,0",,1977-03-03,1,Senast registrerad ägare,503770.0,SAS Sverige AB,Sweden,1997-01-23
SE-DGI,2005-06-07,Owners request,,FOKKER-F28-MK4000,11122,1977,"33115,0",,1977-04-26,1,Senast registrerad ägare,503770.0,SAS Sverige AB,Sweden,1993-06-16
SE-DGK,1999-10-04,Exported,Thailand,FOKKER-F28-MK4000,11123,1977,"33115,0",,1977-06-30,1,Senast registrerad ägare,503770.0,SAS Sverige AB,Sweden,1997-01-23
SE-DGL,2003-11-07,Exported,Gabon,FOKKER-F28-MK4000,11126,1977,"33115,0",,1977-09-02,1,Senast registrerad ägare,503770.0,SAS Sverige AB,Sweden,1993-06-16
SE-DGM,2000-11-01,Exported,South Africa,FOKKER-F28-MK4000,11128,1977,"33115,0",,1977-11-29,1,Senast registrerad ägare,503770.0,SAS Sverige AB,Sweden,1993-06-16
SE-DGN,2000-03-27,Exported,South Africa,FOKKER-F28-MK4000,11130,1978,"33115,0",,1978-04-19,1,Senast registrerad ägare,503770.0,SAS Sverige AB,Sweden,1993-06-16
SE-DGO,2003-04-24,Exported,South Africa,FOKKER-F28-MK4000,11190,1982,"33115,0",,1982-12-27,1,Senast registrerad ägare,503770.0,SAS Sverige AB,Sweden,2000-01-14
SE-DGP,2003-04-11,Exported,South Africa,FOKKER-F28-MK4000,11191,1982,"33115,0",,1982-12-27,1,Senast registrerad ägare,503770.0,SAS Sverige AB,Sweden,2000-01-14
SE-DGR,2003-07-28,Exported,South Africa,FOKKER-F28-MK4000,11204,1983,"33115,0",,1984-08-13,1,Senast registrerad ägare,503770.0,SAS Sverige AB,Sweden,2000-01-14
SE-DGS,2001-09-27,Exported,South Africa,FOKKER-F28-MK4000,11236,1986,"33115,0",,1986-04-16,1,Senast registrerad ägare,503770.0,SAS Sverige AB,Sweden,2000-01-14
SE-DGT,2003-06-23,Exported,South Africa,FOKKER-F28-MK4000,11239,1986,"33115,0",,1986-08-16,1,Senast registrerad ägare,503770.0,SAS Sverige AB,Sweden,2000-01-14
SE-DGU,2003-03-12,Exported,South Africa,FOKKER-F28-MK4000,11241,1987,"33115,0",,1987-08-18,1,Senast registrerad ägare,503770.0,SAS Sverige AB,Sweden,2002-10-10
SE-DGX,2002-03-20,Exported,South Africa,FOKKER-F28-MK4000,11225,1985,"33115,0",,1987-09-22,1,Senast registrerad ägare,503770.0,SAS Sverige AB,Sweden,2000-04-12
SE-DHA,1989-07-19,Exported,Turkey,SUD AVIATION-SE210-10B3,259,1969,"56000,0",,1986-10-14,1,Senast registrerad ägare,504345.0,Braathens Sverige AB,Box 135 19046 STOCKHOLM-ARLANDA Sweden,1986-10-14
SE-DHB,1996-03-13,Exported,Greece,MCDONNELL DOUGLAS-DC9-83,49396,1986,"72575,0",,1996-03-06,1,Senast registrerad ägare,504345.0,Braathens Sverige AB,Box 135 19046 STOCKHOLM-ARLANDA Sweden,1996-03-12
SE-DHC,1996-02-07,Exported,United States of America,MCDONNELL DOUGLAS-DC9-83,49397,1987,"72575,0",,1987-02-19,1,Senast registrerad ägare,504345.0,Braathens Sverige AB,Box 135 19046 STOCKHOLM-ARLANDA Sweden,1987-02-19
SE-DHD,1996-06-25,Exported,Spain,MCDONNELL DOUGLAS-DC9-83,49578,1988,"72575,0",,1996-03-29,1,Senast registrerad ägare,504345.0,Braathens Sverige AB,Box 135 19046 STOCKHOLM-ARLANDA Sweden,1996-06-14
SE-DHE,1989-07-11,Exported,United States of America,LEARJET-35A,368,1980,"8300,0",,1988-03-15,1,Senast registrerad ägare,503854.0,Basair AB,Box 219 16126 BROMMA Sweden,1988-03-15
SE-DHF,2012-09-28,Exported,United States of America,MCDONNELL DOUGLAS-DC9-83,49642,1987,"72575,0",,2012-05-21,1,Senast registrerad ägare,503770.0,SAS Sverige AB,Sweden,2012-05-21
SE-DHG,1997-03-26,Exported,Spain,MCDONNELL DOUGLAS-DC9-87,49389,1988,"67875,0",,1995-01-27,1,Senast registrerad ägare,500188.0,TUIfly Nordic AB,117 85 Stockholm Sweden,1997-03-26
SE-DHH,1994-01-10,Exported,United States of America,HAWKER-DH125-3ARA,NA 707,1968,"10500,0",,1988-05-31,1,Senast registrerad ägare,505334.0,Merika Se-Dhh KB,Box 27289 10253 STOCKHOLM Sweden,1992-07-24
SE-DHI,1996-11-06,Exported,Spain,MCDONNELL DOUGLAS-DC9-87,49706,1989,"67875,0",,1995-03-09,1,Senast registrerad ägare,500188.0,TUIfly Nordic AB,117 85 Stockholm Sweden,1996-02-28
SE-DHK,1990-08-14,Exported,Switzerland,DASSAULT-FANJET FALCON-F,259,1971,"13000,0",,1988-08-08,1,Senast registrerad ägare,504603.0,Scanjet Aviation AB,Kungsängens Flygplats 601 73 NORRKÖPING Sweden,1990-06-21
SE-DHL,2000-04-04,Exported,United States of America,CESSNA-650,650-0030,1984,"9752,0",,1988-03-22,1,Senast registrerad ägare,503711.0,Stora Kopparbergs Bergslags AB,791 80 FALUN Sweden,2000-02-08
SE-DHM,1989-12-29,Exported,United Kingdom,BAE-146-200QT,2109,1988,"42184,0",,1988-12-14,1,Senast registrerad ägare,504200.0,Malmö Aviation Traffic AB,Box 37 201 20 MALMÖ Sweden,1988-12-14
SE-DHN,1996-08-20,Exported,Finland,MCDONNELL DOUGLAS-DC9-83,49623,1988,"72575,0",,1988-08-26,1,Senast registrerad ägare,500188.0,TUIfly Nordic AB,117 85 Stockholm Sweden,1996-02-28
SE-DHO,2021-01-18,Transfer to military registration,,LEARJET-35A,195,1978,"8890,0",2021-09-30,1989-09-18,1,Senast registrerad ägare,501519.0,SAAB AB,581 88 Linköping Sweden,2011-03-15
SE-DHP,2021-03-19,Transfer to military registration,,LEARJET-35A,075,1976,"8890,0",2021-03-02,1989-12-11,1,Senast registrerad ägare,501519.0,SAAB AB,581 88 Linköping Sweden,2011-03-15
SE-DHS,1996-12-19,Exported,Denmark,MCDONNELL DOUGLAS-DC10-10,46646,1980,"206385,0",,1988-12-14,1,Senast registrerad ägare,503144.0,Premiair A/S,Hangar 276  Köbenhavns Lufthavn Syd DK-2791 Dragör Denmark,1994-11-29
SE-DHT,1995-05-31,Exported,Denmark,MCDONNELL DOUGLAS-DC10-10,47833,1980,"206385,0",,1988-12-22,1,Senast registrerad ägare,503144.0,Premiair A/S,Hangar 276  Köbenhavns Lufthavn Syd DK-2791 Dragör Denmark,1995-04-21
SE-DHU,1995-05-15,Exported,Denmark,MCDONNELL DOUGLAS-DC10-10,47832,1980,"206385,0",,1988-11-30,1,Senast registrerad ägare,503144.0,Premiair A/S,Hangar 276  Köbenhavns Lufthavn Syd DK-2791 Dragör Denmark,1995-02-13
SE-DHX,1994-03-01,Exported,United States of America,MCDONNELL DOUGLAS-DC10-10,46645,1979,"206385,0",,1989-12-15,1,Senast registrerad ägare,505307.0,Europeisk Luftcharter KB,Sweden,1989-12-15
SE-DHY,1995-05-09,Exported,Denmark,MCDONNELL DOUGLAS-DC10-10,46983,1978,"206385,0",,1989-02-13,1,Senast registrerad ägare,503787.0,Aerotransport AB,Box 7751 10396 STOCKHOLM Sweden,1989-02-13
SE-DHZ,1994-04-19,Exported,United States of America,MCDONNELL DOUGLAS-DC10-10,46977,1978,"206385,0",,1989-03-22,1,Senast registrerad ägare,505307.0,Europeisk Luftcharter KB,Sweden,1989-03-22
SE-DIA,1999-12-06,Exported,Norway,MCDONNELL DOUGLAS-DC9-82,49603,1988,"67812,0",,1988-05-20,1,Senast registrerad ägare,503770.0,SAS Sverige AB,Sweden,1997-01-27
SE-DIB,2012-09-07,Exported,United States of America,MCDONNELL DOUGLAS-DC9-87,49605,1988,"61235,0",2012-10-13,2010-05-20,1,Senast registrerad ägare,503770.0,SAS Sverige AB,Sweden,2012-03-23
SE-DIC,2012-05-08,Exported,United States of America,MCDONNELL DOUGLAS-DC9-87,49607,1988,"61235,0",2012-08-08,1988-10-18,1,Senast registrerad ägare,503770.0,SAS Sverige AB,Sweden,2012-03-23
SE-DID,2010-02-25,Exported,United States of America,MCDONNELL DOUGLAS-DC9-82,49615,1988,"67812,0",2010-08-18,2009-12-22,1,Senast registrerad ägare,503770.0,SAS Sverige AB,Sweden,2009-12-23
SE-DIF,2012-12-04,Exported,United States of America,MCDONNELL DOUGLAS-DC9-87,49606,1989,"61235,0",2012-08-13,2012-03-16,1,Senast registrerad ägare,503770.0,SAS Sverige AB,Sweden,2012-03-16
SE-DIH,1999-12-06,Exported,Norway,MCDONNELL DOUGLAS-DC9-87,49608,1989,"61235,0",,1989-04-24,1,Senast registrerad ägare,503770.0,SAS Sverige AB,Sweden,1997-01-27
SE-DII,2010-03-05,Exported,United States of America,MCDONNELL DOUGLAS-DC9-82,49909,1989,"67812,0",2010-07-28,2009-12-16,1,Senast registrerad ägare,503770.0,SAS Sverige AB,Sweden,2010-02-22
SE-DIK,2014-06-09,Exported,United States of America,MCDONNELL DOUGLAS-DC9-82,49728,1989,"67812,0",2014-03-31,1989-04-03,1,Senast registrerad ägare,503770.0,SAS Sverige AB,Sweden,2012-12-07
SE-DIL,2012-12-20,Exported,United States of America,MCDONNELL DOUGLAS-DC9-82,49913,1989,"67812,0",2013-03-31,1990-01-25,1,Senast registrerad ägare,503770.0,SAS Sverige AB,Sweden,2012-11-12
SE-DIM,1994-07-04,Exported,United Kingdom,BAE-146-300,E3150,1989,"43091,0",,1989-12-22,1,Senast registrerad ägare,504200.0,Malmö Aviation Traffic AB,Box 37 201 20 MALMÖ Sweden,1989-12-22
SE-DIN,2013-07-30,Exported,United States of America,MCDONNELL DOUGLAS-DC9-82,49999,1990,"67812,0",2013-03-31,1991-01-11,1,Senast registrerad ägare,503770.0,SAS Sverige AB,Sweden,2013-01-16
SE-DIO,2010-02-19,Exported,United States of America,MCDONNELL DOUGLAS-DC9-82,49555,1987,"67812,0",2010-09-20,2009-12-16,1,Senast registrerad ägare,503770.0,SAS Sverige AB,Sweden,2010-02-19
SE-DIP,2012-07-02,Exported,United States of America,MCDONNELL DOUGLAS-DC9-87,53010,1991,"63503,0",2012-10-14,1991-11-01,1,Senast registrerad ägare,503770.0,SAS Sverige AB,Sweden,2001-11-02
SE-DIR,2014-12-08,Exported,United States of America,MCDONNELL DOUGLAS-DC9-82,53004,1991,"67812,0",2014-01-31,1991-05-13,1,Senast registrerad ägare,503770.0,SAS Sverige AB,Sweden,2012-12-07
SE-DIS,2013-04-30,Exported,United States of America,MCDONNELL DOUGLAS-DC9-82,53006,1991,"67812,0",,2013-04-02,1,Senast registrerad ägare,503770.0,SAS Sverige AB,Sweden,2013-04-02
SE-DIT,1994-07-04,Exported,United Kingdom,BAE-146-300QT,E-3151,1989,"44225,0",,1990-02-16,1,Senast registrerad ägare,504200.0,Malmö Aviation Traffic AB,Box 37 201 20 MALMÖ Sweden,1990-02-16
SE-DIU,2012-05-14,Exported,United States of America,MCDONNELL DOUGLAS-DC9-87,53011,1991,"63503,0",2012-12-22,1991-11-21,1,Senast registrerad ägare,503770.0,SAS Sverige AB,Sweden,2012-03-19
SE-DIX,2004-09-16,Exported,United States of America,MCDONNELL DOUGLAS-DC9-83,49998,1990,"72575,0",,1991-01-09,1,Senast registrerad ägare,503770.0,SAS Sverige AB,Sweden,2001-01-03
SE-DIY,2010-07-08,Exported,United States of America,MCDONNELL DOUGLAS-DC9-82,53008,1991,"63503,0",2010-09-08,2009-12-22,1,Senast registrerad ägare,503770.0,SAS Sverige AB,Sweden,2009-12-23
SE-DIZ,2005-02-18,Exported,United States of America,MCDONNELL DOUGLAS-DC9-82,53294,1991,"67800,0",,1991-10-10,1,Senast registrerad ägare,503770.0,SAS Sverige AB,Sweden,2001-11-02
SE-DJA,2014-12-15,Exported,United States of America,DASSAULT-FALCON-900EX,171,2007,"22226,0",2015-04-30,2007-04-23,1,Senast registrerad ägare,500245.0,Blue Chip Jet HB,Holmvägen 100 417 46 Göteborg Sweden,2010-05-20
SE-DJB,2015-01-14,Exported,United States of America,DASSAULT-FALCON-900EX,179,2007,"22226,0",2015-09-04,2007-06-18,1,Senast registrerad ägare,500245.0,Blue Chip Jet HB,Holmvägen 100 417 46 Göteborg Sweden,2010-05-20
SE-DJC,2017-03-16,Exported,Denmark,DASSAULT-FALCON-7X,078,2009,"31751,0",2017-03-16,2010-03-17,1,Senast registrerad ägare,500245.0,Blue Chip Jet HB,Holmvägen 100 417 46 Göteborg Sweden,2010-05-20
SE-DJD,2016-12-21,Exported,Denmark,DASSAULT-FALCON-7X,129,2011,"31751,0",2017-12-15,2011-12-15,1,Senast registrerad ägare,500245.0,Blue Chip Jet HB,Holmvägen 100 417 46 Göteborg Sweden,2012-02-08
SE-DJE,2008-11-26,Exported,United States of America,MCDONNELL DOUGLAS-DC9-83,49846,1989,"72575,0",2009-08-31,2007-08-10,1,Senast registrerad ägare,505014.0,Fly Excellent AB,Johanneslundsvägen 3 194 61 UPPLANDS VÄSBY Sweden,2007-08-10
SE-DJF,2008-12-02,Exported,United States of America,MCDONNELL DOUGLAS-DC9-83,49568,1987,"72575,0",2009-06-30,2007-06-07,1,Senast registrerad ägare,505014.0,Fly Excellent AB,Johanneslundsvägen 3 194 61 UPPLANDS VÄSBY Sweden,2007-06-07
SE-DJG,2021-04-26,Exported,Colombia,EMBRAER EMB-135BJ,14501042,2008,"22500,0",2021-12-19,2008-12-19,1,Senast registrerad ägare,500446.0,EFS European Flight Service AB,Hangarvägen 6A 438 70 Landvetter Sweden,2009-10-02
SE-DJH,2015-06-12,Exported,Norway,CESSNA-550,550-1022,2002,"6713,0",2016-03-10,2011-01-05,2,Senast registrerad delägare,503608.0,Bravo Holding Ltd.,11-15 Seaton Place GB-JE4 OQH St. Helier  Jersey United Kingdom,2012-07-25
SE-DJH,2015-06-12,Exported,Norway,CESSNA-550,550-1022,2002,"6713,0",2016-03-10,2011-01-05,2,Senast registrerad ägare,525161.0,Sundt Air Sweden AB,Hässlögatan 16 721 31 Västerås Sweden,2013-03-22
SE-DJI,,,,DASSAULT-FALCON-7X,198,2013,"31751,0",2027-07-16,2018-02-16,1,Registrerad ägare,500055.0,Svenskt Industriflyg AB,"Hangar 7, Bromma Flygplats 168 67  Bromma Sweden",2018-02-16
SE-DJJ,,,,DASSAULT-FALCON-7X,161,2012,"31751,0",2027-01-26,2026-01-19,1,Registrerad ägare,500055.0,Svenskt Industriflyg AB,"Hangar 7, Bromma Flygplats 168 67  Bromma Sweden",2026-01-19
SE-DJK,2022-02-23,Exported,Isle of Man,DASSAULT-FALCON-7X,59,2009,"31751,0",2022-07-16,2014-07-31,1,Senast registrerad ägare,500055.0,Svenskt Industriflyg AB,"Hangar 7, Bromma Flygplats 168 67  Bromma Sweden",2016-05-20
SE-DJL,2023-06-27,Exported,Bermuda,DASSAULT-FALCON-7X,40,2008,"31751,0",2023-10-02,2014-10-02,1,Senast registrerad ägare,500055.0,Svenskt Industriflyg AB,"Hangar 7, Bromma Flygplats 168 67  Bromma Sweden",2016-05-20
SE-DJM,2015-11-05,Exported,United States of America,DASSAULT-FALCON-900EX,106,2002,"22226,0",2015-11-29,2006-12-08,1,Senast registrerad ägare,500055.0,Svenskt Industriflyg AB,"Hangar 7, Bromma Flygplats 168 67  Bromma Sweden",2006-12-08
SE-DJN,2021-10-12,Exported,United Kingdom,AVRO-146-RJ85,E2231,1993,"43998,0",2020-07-31,2007-07-09,1,Senast registrerad ägare,503580.0,Braathens Aviation AS,Norway,2019-12-04
SE-DJO,2021-10-12,Exported,United Kingdom,AVRO-146-RJ85,E2226,1993,"43998,0",2020-07-31,2007-07-20,1,Senast registrerad ägare,503580.0,Braathens Aviation AS,Norway,2019-12-04
SE-DJP,2012-03-21,Exported,United Kingdom,AVRO-146-RJ70,E1254,1994,"43091,0",2012-08-31,2007-08-14,1,Senast registrerad ägare,500451.0,Braathens Regional Aviation AB,,2010-03-01
SE-DJR,2014-04-09,Exported,United Kingdom,AVRO-146-RJ85,E2392,2001,"42184,0",2014-11-30,2012-05-24,1,Senast registrerad ägare,500451.0,Braathens Regional Aviation AB,,2012-05-24
SE-DJX,2010-02-08,Exported,United Kingdom,AVRO-146-RJ70,E1223,1993,"40820,0",2010-11-30,2006-11-17,1,Senast registrerad ägare,504900.0,Braathens International Airways AB,Box 61 161 26 Bromma Sweden,2006-11-17
SE-DJY,2010-02-08,Exported,United Kingdom,AVRO-146-RJ70,E1224,1993,"40820,0",2011-01-10,2007-01-18,1,Senast registrerad ägare,504900.0,Braathens International Airways AB,Box 61 161 26 Bromma Sweden,2007-01-18
SE-DJZ,2010-02-08,Exported,United Kingdom,AVRO-146-RJ70,E1225,1993,"40820,0",2010-12-31,2006-12-21,1,Senast registrerad ägare,504900.0,Braathens International Airways AB,Box 61 161 26 Bromma Sweden,2006-12-21
SE-DKA,1994-11-18,Exported,United States of America,DASSAULT-FANJET FALCON-F,308,1974,"13000,0",,1989-01-30,1,Senast registrerad ägare,503836.0,Vallberga Kontrollhönseri AB,Svetsaregatan 6 30250 HALMSTAD Sweden,1993-05-27
SE-DKB,1993-10-13,Exported,United States of America,DASSAULT-FALCON-10,132,1979,"8500,0",,1990-08-10,1,Senast registrerad ägare,504588.0,Starcross AB,Hästhovsvägen 585 64 LINGHEM Sweden,1990-09-07
SE-DKC,1999-04-12,Exported,United States of America,DASSAULT-FALCON-10,123,1978,"8300,0",,1990-05-07,1,Senast registrerad ägare,503717.0,Trelleborg AB,Box 153 231 22 TRELLEBORG Sweden,1998-05-29
SE-DKD,1997-05-12,Exported,United States of America,DASSAULT-FALCON-10,60,1975,"8300,0",,1994-02-15,1,Senast registrerad ägare,504674.0,Scanjet Sweden AB,Kungsängens Flygplats 601 73 NORRKÖPING Sweden,1996-07-23
SE-DKF,1990-08-02,Exported,United States of America,HAWKER-HS125-600A,256038,1974,"11340,0",,1989-09-20,1,Senast registrerad ägare,504225.0,Centerline Sweden AB,Bodekullsvägen 1 374 35 KARLSHAMN Sweden,1989-11-01
SE-DKG,1990-05-28,Exported,Turkey,BOEING-737-205,19408,1968,"54205,0",,1989-03-30,1,Senast registrerad ägare,504345.0,Braathens Sverige AB,Box 135 19046 STOCKHOLM-ARLANDA Sweden,1989-03-30
SE-DKH,1991-08-01,Exported,Turkey,BOEING-737-205,20412,1971,"54205,0",,1991-07-15,1,Senast registrerad ägare,504345.0,Braathens Sverige AB,Box 135 19046 STOCKHOLM-ARLANDA Sweden,1991-07-15
SE-DKI,1995-01-23,Exported,United States of America,CESSNA-S550,S550-0008,1984,"6849,0",,1989-06-13,1,Senast registrerad ägare,503812.0,Strålfors AB,Box 341 201 23 MALMÖ Sweden,1989-06-13
SE-DKM,1990-11-21,Exported,United States of America,CESSNA-500,500-0309,1976,"5376,0",,1989-06-21,1,Senast registrerad ägare,504282.0,Z-Aircharter AB,Box 851 781 28 BORLÄNGE Sweden,1989-06-21
SE-DKO,1994-01-20,Exported,Norway,BOEING-767-383,24318,1989,"184612,0",,1989-04-10,1,Senast registrerad ägare,503787.0,Aerotransport AB,Box 7751 10396 STOCKHOLM Sweden,1989-04-10
SE-DKP,1993-09-21,Exported,Brazil,BOEING-767-283ER,24727,1990,"175540,0",,1990-06-06,1,Senast registrerad ägare,503787.0,Aerotransport AB,Box 7751 10396 STOCKHOLM Sweden,1990-06-06
SE-DKR,1990-10-16,Exported,Norway,BOEING-767-383,24846,1990,"184612,0",,1990-07-03,1,Senast registrerad ägare,503787.0,Aerotransport AB,Box 7751 10396 STOCKHOLM Sweden,1990-07-03
SE-DKS,1990-11-14,Exported,Denmark,BOEING-767-383,24848,1990,"184612,0",,1990-09-11,1,Senast registrerad ägare,503787.0,Aerotransport AB,Box 7751 10396 STOCKHOLM Sweden,1990-09-11
SE-DKT,1990-11-29,Exported,Denmark,BOEING-767-383,24849,1990,"175540,0",,1990-10-03,1,Senast registrerad ägare,503787.0,Aerotransport AB,Box 7751 10396 STOCKHOLM Sweden,1990-10-03
SE-DKU,1994-01-27,Exported,Norway,BOEING-767-383,24729,1991,"185066,0",,1991-03-22,1,Senast registrerad ägare,503787.0,Aerotransport AB,Box 7751 10396 STOCKHOLM Sweden,1991-03-22
SE-DKX,1994-01-18,Exported,Norway,BOEING-767-383,25365,1991,"185066,0",,1991-11-05,1,Senast registrerad ägare,503787.0,Aerotransport AB,Box 7751 10396 STOCKHOLM Sweden,1991-11-05
SE-DKY,1997-11-19,Exported,Mexico,BOEING-767-300,25411,1992,"184612,0",,1996-04-25,1,Senast registrerad ägare,503770.0,SAS Sverige AB,Sweden,1997-01-23
SE-DKZ,2000-05-12,Exported,Canada,BOEING-767-300,24952,1991,"184612,0",,1996-11-18,1,Senast registrerad ägare,503770.0,SAS Sverige AB,Sweden,1996-11-18
SE-DLA,1991-11-20,Exported,,BOEING-737-300,24300,1989,"61230,0",,1990-11-10,1,Senast registrerad ägare,503815.0,Linjeflyg AB,Box 550 19045 STOCKHOLM-ARLANDA Sweden,1990-11-10
SE-DLB,2012-12-20,Exported,United States of America,DASSAULT-FALCON-10,183,1983,"8500,0",2013-08-31,1990-08-21,1,Senast registrerad ägare,500055.0,Svenskt Industriflyg AB,"Hangar 7, Bromma Flygplats 168 67  Bromma Sweden",1994-01-24
SE-DLC,1995-01-11,Exported,United States of America,MCDONNELL DOUGLAS-DC9-41,47493,1969,"51700,0",,1990-10-24,1,Senast registrerad ägare,504644.0,Nordic European Airlines International AB,Box 2502 19225 SOLLENTUNA Sweden,1994-05-16
SE-DLD,1994-12-08,Owners request,,BOEING-737-205,20711,1973,"53070,0",,1991-04-05,1,Senast registrerad ägare,504040.0,Time Air Sweden AB,Kanalvägen 16 19461 UPPLANDS VÄSBY Sweden,1991-04-05
SE-DLG,1992-11-27,Exported,,BOEING-737-300,23388,1986,"60860,0",,1991-09-10,1,Senast registrerad ägare,504040.0,Time Air Sweden AB,Kanalvägen 16 19461 UPPLANDS VÄSBY Sweden,1991-09-10
SE-DLH,1993-03-01,Exported,,MCDONNELL DOUGLAS-DC8-71,45994,1968,"147700,0",,1991-12-10,1,Senast registrerad ägare,504040.0,Time Air Sweden AB,Kanalvägen 16 19461 UPPLANDS VÄSBY Sweden,1991-12-10
SE-DLI,1993-05-12,Exported,Denmark,CESSNA-560,560-0078,1990,"7212,0",,1990-12-20,1,Senast registrerad ägare,503801.0,Euro Flight Sweden AB,Box 2174 438 14 LANDVETTER Sweden,1993-01-01
SE-DLK,1993-01-07,Scrapped,,IAI-1124,197,1976,"10660,0",,1991-07-22,1,Senast registrerad ägare,500248.0,West Atlantic Sweden AB,Arenagatan 20 215 33 MALMÖ Sweden,1992-10-09
SE-DLL,1997-07-01,Exported,United States of America,IAI-1124,205,1977,"10660,0",,1991-11-06,1,Senast registrerad ägare,500248.0,West Atlantic Sweden AB,Arenagatan 20 215 33 MALMÖ Sweden,1996-02-26
SE-DLM,1993-10-27,Exported,United States of America,MCDONNELL DOUGLAS-DC8-71F,45971,1968,"148900,0",,1992-03-12,1,Senast registrerad ägare,504040.0,Time Air Sweden AB,Kanalvägen 16 19461 UPPLANDS VÄSBY Sweden,1992-03-12
SE-DLN,1990-12-14,Exported,Brazil,BOEING-737-300,23747,1987,"62825,0",,1989-10-11,1,Senast registrerad ägare,504345.0,Braathens Sverige AB,Box 135 19046 STOCKHOLM-ARLANDA Sweden,1990-09-18
SE-DLO,1995-11-21,Exported,United States of America,BOEING-737-300,23748,1987,"62825,0",,1994-10-24,1,Senast registrerad ägare,504644.0,Nordic European Airlines International AB,Box 2502 19225 SOLLENTUNA Sweden,1994-10-24
SE-DLP,1995-06-28,Exported,Mexico,BOEING-737-205,19409,1969,"54205,0",,1990-03-23,1,Senast registrerad ägare,504819.0,Flygylf AB,Hasselhammaren 19592 MÄRSTA Sweden,1995-06-08
SE-DLS,1997-06-12,Exported,Spain,MCDONNELL DOUGLAS-DC9-83,53198,1991,"72575,0",,1991-05-03,1,Senast registrerad ägare,500188.0,TUIfly Nordic AB,117 85 Stockholm Sweden,1996-02-28
SE-DLU,1997-04-10,Owners request,,MCDONNELL DOUGLAS-DC9-83,53199,1992,"72575,0",,1992-03-10,1,Senast registrerad ägare,500188.0,TUIfly Nordic AB,117 85 Stockholm Sweden,1996-02-28
SE-DLV,2009-10-26,Exported,United States of America,MCDONNELL DOUGLAS-DC9-83,49965,1992,"72575,0",2009-10-31,2006-10-26,1,Senast registrerad ägare,504973.0,Norwegian Air Shuttle Sweden AB,Box 242 190 47 STOCKHOLM-ARLANDA Sweden,2006-10-26
SE-DLX,1995-11-21,Exported,Finland,MCDONNELL DOUGLAS-DC9-83,49966,1993,"72575,0",,1993-04-06,1,Senast registrerad ägare,504345.0,Braathens Sverige AB,Box 135 19046 STOCKHOLM-ARLANDA Sweden,1995-04-05
SE-DLY,1994-01-14,Exported,United States of America,CESSNA-550,550-0286,1981,"6130,0",,1989-09-15,1,Senast registrerad ägare,504674.0,Scanjet Sweden AB,Kungsängens Flygplats 601 73 NORRKÖPING Sweden,1991-08-06
SE-DLZ,,,,CESSNA-500,500-0411,1982,"5376,0",2020-09-19,1989-03-23,1,Registrerad ägare,500449.0,Jivair AB,Hangarvägen 2B 438 70 Landvetter Sweden,1994-03-24
SE-DMA,2007-01-18,Non-airworthy,,MCDONNELL DOUGLAS-DC9-87,53009,1991,"63503,0",,1991-10-18,1,Senast registrerad ägare,503770.0,SAS Sverige AB,Sweden,1991-11-04
SE-DMB,2014-05-15,Exported,United States of America,MCDONNELL DOUGLAS-DC9-82,53314,1991,"67812,0",2014-02-16,1992-01-10,1,Senast registrerad ägare,503770.0,SAS Sverige AB,Sweden,2002-01-30
SE-DMC,2012-03-08,Exported,United States of America,MCDONNELL DOUGLAS-DC9-87,53340,1992,"63503,0",2012-12-05,2010-03-15,1,Senast registrerad ägare,503770.0,SAS Sverige AB,Sweden,2012-02-10
SE-DMD,2010-02-11,Exported,United States of America,MCDONNELL DOUGLAS-DC9-82,53347,1992,"63503,0",2010-11-01,2009-12-22,1,Senast registrerad ägare,503770.0,SAS Sverige AB,Sweden,2009-12-23
SE-DME,2010-03-25,Exported,United States of America,MCDONNELL DOUGLAS-DC9-82,53366,1992,"67812,0",2010-06-29,2009-12-23,1,Senast registrerad ägare,503770.0,SAS Sverige AB,Sweden,2010-01-04
SE-DMF,2007-12-17,Exported,Finland,MCDONNELL DOUGLAS-MD90-30,53457,1996,"70760,0",,1996-11-08,1,Senast registrerad ägare,503770.0,SAS Sverige AB,Sweden,2006-10-10
SE-DMG,2006-05-03,Exported,Switzerland,MCDONNELL DOUGLAS-MD90-30,53461,1996,"70760,0",,1996-12-23,1,Senast registrerad ägare,503770.0,SAS Sverige AB,Sweden,1996-12-23
SE-DMH,2008-04-24,Exported,Finland,MCDONNELL DOUGLAS-MD90-30,53543,1997,"70760,0",,1997-08-15,1,Senast registrerad ägare,503770.0,SAS Sverige AB,Sweden,1997-08-15
SE-DMI,2010-06-24,Exported,United States of America,MCDONNELL DOUGLAS-DC9-82,49437,1987,"67812,0",2010-07-07,2009-12-15,1,Senast registrerad ägare,503770.0,SAS Sverige AB,Sweden,2009-12-18
SE-DMK,2012-06-05,Exported,United States of America,MCDONNELL DOUGLAS-DC9-87,53337,1992,"63503,0",2012-07-19,2010-04-09,1,Senast registrerad ägare,503770.0,SAS Sverige AB,Sweden,2012-03-30
SE-DMM,2012-04-17,Exported,United States of America,MCDONNELL DOUGLAS-DC9-87,53208,1991,"63503,0",,2012-02-07,1,Senast registrerad ägare,503770.0,SAS Sverige AB,Sweden,2012-02-07
SE-DMN,2012-06-27,Exported,United States of America,MCDONNELL DOUGLAS-DC9-87,53209,1991,"61235,0",,2012-04-26,1,Senast registrerad ägare,503770.0,SAS Sverige AB,Sweden,2012-04-26
SE-DMO,,,,AIRBUS-A321-253NX,9541,2020,"97000,0",2027-07-10,2020-10-15,1,Registrerad ägare,503770.0,SAS Sverige AB,Sweden,2020-10-15
SE-DMP,2012-09-20,Exported,United States of America,MCDONNELL DOUGLAS-DC9-87,53211,1991,"61235,0",,2012-07-11,1,Senast registrerad ägare,503770.0,SAS Sverige AB,Sweden,2012-07-11
SE-DMR,,,,AIRBUS-A321-253NX,10408,2021,"97000,0",2027-07-05,2021-09-22,1,Registrerad ägare,503770.0,SAS Sverige AB,Sweden,2021-09-22
SE-DMS,,,,AIRBUS-A321-253NX,10500,2022,"97000,0",2027-02-22,2022-02-23,1,Registrerad ägare,503770.0,SAS Sverige AB,Sweden,2022-02-23
SE-DMT,2023-10-23,Scrapped,,MCDONNELL DOUGLAS-DC9-81,48003,1980,"64410,0",,2002-04-04,1,Senast registrerad ägare,525353.0,L & E Sweden AB/Advantage Aviation Services Sweden,Sweden,2012-11-15
SE-DMU,2000-11-21,Exported,United States of America,MCDONNELL DOUGLAS-DC9-81,48005,1981,"64410,0",,1996-05-30,1,Senast registrerad ägare,503770.0,SAS Sverige AB,Sweden,1996-06-05
SE-DMX,2000-07-07,Exported,United States of America,MCDONNELL DOUGLAS-DC9-81,48002,1981,"64410,0",,1996-03-29,1,Senast registrerad ägare,503770.0,SAS Sverige AB,Sweden,1996-04-19
SE-DMY,2000-01-13,Exported,United States of America,MCDONNELL DOUGLAS-DC9-81,48010,1981,"64410,0",,1995-11-06,1,Senast registrerad ägare,503770.0,SAS Sverige AB,Sweden,1995-11-06
SE-DMZ,2000-09-05,Exported,United States of America,MCDONNELL DOUGLAS-DC9-81,48009,1981,"63500,0",,1995-06-15,1,Senast registrerad ägare,503770.0,SAS Sverige AB,Sweden,1995-08-16
SE-DNA,1994-02-15,Exported,United Kingdom,BOEING-737-500,24694,1990,"60555,0",,1990-04-10,1,Senast registrerad ägare,503787.0,Aerotransport AB,Box 7751 10396 STOCKHOLM Sweden,1993-06-16
SE-DNB,1994-05-05,Exported,United Kingdom,BOEING-737-500,24695,1990,"60555,0",,1990-06-19,1,Senast registrerad ägare,503787.0,Aerotransport AB,Box 7751 10396 STOCKHOLM Sweden,1993-06-16
SE-DNC,1993-09-22,Exported,United Kingdom,BOEING-737-500,24754,1990,"52390,0",,1990-08-29,1,Senast registrerad ägare,503787.0,Aerotransport AB,Box 7751 10396 STOCKHOLM Sweden,1993-06-16
SE-DND,1995-03-31,Exported,United Kingdom,BOEING-737-500,25038,1990,"60555,0",,1990-12-27,1,Senast registrerad ägare,503815.0,Linjeflyg AB,Box 550 19045 STOCKHOLM-ARLANDA Sweden,1990-12-22
SE-DNE,1993-09-23,Exported,United Kingdom,BOEING-737-500,25065,1991,"60555,0",,1991-04-17,1,Senast registrerad ägare,503787.0,Aerotransport AB,Box 7751 10396 STOCKHOLM Sweden,1993-06-16
SE-DNF,1995-04-12,Exported,United Kingdom,BOEING-737-500,25160,1991,"52390,0",,1991-09-14,1,Senast registrerad ägare,503815.0,Linjeflyg AB,Box 550 19045 STOCKHOLM-ARLANDA Sweden,1991-09-14
SE-DNG,1995-04-25,Exported,United Kingdom,BOEING-737-500,25166,1991,"52930,0",,1991-10-03,1,Senast registrerad ägare,503815.0,Linjeflyg AB,Box 550 19045 STOCKHOLM-ARLANDA Sweden,1991-10-03
SE-DNH,1995-05-15,Exported,United Kingdom,BOEING-737-500,25167,1991,"52390,0",,1991-12-05,1,Senast registrerad ägare,503815.0,Linjeflyg AB,Box 550 19045 STOCKHOLM-ARLANDA Sweden,1991-12-05
SE-DNI,1993-09-30,Exported,United Kingdom,BOEING-737-500,26419,1991,"52390,0",,1992-01-03,1,Senast registrerad ägare,503815.0,Linjeflyg AB,Box 550 19045 STOCKHOLM-ARLANDA Sweden,1992-01-03
SE-DNK,1994-11-25,Exported,United Kingdom,BOEING 737-500,26421,1992,"0,0",,1992-05-13,1,Senast registrerad ägare,503787.0,Aerotransport AB,Box 7751 10396 STOCKHOLM Sweden,1993-06-16
SE-DNL,1995-03-07,Exported,United Kingdom,BOEING-737-500,26422,1993,"60555,0",,1993-01-11,1,Senast registrerad ägare,503787.0,Aerotransport AB,Box 7751 10396 STOCKHOLM Sweden,1993-06-16
SE-DNM,2002-10-07,Exported,Norway,BOEING-737-600,28288,1998,"57606,0",,1998-09-18,1,Senast registrerad ägare,503770.0,SAS Sverige AB,Sweden,1998-09-18
SE-DNN,1999-12-07,Exported,Norway,BOEING-737-600,28291,1998,"57606,0",,1998-11-02,1,Senast registrerad ägare,503770.0,SAS Sverige AB,Sweden,1998-11-02
SE-DNO,1999-12-01,Exported,Norway,BOEING-737-600,28292,1998,"57606,0",,1998-10-26,1,Senast registrerad ägare,503770.0,SAS Sverige AB,Sweden,1998-10-26
SE-DNP,2001-06-27,Exported,Norway,BOEING-737-600,28295,1998,"57606,0",,1998-12-04,1,Senast registrerad ägare,503770.0,SAS Sverige AB,Sweden,1998-12-04
SE-DNR,2001-06-26,Exported,Norway,BOEING-737-600,28296,1998,"57606,0",,1999-01-12,1,Senast registrerad ägare,503770.0,SAS Sverige AB,Sweden,1999-01-12
SE-DNS,2001-06-28,Exported,Norway,BOEING-737-600,28297,1998,"57606,0",,1999-01-27,1,Senast registrerad ägare,503770.0,SAS Sverige AB,Sweden,1999-01-27
SE-DNT,2005-04-15,Exported,United Kingdom,BOEING-737-600,28302,1999,"57606,0",,1999-04-28,1,Senast registrerad ägare,503770.0,SAS Sverige AB,Sweden,1999-04-28
SE-DNU,2005-05-18,Exported,United Kingdom,BOEING-737-600,28303,1999,"57606,0",,1999-05-12,1,Senast registrerad ägare,503770.0,SAS Sverige AB,Sweden,1999-05-12
SE-DNX,2017-07-31,Scrapped,,BOEING-737-600,28304,1999,"59874,0",2018-04-27,2008-05-07,1,Senast registrerad ägare,503770.0,SAS Sverige AB,Sweden,2008-06-18
SE-DNY,2000-12-06,Exported,Norway,BOEING-737-600,28308,1999,"57606,0",,1999-08-10,1,Senast registrerad ägare,503770.0,SAS Sverige AB,Sweden,1999-08-10
SE-DNZ,2000-11-22,Exported,Norway,BOEING-737-600,30190,1999,"57606,0",,1999-08-19,1,Senast registrerad ägare,503770.0,SAS Sverige AB,Sweden,1999-08-19
SE-DOA,1992-09-24,Exported,Norway,BOEING-767-383,24475,1989,"185066,0",,1990-12-10,1,Senast registrerad ägare,503787.0,Aerotransport AB,Box 7751 10396 STOCKHOLM Sweden,1990-12-10
SE-DOB,1994-01-11,Exported,Norway,BOEING-767-383,24476,1989,"185066,0",,1990-12-05,1,Senast registrerad ägare,503787.0,Aerotransport AB,Box 7751 10396 STOCKHOLM Sweden,1990-12-05
SE-DOC,1998-09-02,Exported,Norway,BOEING-767-383,26544,1992,"185066,0",,1992-02-27,1,Senast registrerad ägare,503770.0,SAS Sverige AB,Sweden,1997-01-27
SE-DOI,2002-06-20,Exported,United States of America,MCDONNELL DOUGLAS-DC9-41,47599,1974,"51710,0",,1999-03-24,1,Senast registrerad ägare,503770.0,SAS Sverige AB,Sweden,1999-03-24
SE-DOK,2003-01-24,Exported,United States of America,MCDONNELL DOUGLAS-DC9-41,47626,1974,"51710,0",,1999-03-25,1,Senast registrerad ägare,503770.0,SAS Sverige AB,Sweden,1999-03-25
SE-DOL,2003-01-24,Exported,United States of America,MCDONNELL DOUGLAS-DC9-41,47630,1974,"51710,0",,1999-03-22,1,Senast registrerad ägare,503770.0,SAS Sverige AB,Sweden,1999-03-22
SE-DOM,2002-07-26,Exported,United States of America,MCDONNELL DOUGLAS-DC9-41,47634,1974,"51710,0",,1999-03-23,1,Senast registrerad ägare,503770.0,SAS Sverige AB,Sweden,1999-03-23
SE-DON,2002-07-09,Exported,United States of America,MCDONNELL DOUGLAS-DC9-41,47748,1977,"51710,0",,1999-03-26,1,Senast registrerad ägare,504832.0,Swedeways AB,Skogsta 41 824 92 HUDIKSVALL Sweden,2001-02-23
SE-DOO,2002-07-26,Exported,United States of America,MCDONNELL DOUGLAS-DC9-41,47778,1979,"51710,0",,1999-03-29,1,Senast registrerad ägare,503770.0,SAS Sverige AB,Sweden,1999-03-29
SE-DOR,2017-05-30,Scrapped,,BOEING-737-600,28305,1999,"59874,0",2017-06-03,2008-06-03,1,Senast registrerad ägare,503770.0,SAS Sverige AB,Sweden,2008-06-18
SE-DOT,2006-02-07,Exported,Norway,BOEING-737-600,28306,1999,"57606,0",,2004-04-30,1,Senast registrerad ägare,503770.0,SAS Sverige AB,Sweden,2004-04-30
SE-DOX,,,,AIRBUS-A320-251N,7489,2017,"77000,0",2026-11-30,2017-03-03,1,Registrerad ägare,503770.0,SAS Sverige AB,Sweden,2017-03-03
SE-DOY,,,,AIRBUS-A320-251N,7499,2017,"77000,0",2027-03-29,2017-03-30,1,Registrerad ägare,503770.0,SAS Sverige AB,Sweden,2017-03-30
SE-DOZ,,,,AIRBUS-A320-251N,7565,2017,"77000,0",2026-12-03,2017-05-02,1,Registrerad ägare,503770.0,SAS Sverige AB,Sweden,2017-05-02
SE-DPA,2006-12-22,Exported,United Kingdom,BOEING-737-300,25401,1991,"61230,0",,2006-06-21,1,Senast registrerad ägare,504135.0,Falcon Air AB,Box 36 230 32 MALMÖ-STURUP Sweden,2006-06-21
SE-DPB,2007-04-03,Exported,United Kingdom,BOEING-737-300,25402,1991,"61235,0",,1992-02-26,1,Senast registrerad ägare,504135.0,Falcon Air AB,Box 36 230 32 MALMÖ-STURUP Sweden,1992-02-26
SE-DPC,2007-02-09,Exported,Ireland,BOEING-737-300,25426,1991,"61235,0",,1992-03-25,1,Senast registrerad ägare,504135.0,Falcon Air AB,Box 36 230 32 MALMÖ-STURUP Sweden,1992-03-25
SE-DPG,1998-04-15,Exported,United States of America,CESSNA-560,560-0086,1990,"7212,0",,1990-11-23,1,Senast registrerad ägare,504605.0,Birgma Sweden AB,Sweden,1991-01-29
SE-DPH,1994-02-10,Exported,United States of America,MCDONNELL DOUGLAS-DC9-83,49663,1987,"72575,0",,1991-11-22,1,Senast registrerad ägare,503787.0,Aerotransport AB,Box 7751 10396 STOCKHOLM Sweden,1991-11-22
SE-DPI,2003-03-03,Exported,United States of America,MCDONNELL DOUGLAS-DC9-83,49557,1988,"72575,0",,1991-12-27,1,Senast registrerad ägare,503770.0,SAS Sverige AB,Sweden,1997-01-27
SE-DPK,1999-04-07,Exported,United States of America,DASSAULT-FALCON-10,152,1980,"8755,0",,1992-02-04,1,Senast registrerad ägare,504166.0,Inter Air AB,Box 27 230 32 MALMÖ-STURUP Sweden,1998-03-03
SE-DPM,1996-05-21,Exported,United Kingdom,LOCKHEED-L1011 385-1,1145,1976,"204120,0",,1994-05-27,1,Senast registrerad ägare,504749.0,Air Operations Of Europe AB,Hammarbacken 4 19149 SOLLENTUNA Sweden,1994-05-27
SE-DPN,1993-03-19,Exported,Turkey,BOEING-737-300,23783,1988,"56475,0",,1992-11-05,1,Senast registrerad ägare,504040.0,Time Air Sweden AB,Kanalvägen 16 19461 UPPLANDS VÄSBY Sweden,1992-11-05
SE-DPO,1993-05-10,Owners request,,BOEING-737-300,23784,1988,"56475,0",,1992-11-12,1,Senast registrerad ägare,504040.0,Time Air Sweden AB,Kanalvägen 16 19461 UPPLANDS VÄSBY Sweden,1992-11-12
SE-DPP,1996-05-15,Exported,Iceland,LOCKHEED-L1011 385-1,1072,1974,"204120,0",,1994-06-10,1,Senast registrerad ägare,504749.0,Air Operations Of Europe AB,Hammarbacken 4 19149 SOLLENTUNA Sweden,1996-04-26
SE-DPR,1997-11-28,Exported,Iceland,LOCKHEED-L1011 385-1-15,193B-1231,1982,"211375,0",,1993-01-29,1,Senast registrerad ägare,504040.0,Time Air Sweden AB,Kanalvägen 16 19461 UPPLANDS VÄSBY Sweden,1993-01-29
SE-DPS,1995-03-24,Exported,Switzerland,MCDONNELL DOUGLAS-DC9-83,49398,1986,"72575,0",,1994-05-02,1,Senast registrerad ägare,504644.0,Nordic European Airlines International AB,Box 2502 19225 SOLLENTUNA Sweden,1994-05-02
SE-DPT,1997-07-01,Exported,United States of America,IAI-1124,325,1981,"10660,0",,1992-12-17,1,Senast registrerad ägare,500248.0,West Atlantic Sweden AB,Arenagatan 20 215 33 MALMÖ Sweden,1996-02-26
SE-DPU,1994-03-02,Exported,Spain,MCDONNELL DOUGLAS-DC9-83,49938,1990,"72575,0",,1993-05-28,1,Senast registrerad ägare,504345.0,Braathens Sverige AB,Box 135 19046 STOCKHOLM-ARLANDA Sweden,1993-05-28
SE-DPV,1996-06-26,Exported,Ireland,LOCKHEED-L1011 385-1,193B-1030,1973,"195050,0",,1993-10-08,1,Senast registrerad ägare,503194.0,Aer Turas Teoranxa,Dublin Airport Corballis Park IE-00000 DUBLIN Ireland,1996-06-24
SE-DPX,2007-01-15,Non-airworthy,,LOCKHEED-L1011 385-1,193B-1091,1974,"204120,0",,1994-04-30,1,Senast registrerad ägare,504644.0,Nordic European Airlines International AB,Box 2502 19225 SOLLENTUNA Sweden,1996-05-23
SE-DPY,1994-03-16,Exported,United States of America,HAWKER-HS125-700A,257035,1978,"11340,0",,1992-01-24,1,Senast registrerad ägare,504743.0,Euro Flight Sweden AB,Box 2174 43814 LANDVETTER Sweden,1993-05-28
SE-DPZ,1998-12-11,Exported,United States of America,HAWKER-HS125-700A,257015,1977,"11340,0",,1992-01-24,1,Senast registrerad ägare,504674.0,Scanjet Sweden AB,Kungsängens Flygplats 601 73 NORRKÖPING Sweden,1996-06-27
SE-DRA,2005-04-20,Exported,Denmark,BAE-146-200,E2115,1988,"42184,0",,1992-01-22,1,Senast registrerad ägare,500451.0,Braathens Regional Aviation AB,,1992-01-22
SE-DRB,2002-04-30,Exported,United Kingdom,BAE-146-200,E2057,1986,"40595,0",,1992-08-21,1,Senast registrerad ägare,500451.0,Braathens Regional Aviation AB,,1992-08-21
SE-DRC,2001-04-27,Exported,Ireland,BAE-146-200,E2053,1986,"40595,0",,1993-01-22,1,Senast registrerad ägare,500451.0,Braathens Regional Aviation AB,,1993-01-22
SE-DRD,2004-06-16,Exported,Denmark,BAE-146-200,E2094,1987,"42184,0",,1993-09-10,1,Senast registrerad ägare,500451.0,Braathens Regional Aviation AB,,1998-11-23
SE-DRE,2001-03-29,Exported,Ireland,BAE-146-200,E2051,1986,"40595,0",,1994-08-12,1,Senast registrerad ägare,500451.0,Braathens Regional Aviation AB,,1994-08-12
SE-DRF,2001-10-23,Exported,United Kingdom,BAE-146-200,E2055,1986,"40595,0",,1994-09-16,1,Senast registrerad ägare,500451.0,Braathens Regional Aviation AB,,1994-09-16
SE-DRG,2001-06-18,Exported,United Kingdom,BAE-146-200,E2054,1986,"40595,0",,1994-12-09,1,Senast registrerad ägare,500451.0,Braathens Regional Aviation AB,,1994-12-09
SE-DRH,1997-05-26,Owners request,,BAE-146-100,E1006,1983,"37310,0",,1995-07-26,1,Senast registrerad ägare,500451.0,Braathens Regional Aviation AB,,1995-07-26
SE-DRI,2002-09-19,Exported,United Kingdom,BAE-146-200,E2058,1986,"40595,0",,1995-09-13,1,Senast registrerad ägare,500451.0,Braathens Regional Aviation AB,,1995-09-13
SE-DRK,2001-06-13,Exported,Ireland,BAE-146-200,E2108,1988,"42184,0",,1996-06-12,1,Senast registrerad ägare,500451.0,Braathens Regional Aviation AB,,1996-06-12
SE-DRL,2001-03-27,Exported,United Kingdom,BAE-146-200,E2138,1989,"42184,0",,1998-04-04,1,Senast registrerad ägare,500451.0,Braathens Regional Aviation AB,,1998-04-04
SE-DRM,2004-11-30,Exported,Belgium,BAE-146-200,E2196,1991,"42184,0",,2003-05-16,1,Senast registrerad ägare,500451.0,Braathens Regional Aviation AB,,2003-05-16
SE-DRN,2009-06-10,Exported,Indonesia,BAE-146-200QT,E2113,1989,"42184,0",2008-10-31,2006-10-13,1,Senast registrerad ägare,503760.0,Erik Thun AB,Box 900 531 19 LIDKÖPING Sweden,2008-01-04
SE-DRO,2026-05-08,Transfer to military registration,,BOMBARDIER-BD-700-1A10,60148,2024,"45132,0",,2025-12-09,1,Senast registrerad ägare,502843.0,Försvarets Materielverk,115 88 STOCKHOLM Sweden,2025-12-09
SE-DRP,2026-05-08,Transfer to military registration,,BOMBARDIER-BD-700-1A10,60178,2025,"45132,0",,2025-12-19,1,Senast registrerad ägare,502843.0,Försvarets Materielverk,115 88 STOCKHOLM Sweden,2025-12-19
SE-DRR,1997-10-24,Exported,Ireland,BOEING-737-400,24690,1990,"68039,0",,1997-05-30,1,Senast registrerad ägare,504644.0,Nordic European Airlines International AB,Box 2502 19225 SOLLENTUNA Sweden,1997-05-30
SE-DRS,2013-03-28,Exported,United States of America,BEECH-400A,RK-37,1992,"7303,0",2013-06-08,1997-02-19,1,Senast registrerad ägare,504077.0,AJ Produkter Aktiebolag,301 82 HALMSTAD Sweden,2005-12-01
SE-DRT,1999-12-08,Exported,Norway,CESSNA-500,500-0311,1976,"5670,0",,1994-05-02,1,Senast registrerad ägare,503792.0,Handelsbanken Finans AB,106 35 STOCKHOLM Sweden,1994-05-02
SE-DRU,1995-03-20,Exported,Switzerland,MCDONNELL DOUGLAS-DC9-83,49442,1987,"72575,0",,1994-03-15,2,Senast registrerad delägare,503122.0,Mitsui Leasing (u.k.) LTD,20 Old Bailey GB-EC4M 7QQ London United Kingdom,1994-03-15
SE-DRU,1995-03-20,Exported,Switzerland,MCDONNELL DOUGLAS-DC9-83,49442,1987,"72575,0",,1994-03-15,2,Senast registrerad ägare,504345.0,Braathens Sverige AB,Box 135 19046 STOCKHOLM-ARLANDA Sweden,1994-03-15
SE-DRV,1997-06-18,Exported,Malaysia,BAE-125-800A,258079,1987,"12430,0",,1995-06-26,1,Senast registrerad ägare,504807.0,En & Son AB,Box 955 19129 SOLLENTUNA Sweden,1995-06-26
SE-DRZ,2016-04-01,Exported,United States of America,CESSNA-500,500-0315,1976,"5670,0",2016-09-30,1994-11-11,1,Senast registrerad ägare,500449.0,Jivair AB,Hangarvägen 2B 438 70 Landvetter Sweden,2010-02-15
SE-DSA,1999-09-23,Exported,United States of America,DASSAULT-FALCON-20 F5,339,1975,"13200,0",,1995-01-10,1,Senast registrerad ägare,503807.0,Saab Air AB,58188 LINKÖPING Sweden,1996-08-16
SE-DSB,2007-01-15,Non-airworthy,,LOCKHEED-L1011 385-1,193B-1059,1973,"195050,0",,1995-02-13,1,Senast registrerad ägare,504644.0,Nordic European Airlines International AB,Box 2502 19225 SOLLENTUNA Sweden,1996-10-17
SE-DSC,1997-02-13,Scrapped,,LOCKHEED-L1011 385-1,193B-1065,1974,"204120,0",,1995-03-24,1,Senast registrerad ägare,504749.0,Air Operations Of Europe AB,Hammarbacken 4 19149 SOLLENTUNA Sweden,1995-03-24
SE-DSD,1996-10-30,Exported,United States of America,LOCKHEED-L1011 385-1-15,193B-1215,1981,"211380,0",,1995-04-11,1,Senast registrerad ägare,504749.0,Air Operations Of Europe AB,Hammarbacken 4 19149 SOLLENTUNA Sweden,1995-04-11
SE-DSE,1996-10-30,Exported,United States of America,LOCKHEED-L1011 385-1,193B-1013,1973,"195050,0",,1995-06-15,1,Senast registrerad ägare,504749.0,Air Operations Of Europe AB,Hammarbacken 4 19149 SOLLENTUNA Sweden,1995-06-15
SE-DSF,1996-06-04,Exported,United States of America,AIRBUS-A300B4-203,220,1982,"165000,0",,1995-05-30,1,Senast registrerad ägare,504749.0,Air Operations Of Europe AB,Hammarbacken 4 19149 SOLLENTUNA Sweden,1995-05-30
SE-DSG,1995-11-17,Exported,Peru,AIRBUS-A300B4-203,259,1983,"165000,0",,1995-05-30,1,Senast registrerad ägare,504749.0,Air Operations Of Europe AB,Hammarbacken 4 19149 SOLLENTUNA Sweden,1995-05-30
SE-DSH,1995-12-28,Exported,Mexico,AIRBUS-A300B4-203,207,1982,"165000,0",,1995-06-22,1,Senast registrerad ägare,504749.0,Air Operations Of Europe AB,Hammarbacken 4 19149 SOLLENTUNA Sweden,1995-06-22
SE-DSK,1997-10-10,Exported,United States of America,BOEING-757-200,25592,1992,"113398,0",,1995-05-18,1,Senast registrerad ägare,504796.0,Sunways Airlines AB,Sveavägen 49 11359 STOCKHOLM Sweden,1995-05-18
SE-DSL,1997-10-10,Exported,United States of America,BOEING-757-200,25593,1992,"113398,0",,1995-05-16,1,Senast registrerad ägare,504796.0,Sunways Airlines AB,Sveavägen 49 11359 STOCKHOLM Sweden,1995-05-16
SE-DSM,1997-11-26,Exported,United Kingdom,BOEING-757-200,24528,1989,"113398,0",,1996-03-14,1,Senast registrerad ägare,503232.0,Reizen Air Belgium N.v.,Vilvoordelaan 192 BE-1930 ZAVENTEM Belgium,1997-11-11
SE-DSN,1997-11-22,Exported,Mexico,BOEING-757-200,25133,1991,"113398,0",,1996-10-25,1,Senast registrerad ägare,504796.0,Sunways Airlines AB,Sveavägen 49 11359 STOCKHOLM Sweden,1996-10-25
SE-DSO,2020-02-28,Scrapped,,AVRO-146-RJ100,E3221,1992,"44225,0",2019-08-31,2001-08-03,1,Senast registrerad ägare,500451.0,Braathens Regional Aviation AB,,2012-02-01
SE-DSP,2018-10-24,Scrapped,,AVRO-146-RJ100,E3242,1994,"44225,0",2018-02-28,2001-03-09,1,Senast registrerad ägare,500451.0,Braathens Regional Aviation AB,,2012-02-01
SE-DSR,2021-09-14,Exported,Canada,AVRO-146-RJ100,E3244,1994,"44225,0",2020-04-30,2001-04-24,1,Senast registrerad ägare,503580.0,Braathens Aviation AS,Norway,2019-12-04
SE-DSS,2021-12-23,Exported,United Kingdom,AVRO-146-RJ100,E3245,1994,"44225,0",2020-05-31,2001-05-23,1,Senast registrerad ägare,503580.0,Braathens Aviation AS,Norway,2019-12-04
SE-DST,2018-05-22,Scrapped,,AVRO-146-RJ100,E3247,1994,"44225,0",2017-10-15,2000-11-10,1,Senast registrerad ägare,500451.0,Braathens Regional Aviation AB,,2012-02-01
SE-DSU,2021-12-23,Exported,United Kingdom,AVRO-146-RJ100,E3248,1994,"44225,0",2020-04-30,2001-04-03,1,Senast registrerad ägare,503580.0,Braathens Aviation AS,Norway,2019-12-04
SE-DSV,2021-06-28,Exported,Canada,AVRO-146-RJ100,E3250,1994,"44225,0",2020-11-30,2000-12-15,1,Senast registrerad ägare,503580.0,Braathens Aviation AS,Norway,2019-12-04
SE-DSX,2020-05-28,Exported,Isle of Man,AVRO-146-RJ100,E3255,1994,"44225,0",2020-07-31,2001-07-27,1,Senast registrerad ägare,500451.0,Braathens Regional Aviation AB,,2001-07-27
SE-DSY,2020-05-28,Scrapped,,AVRO-146-RJ100,E3263,1995,"44225,0",2020-01-31,2001-02-15,1,Senast registrerad ägare,500451.0,Braathens Regional Aviation AB,,2001-02-15
SE-DSZ,2021-09-14,Exported,Bahrain,AVRO-146-RJ100,E3380,2000,"44999,0",2020-05-30,2017-11-17,1,Senast registrerad ägare,500451.0,Braathens Regional Aviation AB,,2019-12-04
SE-DTA,1997-06-04,Exported,United Kingdom,BOEING-737-300,24068,1988,"62142,0",,1994-12-16,1,Senast registrerad ägare,504644.0,Nordic European Airlines International AB,Box 2502 19225 SOLLENTUNA Sweden,1994-12-16
SE-DTB,1998-06-08,Exported,Czech Republic,BOEING-737-400,24911,1991,"68039,0",,1995-03-23,1,Senast registrerad ägare,504644.0,Nordic European Airlines International AB,Box 2502 19225 SOLLENTUNA Sweden,1995-03-23
SE-DTC,2000-01-25,Scrapped,,LOCKHEED-L1011 385-1,193A-1050,1973,"195050,0",,1995-04-04,1,Senast registrerad ägare,500457.0,Nova Airlines AB,"Konkursförvaltare Renman, Hans Sweden",1997-11-03
SE-DTD,1996-08-15,Exported,Iceland,LOCKHEED-L1011 385-1,193A-1033,1973,"195050,0",,1995-06-19,1,Senast registrerad ägare,503912.0,SEB Finans AB,167 81 BROMMA Sweden,1996-06-26
SE-DTF,2002-10-03,Exported,Norway,BOEING-737-600,28309,1999,"57606,0",,1999-09-20,1,Senast registrerad ägare,503770.0,SAS Sverige AB,Sweden,1999-09-20
SE-DTG,2002-11-22,Exported,Norway,BOEING-737-700,30191,1999,"61688,0",,1999-11-09,1,Senast registrerad ägare,503770.0,SAS Sverige AB,Sweden,1999-11-09
SE-DTH,2014-01-27,Exported,Norway,BOEING-737-600,28313,1999,"59874,0",2015-01-21,2000-01-03,1,Senast registrerad ägare,503770.0,SAS Sverige AB,Sweden,2006-04-20
SE-DTI,2003-06-17,Exported,Norway,BOEING-737-700,28314,2000,"61688,0",,2000-01-19,1,Senast registrerad ägare,503770.0,SAS Sverige AB,Sweden,2000-01-19
SE-DTK,2000-09-27,Exported,Norway,BOEING-737-800,28318,2000,"70534,0",,2000-05-08,1,Senast registrerad ägare,503770.0,SAS Sverige AB,Sweden,2000-05-08
SE-DTL,2000-09-21,Exported,Norway,BOEING-737-800,28319,2000,"70534,0",,2000-05-12,1,Senast registrerad ägare,503770.0,SAS Sverige AB,Sweden,2000-05-12
SE-DTM,2000-10-24,Exported,Norway,BOEING-737-800,28320,2000,"70534,0",,2000-05-19,1,Senast registrerad ägare,503770.0,SAS Sverige AB,Sweden,2000-05-19
SE-DTN,2009-12-07,Exported,Bermuda,BOEING-737-800,30467,2000,"73481,0",,2009-03-30,1,Senast registrerad ägare,503770.0,SAS Sverige AB,Sweden,2009-03-30
SE-DTO,2000-10-03,Exported,Norway,BOEING-737-800,30194,2000,"70534,0",,2000-10-02,1,Senast registrerad ägare,503770.0,SAS Sverige AB,Sweden,2000-10-02
SE-DTP,2009-12-07,Exported,Bermuda,BOEING-737-800,30468,2000,"73481,0",2010-03-04,2009-03-12,1,Senast registrerad ägare,503770.0,SAS Sverige AB,Sweden,2009-03-12
SE-DTR,2004-12-21,Exported,Norway,BOEING-737-800,32277,2004,"78999,0",,2004-09-06,1,Senast registrerad ägare,503770.0,SAS Sverige AB,Sweden,2004-09-06
SE-DTS,2001-05-07,Exported,Norway,BOEING-737-800,30197,2001,"70534,0",,2001-03-30,1,Senast registrerad ägare,503770.0,SAS Sverige AB,Sweden,2001-03-30
SE-DTT,2001-05-09,Exported,Norway,BOEING-737-800,28324,2001,"70534,0",,2001-02-23,1,Senast registrerad ägare,503770.0,SAS Sverige AB,Sweden,2001-02-23
SE-DTU,2002-09-30,Exported,Norway,BOEING-737-600,28311,1999,"57606,0",,1999-10-11,1,Senast registrerad ägare,503770.0,SAS Sverige AB,Sweden,1999-10-11
SE-DTV,1998-03-11,Exported,,BOEING-737-600,20363,1969,"49442,0",,1997-07-18,1,Senast registrerad ägare,504644.0,Nordic European Airlines International AB,Box 2502 19225 SOLLENTUNA Sweden,1997-07-18
SE-DTX,2000-10-25,Exported,Norway,BOEING-737-800,28321,2000,"70534,0",,2000-06-14,1,Senast registrerad ägare,503770.0,SAS Sverige AB,Sweden,2000-06-14
SE-DTY,2000-10-26,Exported,Norway,BOEING-737-800,30193,2000,"70534,0",,2000-06-27,1,Senast registrerad ägare,503770.0,SAS Sverige AB,Sweden,2000-06-27
SE-DTZ,2000-09-19,Exported,Norway,BOEING-737-600,28322,2000,"57606,0",,2000-08-02,1,Senast registrerad ägare,503770.0,SAS Sverige AB,Sweden,2000-08-02
SE-DUA,1995-10-31,Exported,United States of America,FOKKER-F28-MK0100,11321,1990,"44450,0",,1993-11-01,1,Senast registrerad ägare,504345.0,Braathens Sverige AB,Box 135 19046 STOCKHOLM-ARLANDA Sweden,1993-11-01
SE-DUB,1995-09-28,Exported,United States of America,FOKKER-F28-MK0100,11323,1990,"44450,0",,1993-12-01,1,Senast registrerad ägare,504345.0,Braathens Sverige AB,Box 135 19046 STOCKHOLM-ARLANDA Sweden,1993-12-01
SE-DUC,2000-07-07,Exported,France,FOKKER-F28-MK0100,11324,1990,"44455,0",,1993-09-03,1,Senast registrerad ägare,500451.0,Braathens Regional Aviation AB,,1993-09-03
SE-DUD,2000-04-07,Exported,France,FOKKER-F28-MK0100,11325,1990,"44450,0",,1993-09-15,1,Senast registrerad ägare,500451.0,Braathens Regional Aviation AB,,1993-09-15
SE-DUE,2000-10-30,Exported,Brazil,FOKKER-F28-MK0100,11326,1991,"44450,0",,1993-10-01,1,Senast registrerad ägare,500451.0,Braathens Regional Aviation AB,,1993-10-01
SE-DUF,1995-08-25,Exported,United States of America,FOKKER-F28 MK0100,11329,1991,"0,0",,1994-03-23,1,Senast registrerad ägare,504345.0,Braathens Sverige AB,Box 135 19046 STOCKHOLM-ARLANDA Sweden,1994-03-23
SE-DUG,1995-12-18,Exported,United States of America,FOKKER-F28-MK0100,11330,1991,"44450,0",,1994-05-04,1,Senast registrerad ägare,504345.0,Braathens Sverige AB,Box 135 19046 STOCKHOLM-ARLANDA Sweden,1994-05-04
SE-DUH,1997-05-13,Exported,Netherlands,FOKKER-F28-MK0100,11350,1991,"44450,0",,1995-08-04,1,Senast registrerad ägare,504345.0,Braathens Sverige AB,Box 135 19046 STOCKHOLM-ARLANDA Sweden,1995-08-04
SE-DUI,1997-03-27,Exported,Netherlands,FOKKER-F28-MK0100,11371,1991,"44450,0",,1995-09-07,1,Senast registrerad ägare,504345.0,Braathens Sverige AB,Box 135 19046 STOCKHOLM-ARLANDA Sweden,1995-09-07
SE-DUK,2002-10-09,Exported,United Kingdom,BOEING-757-200,25054,1991,"113398,0",,1995-12-12,1,Senast registrerad ägare,500188.0,TUIfly Nordic AB,117 85 Stockholm Sweden,1995-12-12
SE-DUL,2001-04-27,Exported,Israel,BOEING-757-200,26151,1991,"113398,0",,1996-04-27,1,Senast registrerad ägare,500188.0,TUIfly Nordic AB,117 85 Stockholm Sweden,1996-04-27
SE-DUN,1999-12-13,Exported,United Kingdom,BOEING-757-200,22612,1986,"109317,0",,1996-11-06,1,Senast registrerad ägare,500188.0,TUIfly Nordic AB,117 85 Stockholm Sweden,1997-09-11
SE-DUO,2008-03-10,Exported,Canada,BOEING-757-200,24792,1990,"113398,0",,2005-10-12,1,Senast registrerad ägare,500188.0,TUIfly Nordic AB,117 85 Stockholm Sweden,2005-10-12
SE-DUP,2008-03-17,Exported,United Kingdom,BOEING-757-200,24793,1990,"113398,0",,2005-03-23,1,Senast registrerad ägare,500188.0,TUIfly Nordic AB,117 85 Stockholm Sweden,2002-04-30
SE-DUR,2000-11-17,Exported,Brazil,FOKKER-F28-MK0100,11332,1991,"44480,0",,1997-03-21,1,Senast registrerad ägare,500451.0,Braathens Regional Aviation AB,,1997-03-21
SE-DUS,2000-05-31,Exported,United Kingdom,BOEING-737-300,24255,1988,"61235,0",,1997-05-07,1,Senast registrerad ägare,504345.0,Braathens Sverige AB,Box 135 19046 STOCKHOLM-ARLANDA Sweden,2000-02-03
SE-DUT,1999-03-31,Exported,Norway,BOEING-737-500,25165,1993,"55000,0",,1998-04-23,1,Senast registrerad ägare,504345.0,Braathens Sverige AB,Box 135 19046 STOCKHOLM-ARLANDA Sweden,1998-04-23
SE-DUU,2010-07-12,Exported,Nigeria,FOKKER-F28-MK0100,11286,1989,"44450,0",2010-08-31,2007-08-21,1,Senast registrerad ägare,504372.0,MCA Airlines Sweden AB,Box 212 190 47 STOCKHOLM-ARLANDA Sweden,2007-08-21
SE-DUV,2009-04-01,Exported,Netherlands,FOKKER-F28-MK0100,11291,1989,"44450,0",2009-11-30,2007-11-21,1,Senast registrerad ägare,504372.0,MCA Airlines Sweden AB,Box 212 190 47 STOCKHOLM-ARLANDA Sweden,2007-11-21
SE-DUX,2016-04-08,Destroyed,,BOMBARDIER-CL600-2B19,7010,1993,"23995,0",2016-05-31,2007-05-24,1,Senast registrerad ägare,500248.0,West Atlantic Sweden AB,Arenagatan 20 215 33 MALMÖ Sweden,2007-06-11
SE-DUY,2023-02-02,Exported,Mexico,BOMBARDIER-CL600-2B19,7023,1993,"23995,0",2023-06-16,2007-06-15,1,Senast registrerad ägare,500248.0,West Atlantic Sweden AB,Arenagatan 20 215 33 MALMÖ Sweden,2007-07-03
SE-DUZ,2012-07-31,Exported,United States of America,CESSNA-500,500-0143,1974,"5376,0",2009-04-30,1998-12-16,1,Senast registrerad ägare,524962.0,UBI Leasing S.p.A,Via Cefalonia 74 IT-25124 BRESCIA Italy,2012-07-30
SE-DVA,2001-11-06,Exported,United States of America,CESSNA-501,500-0397,1980,"5375,0",,1996-09-13,1,Senast registrerad ägare,504039.0,PayEx Finance AB,S:t Hansplan 1 621 88 VISBY Sweden,1997-05-22
SE-DVB,2001-03-19,Exported,Denmark,CESSNA-500,500-0294,1976,"5670,0",,1997-09-18,1,Senast registrerad ägare,504651.0,Team Jelbe Production On Air Television AB,Box 20506 161 02 BROMMA Sweden,1997-09-18
SE-DVD,2006-11-30,Exported,United States of America,HAWKER-800XP,258339,1997,"12700,0",,1998-02-20,1,Senast registrerad ägare,504429.0,Biltema Sweden AB,Kajpromenaden 21 252 67 HELSINGBORG Sweden,2005-08-19
SE-DVE,2007-07-27,Exported,Finland,DASSAULT-FALCON-900EX,23,1997,"22226,0",,1998-04-14,1,Senast registrerad ägare,500245.0,Blue Chip Jet HB,Holmvägen 100 417 46 Göteborg Sweden,1998-04-14
SE-DVF,2000-04-25,Exported,Portugal,LOCKHEED-L1011 385-3,293B-1241,1983,"231332,0",,1997-10-31,1,Senast registrerad ägare,500457.0,Nova Airlines AB,"Konkursförvaltare Renman, Hans Sweden",1997-10-31
SE-DVG,1999-11-22,Exported,United States of America,DASSAULT-FALCON-50,104,1982,"18500,0",,1991-08-15,1,Senast registrerad ägare,500245.0,Blue Chip Jet HB,Holmvägen 100 417 46 Göteborg Sweden,1997-07-15
SE-DVH,1999-03-31,Exported,France,AIRBUS-A320-212,190,1991,"77000,0",,1998-03-27,1,Senast registrerad ägare,500457.0,Nova Airlines AB,"Konkursförvaltare Renman, Hans Sweden",1998-03-27
SE-DVI,2000-07-17,Exported,Portugal,LOCKHEED-L1011 385-3,193H-1248,1983,"231332,0",,1998-03-19,1,Senast registrerad ägare,500457.0,Nova Airlines AB,"Konkursförvaltare Renman, Hans Sweden",1999-11-10
SE-DVK,2002-01-23,Exported,United States of America,DASSAULT-FALCON-50,249,1994,"18500,0",,1997-06-11,1,Senast registrerad ägare,503807.0,Saab Air AB,58188 LINKÖPING Sweden,1997-06-11
SE-DVL,2002-02-08,Exported,United States of America,DASSAULT-FALCON-50,238,1993,"18500,0",,1997-06-10,1,Senast registrerad ägare,503807.0,Saab Air AB,58188 LINKÖPING Sweden,1999-06-30
SE-DVM,1998-03-11,Owners request,,LOCKHEED-L1011 385-3,193J-1183,1980,"231332,0",,1997-10-31,1,Senast registrerad ägare,504644.0,Nordic European Airlines International AB,Box 2502 19225 SOLLENTUNA Sweden,1997-10-31
SE-DVO,2004-02-12,Exported,Turkey,BOEING-737-800,28822,1998,"79015,0",,1999-02-18,1,Senast registrerad ägare,500457.0,Nova Airlines AB,"Konkursförvaltare Renman, Hans Sweden",1999-02-18
SE-DVP,2013-10-11,Exported,United States of America,DASSAULT-FALCON-10,224,1989,"8755,0",2013-11-07,1991-10-24,1,Senast registrerad ägare,500055.0,Svenskt Industriflyg AB,"Hangar 7, Bromma Flygplats 168 67  Bromma Sweden",1998-09-28
SE-DVR,2004-04-08,Exported,Turkey,BOEING-737-800,28826,1999,"79015,0",,1999-04-07,1,Senast registrerad ägare,500457.0,Nova Airlines AB,"Konkursförvaltare Renman, Hans Sweden",1999-04-07
SE-DVS,1998-06-09,Exported,United States of America,HAWKER-DH125-400A,NA749,1970,"10705,0",,1997-09-17,1,Senast registrerad ägare,504674.0,Scanjet Sweden AB,Kungsängens Flygplats 601 73 NORRKÖPING Sweden,1997-09-17
SE-DVT,2006-12-14,Exported,France,CESSNA-550,550-0634,1990,"6396,0",,1996-12-11,1,Senast registrerad ägare,500177.0,GKN Aerospace Sweden AB,Flygmotorvägen 1 461 38 Trollhättan Sweden,1996-12-11
SE-DVU,2005-05-25,Exported,Germany,BOEING-737-800,28825,1999,"79015,0",,1999-05-07,1,Senast registrerad ägare,500457.0,Nova Airlines AB,"Konkursförvaltare Renman, Hans Sweden",1999-05-07
SE-DVV,2004-09-13,Exported,Serbia,CESSNA-550,550-0272,1981,"6577,0",,2000-11-29,1,Senast registrerad ägare,503318.0,HYPO - Leasing Kärnten GmbH & Co KG,Alpen Adria Platz 1 AU-A-9020 Klagenfurt Australia,2001-04-26
SE-DVX,2000-06-22,Exported,United States of America,LOCKHEED-L1011 385-3,193J-1183,1980,"231332,0",,1999-03-27,1,Senast registrerad ägare,500457.0,Nova Airlines AB,"Konkursförvaltare Renman, Hans Sweden",2000-03-08
SE-DVY,2006-06-09,Exported,Australia,CESSNA-650,650-7011,1992,"10185,0",,1998-02-06,1,Senast registrerad ägare,500446.0,EFS European Flight Service AB,Hangarvägen 6A 438 70 Landvetter Sweden,2003-09-04
SE-DVZ,2004-08-18,Exported,Serbia,CESSNA-550,550-0808,1997,"6713,0",,1997-11-08,1,Senast registrerad ägare,500446.0,EFS European Flight Service AB,Hangarvägen 6A 438 70 Landvetter Sweden,1998-07-24
SE-DXA,2006-05-26,Exported,Norway,HAWKER-HUNTER-F MK58,XE-77,1958,"10200,0",2001-06-30,1995-06-15,1,Senast registrerad ägare,504614.0,Scandinavian Historic Flight AB,Sweden,2004-11-17
SE-DXB,,,,SAAB-J29F,29670,1955,"6665,0",2027-01-31,1995-07-07,1,Registrerad ägare,500817.0,Swedish Air Force Historic Flight,Sweden,1995-07-07
SE-DXC,2002-11-08,Exported,Canada,HAWKER-HUNTER-F MK58,41H679995,1958,"10800,0",2003-10-31,1996-04-11,1,Senast registrerad ägare,500817.0,Swedish Air Force Historic Flight,Sweden,2001-10-12
SE-DXD,2002-11-28,Exported,Canada,HAWKER-HUNTER-F MK58,41H697390,1958,"10800,0",2003-09-30,1996-04-11,1,Senast registrerad ägare,504471.0,Eskilstuna Flygmuseum AB,Sweden,1996-04-11
SE-DXE,2002-09-20,Exported,Canada,HAWKER-HUNTER-F MK58,41H-697443,1959,"10300,0",2003-04-30,1996-11-07,1,Senast registrerad ägare,503205.0,Aeromech International Resourses Ltd,63 St Leonards Road  Windsor GB-SL4 3BX BERKS United Kingdom,1996-11-07
SE-DXF,2002-09-20,Exported,Canada,HAWKER-HUNTER-F MK58,41H-697454,1959,"10300,0",2003-03-31,1996-11-07,1,Senast registrerad ägare,503205.0,Aeromech International Resourses Ltd,63 St Leonards Road  Windsor GB-SL4 3BX BERKS United Kingdom,1996-11-07
SE-DXG,,,,SAAB 105/SK 60 E,60.140,1968,"4200,0",2026-11-30,2009-08-28,1,Registrerad ägare,500817.0,Swedish Air Force Historic Flight,Sweden,2010-09-07
SE-DXH,2017-06-29,Exported,United Kingdom,HAWKER-HUNTER-T7A,41H-695448,1959,"11340,0",2002-10-31,1999-10-15,1,,,,,
SE-DXI,2007-10-17,Exported,Canada,HAWKER-HUNTER-F MK58,41H-697440,1959,"10200,0",2008-05-31,2004-04-29,1,Senast registrerad ägare,500817.0,Swedish Air Force Historic Flight,Sweden,2004-04-29
SE-DXM,,,,HAWKER-HUNTER-F MK58,41H697449,1959,"11340,0",2020-08-31,2003-08-01,1,Registrerad ägare,500817.0,Swedish Air Force Historic Flight,Sweden,2010-02-19
SE-DXN,,,,SAAB-AJS 37 Viggen,37098,1977,"16433,0",2027-06-30,2012-03-27,1,Registrerad ägare,500817.0,Swedish Air Force Historic Flight,Sweden,2012-03-27
SE-DXO,,,,SAAB-SK37 Viggen,37809,1973,"15598,0",2026-09-30,2018-03-21,1,Registrerad ägare,500817.0,Swedish Air Force Historic Flight,Sweden,2018-03-21
SE-DXP,,,,SAAB-SK35C Draken,35810,1962,"9741,0",2026-08-31,2014-05-28,1,Registrerad ägare,500817.0,Swedish Air Force Historic Flight,Sweden,2014-05-28
SE-DXR,,,,SAAB-35J Draken,35556,1969,"11500,0",2026-08-31,2017-04-18,1,Registrerad ägare,500817.0,Swedish Air Force Historic Flight,Sweden,2017-04-18
SE-DXS,2013-05-06,Exported,Norway,DE HAVILLAND DH-100,705,1952,"5600,0",2013-08-31,1994-08-18,2,,,,,
SE-DXT,2017-08-16,Exported,Switzerland,DE HAVILLAND DH-115,972,1958,"5695,0",2017-10-31,1991-10-25,1,Senast registrerad ägare,504471.0,Eskilstuna Flygmuseum AB,Sweden,1991-10-25
SE-DXU,2020-09-28,Exported,Switzerland,DE HAVILLAND DH-115,DHP 40279,1953,"5160,0",2020-02-29,1991-10-25,1,Senast registrerad ägare,504471.0,Eskilstuna Flygmuseum AB,Sweden,1991-10-25
SE-DXV,2021-10-28,Owners request,,DE HAVILLAND DH-115,981,1958,"5700,0",2013-08-31,1991-08-22,1,Senast registrerad ägare,500809.0,Ljungbyheds Aeronautiska Sällskap,Sweden,1991-08-22
SE-DXX,,,,DE HAVILLAND DH-115,DHP-40303,1953,"5000,0",2027-07-10,1993-06-21,1,,,,,
SE-DXY,2008-03-06,Exported,Norway,DE HAVILLAND DH-100,693,1952,"4745,0",2002-03-27,1991-08-15,1,Senast registrerad ägare,503532.0,Shf Aircraft AS,Övre Ullern Terrasse 27 NO-0380 OSLO Norway,2008-03-06
SE-DXZ,2009-12-11,Total write-off,,DE HAVILLAND DH-100,630,1951,"5700,0",,1992-06-16,1,,,,,
SE-DYA,2000-09-20,Exported,Norway,BOEING-737-800,28323,2000,"70534,0",2011-04-13,2000-08-15,1,Senast registrerad ägare,503770.0,SAS Sverige AB,Sweden,2000-08-15
SE-DYB,2014-04-04,Exported,United States of America,DASSAULT-FALCON-10,216,1988,"8755,0",2015-02-27,1998-02-27,1,Senast registrerad ägare,500055.0,Svenskt Industriflyg AB,"Hangar 7, Bromma Flygplats 168 67  Bromma Sweden",1998-02-27
SE-DYC,2021-10-07,Exported,Ireland,AIRBUS-A320-251N,7897,2017,"77000,0",2022-09-29,2020-09-14,1,Senast registrerad ägare,503770.0,SAS Sverige AB,Sweden,2020-09-14
SE-DYD,2021-09-20,Exported,Ireland,AIRBUS-A320-251N,7951,2017,"77000,0",2022-09-04,2020-09-17,1,Senast registrerad ägare,503770.0,SAS Sverige AB,Sweden,2020-09-17
SE-DYE,2007-10-19,Exported,Ireland,HAWKER-800XP,258382,1998,"12700,0",,1999-01-28,1,Senast registrerad ägare,500245.0,Blue Chip Jet HB,Holmvägen 100 417 46 Göteborg Sweden,1999-01-28
SE-DYG,2004-12-16,Exported,Norway,BOEING-737-800,32278,2002,"70534,0",,2002-08-19,1,Senast registrerad ägare,503770.0,SAS Sverige AB,Sweden,2002-08-19
SE-DYH,2001-05-08,Exported,Norway,BOEING-737-800,30196,2000,"75069,0",,2001-01-02,1,Senast registrerad ägare,503770.0,SAS Sverige AB,Sweden,2001-01-02
SE-DYM,2021-10-28,Exported,Ireland,AIRBUS-A320-251N,7979,2017,"77000,0",2022-10-21,2020-10-14,1,Senast registrerad ägare,503770.0,SAS Sverige AB,Sweden,2020-10-14
SE-DYO,2014-12-17,Exported,United States of America,CESSNA-S550,S550-0134,1987,"6849,0",2009-06-30,2006-06-20,1,Senast registrerad ägare,528261.0,Red Air AB,Lövsmåla 101 38596 GULLABO Sweden,2013-05-15
SE-DYR,2014-05-20,Exported,United States of America,CESSNA-551,551-0132,1979,"5670,0",2015-05-20,1998-04-23,1,Senast registrerad ägare,525160.0,Queen Air AB,Skolgatan 25 671 32 Arvika Sweden,2012-09-21
SE-DYT,2004-12-21,Exported,Norway,BOEING-737-800,28328,2003,"70534,0",,2004-01-28,1,Senast registrerad ägare,503770.0,SAS Sverige AB,Sweden,2004-01-28
SE-DYV,2010-06-18,Exported,France,HAWKER-800XP,258385,1998,"12700,0",2011-03-31,1999-03-09,1,Senast registrerad ägare,500245.0,Blue Chip Jet HB,Holmvägen 100 417 46 Göteborg Sweden,1999-03-09
SE-DYX,2011-02-22,Exported,Austria,CESSNA-560XL,560-5029,1999,"9072,0",2011-09-27,1999-09-16,1,Senast registrerad ägare,500446.0,EFS European Flight Service AB,Hangarvägen 6A 438 70 Landvetter Sweden,1999-09-16
SE-DYZ,2004-01-20,Exported,Belgium,CESSNA-560,560-0153,1991,"7394,0",,1999-10-06,1,Senast registrerad ägare,503397.0,Sky Service N.V.,Kortrijkstraat 317 BE-B-8560 WEVELGEM Belgium,2003-12-02
SE-DZA,2023-09-29,Exported,Germany,EMBRAER EMB-145EP,145070,1998,"20990,0",2024-09-11,2018-08-17,1,Senast registrerad ägare,692799.0,Semi Private Jet AG,Kernserstrasse 17 CH-6060 SARNEN Switzerland,2023-01-18
SE-DZB,2012-11-07,Owners request,,EMBRAER EMB-145EP,145113,1999,"20990,0",2013-02-28,1999-03-02,1,Senast registrerad ägare,500053.0,City Airline AB,Box 2060 438 12 Landvetter Sweden,2006-09-27
SE-DZC,2004-02-12,Exported,United Kingdom,EMBRAER EMB-145,145169,1999,"20990,0",,1999-09-14,1,Senast registrerad ägare,500217.0,Skyways Express AB,Jönköpings Flygplats 555 93 Jönköping Sweden,1999-09-14
SE-DZD,2004-05-04,Exported,United States of America,EMBRAER EMB-145,145185,1999,"20990,0",,1999-10-21,1,Senast registrerad ägare,500217.0,Skyways Express AB,Jönköpings Flygplats 555 93 Jönköping Sweden,1999-10-21
SE-DZF,2000-06-13,Exported,Canada,BOEING-767-300,25221,1991,"184612,0",,1999-03-24,1,Senast registrerad ägare,500188.0,TUIfly Nordic AB,117 85 Stockholm Sweden,1999-06-30
SE-DZG,2001-04-27,Exported,United Kingdom,BOEING-767-300,28042,1997,"186880,0",,2000-05-03,1,Senast registrerad ägare,500188.0,TUIfly Nordic AB,117 85 Stockholm Sweden,2000-05-03
SE-DZH,2006-05-19,Exported,United Kingdom,BOEING-737-800,28227,1999,"79015,0",,2000-01-15,1,Senast registrerad ägare,500188.0,TUIfly Nordic AB,117 85 Stockholm Sweden,2000-01-15
SE-DZI,2006-05-24,Exported,United Kingdom,BOEING-737-800,28229,2000,"79015,0",,2000-02-11,1,Senast registrerad ägare,500188.0,TUIfly Nordic AB,117 85 Stockholm Sweden,2000-02-11
SE-DZK,2012-05-18,Exported,Bermuda,BOEING-737-800,28231,2000,"79015,0",2012-05-30,2000-05-19,1,Senast registrerad ägare,500188.0,TUIfly Nordic AB,117 85 Stockholm Sweden,2000-05-19
SE-DZL,2005-05-06,Exported,Germany,BOEING-737-800,30465,2000,"79015,0",,2001-11-07,1,Senast registrerad ägare,500188.0,TUIfly Nordic AB,117 85 Stockholm Sweden,2001-11-07
SE-DZM,2005-05-02,Exported,Germany,BOEING-737-800,30466,2000,"79015,0",,2002-01-09,1,Senast registrerad ägare,500188.0,TUIfly Nordic AB,117 85 Stockholm Sweden,2002-01-09
SE-DZN,2014-06-04,Exported,Turkey,BOEING-737-800,32903,2002,"79015,0",2015-01-23,2006-02-16,1,Senast registrerad ägare,500188.0,TUIfly Nordic AB,117 85 Stockholm Sweden,2006-02-16
SE-DZO,2002-04-25,Exported,United Kingdom,BOEING-767-300,28883,1999,"186880,0",,2001-04-27,1,Senast registrerad ägare,500188.0,TUIfly Nordic AB,117 85 Stockholm Sweden,2001-04-27
SE-DZP,2024-06-03,Exported,United Kingdom,PILATUS PC-24,241,2021,"8300,0",2024-10-27,2021-10-28,1,Senast registrerad ägare,500055.0,Svenskt Industriflyg AB,"Hangar 7, Bromma Flygplats 168 67  Bromma Sweden",2021-10-28
SE-DZV,2018-12-11,Exported,Denmark,BOEING-737-800,32904,2003,"79015,0",2019-11-26,2016-10-25,1,Senast registrerad ägare,500188.0,TUIfly Nordic AB,117 85 Stockholm Sweden,2016-10-25
SE-DZZ,,,,LEARJET-35A,415,1981,"8300,0",2023-05-21,2000-05-05,1,Registrerad ägare,683010.0,Merkur Air Private Company,"7, K. Karamanli Ave. GR-166 73 Voula Greece",2022-07-12
SE-E01,1987-09-04,Change of registration mark,,SAAB-SF340A,340A-100,1987,"12250,0",,1987-08-10,1,Senast registrerad ägare,501519.0,SAAB AB,581 88 Linköping Sweden,1987-08-10
SE-E02,1990-08-10,Exported,Switzerland,SAAB-340B,340B-200,1990,"12930,0",,1990-06-15,1,Senast registrerad ägare,501519.0,SAAB AB,581 88 Linköping Sweden,1990-06-15
SE-E03,1992-09-25,Exported,United States of America,SAAB-340B,340B-300,1992,"12930,0",,1992-04-22,1,Senast registrerad ägare,501519.0,SAAB AB,581 88 Linköping Sweden,1992-04-22
SE-E04,1984-10-09,Exported,United States of America,SAAB-SF340A,340A-004,1984,"12245,0",,1984-05-08,1,Senast registrerad ägare,501519.0,SAAB AB,581 88 Linköping Sweden,1984-05-08
SE-E05,1984-06-06,Exported,Switzerland,SAAB-SF340A,340A-005,1984,"12245,0",,1984-05-02,1,Senast registrerad ägare,501519.0,SAAB AB,581 88 Linköping Sweden,1984-05-02
SE-E06,1984-07-16,Exported,United States of America,SAAB-SF340A,340A-006,1984,"12700,0",,1984-05-11,1,Senast registrerad ägare,501519.0,SAAB AB,581 88 Linköping Sweden,1984-05-11
SE-E07,1984-08-09,Exported,Switzerland,SAAB-SF340A,340A-007,1984,"12700,0",,1984-06-18,1,Senast registrerad ägare,501519.0,SAAB AB,581 88 Linköping Sweden,1984-06-18
SE-E08,1984-12-21,Exported,United Kingdom,SAAB-SF340A,340A-008,1984,"12200,0",,1984-08-08,1,Senast registrerad ägare,501519.0,SAAB AB,581 88 Linköping Sweden,1984-08-08
SE-E09,1984-10-28,Exported,Switzerland,SAAB-SF340A,340A-009,1984,"12200,0",,1984-08-28,1,Senast registrerad ägare,501519.0,SAAB AB,581 88 Linköping Sweden,1984-08-28
SE-E10,1984-12-10,Exported,United States of America,SAAB-SF340A,340A-010,1984,"12200,0",,1984-10-03,1,Senast registrerad ägare,501519.0,SAAB AB,581 88 Linköping Sweden,1984-10-03
SE-E11,1984-12-14,Exported,United States of America,SAAB-SF340A,340A-011,1984,"12200,0",,1984-10-22,1,Senast registrerad ägare,501519.0,SAAB AB,581 88 Linköping Sweden,1984-10-22
SE-E13,1984-12-21,Owners request,,SAAB-SF340A,340A-013,1984,"12200,0",,1984-11-22,1,Senast registrerad ägare,501519.0,SAAB AB,581 88 Linköping Sweden,1984-11-22
SE-E14,1984-12-29,Exported,United States of America,SAAB-SF340A,340A-014,1984,"12245,0",,1984-11-16,1,Senast registrerad ägare,501519.0,SAAB AB,581 88 Linköping Sweden,1984-11-16
SE-E15,1985-01-09,Owners request,,SAAB-SF340A,340A-015,1984,"12245,0",,1984-12-04,1,Senast registrerad ägare,501519.0,SAAB AB,581 88 Linköping Sweden,1984-12-21
SE-E16,1985-02-15,Exported,Australia,SAAB-SF340A,340A-016,1984,"12200,0",,1985-01-02,1,Senast registrerad ägare,501519.0,SAAB AB,581 88 Linköping Sweden,1985-01-02
SE-E17,1985-01-19,Owners request,,SAAB-SF340A,340A-017,1984,"12245,0",,1984-12-10,1,Senast registrerad ägare,501519.0,SAAB AB,581 88 Linköping Sweden,1984-12-21
SE-E18,1985-03-12,Exported,Switzerland,SAAB-SF340A,340A-018,1984,"12245,0",,1985-02-06,1,Senast registrerad ägare,501519.0,SAAB AB,581 88 Linköping Sweden,1985-02-06
SE-E19,1984-12-21,Exported,United States of America,SAAB-SF340A,340A-019,1984,"12250,0",,1984-12-21,1,Senast registrerad ägare,501519.0,SAAB AB,581 88 Linköping Sweden,1984-12-21
SE-E20,1985-03-29,Exported,Switzerland,SAAB-SF340A,340A-020,1984,"12250,0",,1985-02-18,1,Senast registrerad ägare,501519.0,SAAB AB,581 88 Linköping Sweden,1985-02-18
SE-E21,1985-04-01,Exported,United States of America,SAAB-SF340A,340A-021,1985,"12250,0",,1985-03-11,1,Senast registrerad ägare,501519.0,SAAB AB,581 88 Linköping Sweden,1985-03-11
SE-E22,1985-04-25,Exported,United States of America,SAAB-SF340A,340A-022,1984,"12250,0",,1985-04-19,1,Senast registrerad ägare,501519.0,SAAB AB,581 88 Linköping Sweden,1985-04-19
SE-E23,1985-04-19,Exported,United States of America,SAAB-SF340A,340A-023,1985,"12245,0",,1985-03-26,1,Senast registrerad ägare,501519.0,SAAB AB,581 88 Linköping Sweden,1985-03-26
SE-E24,1985-04-30,Exported,United States of America,SAAB-SF340A,340A-024,1984,"12250,0",,1985-04-09,1,Senast registrerad ägare,501519.0,SAAB AB,581 88 Linköping Sweden,1985-04-09
SE-E25,1985-05-21,Exported,United States of America,SAAB-SF340A,340A-025,1984,"12250,0",,1985-04-26,1,Senast registrerad ägare,501519.0,SAAB AB,581 88 Linköping Sweden,1985-04-26
SE-E26,1985-06-24,Exported,Switzerland,SAAB-SF340A,340-026,1985,"12250,0",,1985-05-08,1,Senast registrerad ägare,501519.0,SAAB AB,581 88 Linköping Sweden,1985-05-08
SE-E27,1985-07-01,Exported,United States of America,SAAB-SF340A,340A-027,1984,"12250,0",,1985-05-31,1,Senast registrerad ägare,501519.0,SAAB AB,581 88 Linköping Sweden,1985-05-31
SE-E28,1985-06-24,Exported,United States of America,SAAB-SF340A,340A-028,1984,"12250,0",,1985-05-31,1,Senast registrerad ägare,501519.0,SAAB AB,581 88 Linköping Sweden,1985-05-31
SE-E29,1985-07-01,Exported,United States of America,SAAB-SF340A,340A-029,1984,"12250,0",,1985-06-14,1,Senast registrerad ägare,501519.0,SAAB AB,581 88 Linköping Sweden,1985-06-14
SE-E30,1985-08-22,Exported,United States of America,SAAB-SF340A,340A-030,1984,"12250,0",,1985-06-20,1,Senast registrerad ägare,501519.0,SAAB AB,581 88 Linköping Sweden,1985-06-20
SE-E31,1985-08-22,Exported,United States of America,SAAB-SF340A,340A-031,1984,"12250,0",,1985-07-05,1,Senast registrerad ägare,501519.0,SAAB AB,581 88 Linköping Sweden,1985-07-05
SE-E32,1985-09-11,Exported,United States of America,SAAB-SF340A,340A-032,1985,"12250,0",,1985-08-15,1,Senast registrerad ägare,501519.0,SAAB AB,581 88 Linköping Sweden,1985-08-15
SE-E33,1985-09-20,Change of registration mark,,SAAB-SF340A,340A-033,1984,"12250,0",,1985-08-26,1,Senast registrerad ägare,501519.0,SAAB AB,581 88 Linköping Sweden,1985-08-26
SE-E35,1985-10-11,Change of registration mark,,SAAB-SF340A,340A-035,1985,"12250,0",,1985-09-04,1,Senast registrerad ägare,501519.0,SAAB AB,581 88 Linköping Sweden,1985-09-04
SE-E36,1985-10-16,Exported,United States of America,SAAB-SF340A,340A-036,1984,"12250,0",,1985-09-30,1,Senast registrerad ägare,501519.0,SAAB AB,581 88 Linköping Sweden,1985-09-30
SE-E37,1985-12-03,Exported,Norway,SAAB-SF340A,340A-037,1985,"12250,0",,1985-09-18,1,Senast registrerad ägare,501519.0,SAAB AB,581 88 Linköping Sweden,1985-09-18
SE-E38,1985-11-07,Exported,Switzerland,SAAB-SF340A,340A-038,1984,"12250,0",,1985-10-04,1,Senast registrerad ägare,501519.0,SAAB AB,581 88 Linköping Sweden,1985-10-04
SE-E39,1985-11-18,Exported,United States of America,SAAB-SF340A,340A-039,1984,"12250,0",,1985-10-21,1,Senast registrerad ägare,501519.0,SAAB AB,581 88 Linköping Sweden,1985-10-21
SE-E40,1995-06-16,Exported,United States of America,SAAB-SF340A,340A-040,1984,"12250,0",,1995-05-08,1,Senast registrerad ägare,503813.0,Saab Aircraft AB,581 88 LINKÖPING Sweden,1995-05-12
SE-E41,1985-12-05,Exported,United States of America,SAAB-SF340A,340A-041,1984,"12250,0",,1985-11-11,1,Senast registrerad ägare,501519.0,SAAB AB,581 88 Linköping Sweden,1985-11-11
SE-E42,1985-12-17,Change of registration mark,,SAAB-SF340A,340A-042,1984,"12250,0",,1985-11-18,1,Senast registrerad ägare,501519.0,SAAB AB,581 88 Linköping Sweden,1985-11-18
SE-E43,1995-06-02,Exported,United States of America,SAAB-SF340A,340A-043,1984,"12250,0",,1995-03-17,1,Senast registrerad ägare,503813.0,Saab Aircraft AB,581 88 LINKÖPING Sweden,1995-03-17
SE-E44,1985-12-17,Exported,United States of America,SAAB-SF340A,340A-044,1984,"12250,0",,1985-11-22,1,Senast registrerad ägare,501519.0,SAAB AB,581 88 Linköping Sweden,1985-11-22
SE-E45,1986-01-29,Change of registration mark,,SAAB-SF340A,340A-045,1984,"12250,0",,1985-12-09,1,Senast registrerad ägare,501519.0,SAAB AB,581 88 Linköping Sweden,1985-12-09
SE-E46,1986-02-07,Exported,United States of America,SAAB-SF340A,340A-046,1985,"12250,0",,1986-01-10,1,Senast registrerad ägare,501519.0,SAAB AB,581 88 Linköping Sweden,1986-01-10
SE-E47,1985-12-13,Exported,United States of America,SAAB-SF340A,340A-047,1985,"12250,0",,1985-11-28,1,Senast registrerad ägare,501519.0,SAAB AB,581 88 Linköping Sweden,1985-11-28
SE-E48,1986-03-05,Exported,United States of America,SAAB-SF340A,340A-048,1985,"12250,0",,1986-01-31,1,Senast registrerad ägare,501519.0,SAAB AB,581 88 Linköping Sweden,1986-01-31
SE-E49,1986-03-19,Exported,Switzerland,SAAB-SF340A,340A-049,1986,"12250,0",,1986-02-10,1,Senast registrerad ägare,501519.0,SAAB AB,581 88 Linköping Sweden,1986-02-10
SE-E50,1986-03-12,Exported,United States of America,SAAB-SF340A,340A-050,1986,"12250,0",,1986-02-25,1,Senast registrerad ägare,501519.0,SAAB AB,581 88 Linköping Sweden,1986-02-25
SE-E51,1986-04-14,Exported,United States of America,SAAB-SF340A,340A-051,1986,"12250,0",,1986-03-10,1,Senast registrerad ägare,501519.0,SAAB AB,581 88 Linköping Sweden,1986-03-10
SE-E52,2005-08-15,Exported,Latvia,SAAB-SF340A,340A-052,1986,"12700,0",,2005-07-15,1,Senast registrerad ägare,504897.0,Swedish Aircraft Holdings AB,Hus 209-4 581 88 LINKÖPING Sweden,2005-07-15
SE-E53,1986-05-16,Exported,United States of America,SAAB-SF340A,340A-053,1986,"12250,0",,1986-04-10,1,Senast registrerad ägare,501519.0,SAAB AB,581 88 Linköping Sweden,1986-04-10
SE-E54,1986-05-05,Exported,United States of America,SAAB-SF340A,340A-054,1986,"12370,0",,1986-04-07,1,Senast registrerad ägare,501519.0,SAAB AB,581 88 Linköping Sweden,1986-04-07
SE-E55,1986-06-11,Exported,Norway,SAAB-SF340A,340A-055,1986,"12250,0",,1986-05-07,1,Senast registrerad ägare,501519.0,SAAB AB,581 88 Linköping Sweden,1986-05-07
SE-E56,1986-05-29,Exported,United States of America,SAAB-SF340A,340A-056,1986,"12250,0",,1986-04-24,1,Senast registrerad ägare,501519.0,SAAB AB,581 88 Linköping Sweden,1986-04-24
SE-E57,1986-06-04,Exported,United States of America,SAAB-SF340A,340A-057,1986,"12370,0",,1986-05-13,1,Senast registrerad ägare,501519.0,SAAB AB,581 88 Linköping Sweden,1986-05-13
SE-E58,1986-06-18,Exported,United States of America,SAAB-SF340A,340A-058,1986,"12250,0",,1986-05-22,1,Senast registrerad ägare,501519.0,SAAB AB,581 88 Linköping Sweden,1986-05-22
SE-E59,1986-06-16,Exported,United States of America,SAAB-SF340A,340A-059,1986,"12250,0",,1986-05-27,1,Senast registrerad ägare,501519.0,SAAB AB,581 88 Linköping Sweden,1986-05-27
SE-E60,1986-06-25,Exported,United States of America,SAAB-SF340A,340A-060,1986,"12250,0",,1986-06-02,1,Senast registrerad ägare,501519.0,SAAB AB,581 88 Linköping Sweden,1986-06-02
SE-E61,1986-07-02,Exported,United States of America,SAAB-SF340A,340A-061,1986,"12250,0",,1986-06-09,1,Senast registrerad ägare,501519.0,SAAB AB,581 88 Linköping Sweden,1986-06-09
SE-E62,1986-09-05,Exported,United States of America,SAAB-SF340A,340A-062,1986,"12250,0",,1986-06-27,1,Senast registrerad ägare,501519.0,SAAB AB,581 88 Linköping Sweden,1986-06-27
SE-E63,1986-09-25,Change of registration mark,,SAAB-SF340A,340A-063,1986,"12250,0",,1986-07-02,1,Senast registrerad ägare,501519.0,SAAB AB,581 88 Linköping Sweden,1986-07-02
SE-E64,2011-06-27,Exported,Slovenia,SAAB-SF340A,340A-064,1986,"12930,0",2012-02-09,2011-02-10,1,Senast registrerad ägare,500192.0,Täby Airmaintenance AB,Örebro Flygplats 705 94 Örebro Sweden,2011-02-10
SE-E65,1986-09-08,Exported,Finland,SAAB-SF340A,340A-065,1986,"12250,0",,1986-08-04,1,Senast registrerad ägare,501519.0,SAAB AB,581 88 Linköping Sweden,1986-08-04
SE-E66,1986-09-18,Exported,Finland,SAAB-SF340A,340A-066,1986,"12250,0",,1986-08-13,1,Senast registrerad ägare,501519.0,SAAB AB,581 88 Linköping Sweden,1986-08-13
SE-E67,1986-09-25,Change of registration mark,,SAAB-SF340A,340A-067,1986,"12250,0",,1986-08-22,1,Senast registrerad ägare,501519.0,SAAB AB,581 88 Linköping Sweden,1986-08-22
SE-E68,1986-12-12,Exported,United States of America,SAAB-SF340A,340A-068,1986,"12250,0",,1986-09-09,1,Senast registrerad ägare,501519.0,SAAB AB,581 88 Linköping Sweden,1986-09-09
SE-E69,1987-02-11,Exported,United States of America,SAAB-SF340A,340A-069,1986,"12250,0",,1986-10-21,1,Senast registrerad ägare,505339.0,Swedish Aircraft One KB,Box 1137 58110 LINKÖPING Sweden,1986-12-30
SE-E70,1986-10-22,Exported,Finland,SAAB-SF340A,340A-070,1986,"12250,0",,1986-09-25,1,Senast registrerad ägare,501519.0,SAAB AB,581 88 Linköping Sweden,1986-09-25
SE-E71,1995-12-06,Exported,Czech Republic,SAAB-SF340A,340A-071,1986,"12370,0",,1995-11-28,1,Senast registrerad ägare,503813.0,Saab Aircraft AB,581 88 LINKÖPING Sweden,1995-11-28
SE-E72,1986-12-05,Exported,United States of America,SAAB-SF340A,340A-072,1986,"12250,0",,1986-10-06,1,Senast registrerad ägare,501519.0,SAAB AB,581 88 Linköping Sweden,1986-10-06
SE-E73,1986-11-11,Exported,United States of America,SAAB-SF340A,340A-073,1986,"12250,0",,1986-10-10,1,Senast registrerad ägare,501519.0,SAAB AB,581 88 Linköping Sweden,1986-10-10
SE-E74,2004-05-14,Owners request,,SAAB-SF340A,340A-074,1986,"12700,0",,2003-12-19,6,,,,,
SE-E75,1996-02-15,Exported,Argentina,SAAB-SF340A,340A-075,1986,"12250,0",,1995-12-14,1,Senast registrerad ägare,503813.0,Saab Aircraft AB,581 88 LINKÖPING Sweden,1995-12-14
SE-E76,1986-12-18,Exported,United States of America,SAAB-SF340A,340A-076,1986,"12250,0",,1986-12-12,1,Senast registrerad ägare,501519.0,SAAB AB,581 88 Linköping Sweden,1986-12-12
SE-E77,1986-12-05,Exported,United States of America,SAAB-SF340A,340A-077,1986,"12250,0",,1986-11-10,1,Senast registrerad ägare,501519.0,SAAB AB,581 88 Linköping Sweden,1986-11-10
SE-E78,1986-12-16,Exported,United States of America,SAAB-SF340A,340A-078,1986,"12250,0",,1986-11-26,1,Senast registrerad ägare,501519.0,SAAB AB,581 88 Linköping Sweden,1986-11-26
SE-E79,1987-03-23,Exported,United States of America,SAAB-SF340A,340A-079,1987,"12200,0",,1987-01-20,1,Senast registrerad ägare,501519.0,SAAB AB,581 88 Linköping Sweden,1987-01-20
SE-E80,1986-12-30,Change of registration mark,,SAAB-SF340A,340A-080,1986,"12250,0",,1986-12-03,1,Senast registrerad ägare,501519.0,SAAB AB,581 88 Linköping Sweden,1986-12-03
SE-E81,1987-03-12,Exported,France,SAAB-SF340A,340A-081,1986,"12250,0",,1986-12-09,1,Senast registrerad ägare,501519.0,SAAB AB,581 88 Linköping Sweden,1986-12-09
SE-E82,1987-03-06,Exported,Switzerland,SAAB-SF340A,340A-082,1987,"12250,0",,1987-01-29,1,Senast registrerad ägare,501519.0,SAAB AB,581 88 Linköping Sweden,1987-01-29
SE-E83,1987-03-19,Exported,France,SAAB-SF340A,340A-083,1987,"12250,0",,1987-02-12,1,Senast registrerad ägare,501519.0,SAAB AB,581 88 Linköping Sweden,1987-02-12
SE-E84,1987-04-08,Exported,Switzerland,SAAB-SF340A,340A-084,1987,"12200,0",,1987-02-16,1,Senast registrerad ägare,501519.0,SAAB AB,581 88 Linköping Sweden,1987-02-16
SE-E85,1987-05-05,Exported,France,SAAB-SF340A,340A-085,1987,"12200,0",,1987-03-06,1,Senast registrerad ägare,501519.0,SAAB AB,581 88 Linköping Sweden,1987-03-06
SE-E86,1987-04-07,Exported,France,SAAB-SF340A,340A-086,1987,"12200,0",,1987-03-05,1,Senast registrerad ägare,501519.0,SAAB AB,581 88 Linköping Sweden,1987-03-05
SE-E87,1987-06-17,Exported,Norway,SAAB-SF340A,340A-087,1987,"12200,0",,1987-03-18,1,Senast registrerad ägare,501519.0,SAAB AB,581 88 Linköping Sweden,1987-03-18
SE-E88,1987-04-30,Exported,Switzerland,SAAB-SF340A,340A-088,1987,"12200,0",,1987-03-19,1,Senast registrerad ägare,501519.0,SAAB AB,581 88 Linköping Sweden,1987-03-19
SE-E89,1987-07-06,Exported,United States of America,SAAB-SF340A,340A-089,1987,"12250,0",,1987-03-24,1,Senast registrerad ägare,501519.0,SAAB AB,581 88 Linköping Sweden,1987-03-24
SE-E90,1987-05-05,Exported,United States of America,SAAB-SF340A,340A-090,1987,"12250,0",,1987-04-06,1,Senast registrerad ägare,501519.0,SAAB AB,581 88 Linköping Sweden,1987-04-06
SE-E91,1987-06-24,Exported,United States of America,SAAB-SF340A,340A-091,1987,"12250,0",,1987-05-11,1,Senast registrerad ägare,501519.0,SAAB AB,581 88 Linköping Sweden,1987-05-11
SE-E92,1987-05-25,Exported,United States of America,SAAB-SF340A,340A-092,1987,"12200,0",,1987-04-24,1,Senast registrerad ägare,501519.0,SAAB AB,581 88 Linköping Sweden,1987-04-24
SE-E93,1987-05-26,Exported,United States of America,SAAB-SF340A,340A-093,1987,"12250,0",,1987-05-05,1,Senast registrerad ägare,501519.0,SAAB AB,581 88 Linköping Sweden,1987-05-05
SE-E94,1987-09-18,Exported,Argentina,SAAB-SF340A,340A-094,1987,"12200,0",,1987-08-14,1,Senast registrerad ägare,501519.0,SAAB AB,581 88 Linköping Sweden,1987-08-14
SE-E95,1987-08-07,Exported,United States of America,SAAB-SF340A,340A-095,1987,"12250,0",,1987-06-02,1,Senast registrerad ägare,501519.0,SAAB AB,581 88 Linköping Sweden,1987-06-02
SE-E96,1987-06-26,Exported,United States of America,SAAB-SF340A,340A-096,1987,"12250,0",,1987-06-04,1,Senast registrerad ägare,501519.0,SAAB AB,581 88 Linköping Sweden,1987-06-04
SE-E97,1987-08-14,Change of registration mark,,SAAB-SF340A,340A-097,1987,"12250,0",,1987-06-23,1,Senast registrerad ägare,501519.0,SAAB AB,581 88 Linköping Sweden,1987-06-23
SE-E98,1987-09-10,Exported,United States of America,SAAB-SF340A,340A-098,1987,"12250,0",,1987-07-01,1,Senast registrerad ägare,501519.0,SAAB AB,581 88 Linköping Sweden,1987-07-01
SE-E99,1987-09-07,Exported,United States of America,SAAB-SF340A,340A-099,1987,"12250,0",,1987-08-12,1,Senast registrerad ägare,501519.0,SAAB AB,581 88 Linköping Sweden,1987-08-12
SE-EAC,,,,CESSNA-172C,17249209,1962,"1020,0",2021-09-08,1962-10-11,1,Registrerad ägare,659148.0,SIA ET Energija,Strazdu iela 1-1 LV-1002 RIGA Latvia,2021-06-07
SE-EAE,2010-01-13,Total write-off,,CESSNA-172C,17249354,1962,"1020,0",,1962-07-25,1,,,,,
SE-EAF,,,,CESSNA-172C,17249259,1962,"1020,0",2027-04-25,1963-01-11,3,,,,,
SE-EAI,1991-12-13,Exported,Finland,CESSNA-175C,17557108,1962,"1110,0",,1963-03-21,1,,,,,
SE-EAL,,,,CESSNA-172F,17252008,1964,"1045,0",2027-04-19,1964-12-21,1,Registrerad ägare,503896.0,Långa och Korta Transporter Dalarna AB,Sweden,1998-08-14
SE-EAN,,,,CESSNA-150B,15059581,1962,"680,0",,1962-12-06,1,,,,,
SE-EAP,,,,CESSNA-172D,17249678,1962,"1045,0",2026-09-19,1963-01-30,1,,,,,
SE-EAR,,,,CESSNA-210-5 (205),205-0101,1962,"1495,0",2010-08-31,1963-01-21,1,Registrerad ägare,504952.0,Sir Hiss Invest AB,,2009-08-14
SE-EAS,,,,CESSNA-F172F,F172-0157,1965,"1045,0",,1965-06-18,1,,,,,
SE-EAT,2024-05-13,Exported,Hungary,CESSNA-172F,17252107,1964,"1045,0",2024-07-07,1965-04-20,1,,,,,
SE-EAU,2013-10-01,Exported,Romania,CESSNA-F172F,F172-0163,1965,"1045,0",2013-07-02,1965-08-13,1,,,,,
SE-EAW,,,,EAA-C 172 F,F172-0150-823,1965,"1045,0",2027-06-30,1965-06-30,1,Registrerad ägare,502805.0,Strömsunds Flygklubb,Hallviken 670 833 92 STRÖMSUND Sweden,2004-11-12
SE-EAX,1985-01-11,Total write-off,,CESSNA-F172F,0097,1964,"1045,0",,1965-08-11,1,Senast registrerad ägare,505097.0,EAX Ekononisk Flygförening,Sweden,1978-05-09
SE-EBS,,,,MFI-9,07,1963,"575,0",2026-06-30,1980-10-28,1,,,,,
SE-ECC,,,,EAA-PA25 Pawnee,25-2166-1131,1962,"1000,0",2027-06-05,1963-03-19,1,Registrerad ägare,502477.0,Eskilstuna Flygklubb,Ekeby Flygfält 632 23 ESKILSTUNA Sweden,1978-07-05
SE-ECD,2007-09-28,Total write-off,,PIPER-PA28-180,28-995,1963,"1090,0",,1963-04-09,1,Senast registrerad ägare,502455.0,Arboga Flygklubb,Sweden,1965-03-11
SE-ECE,,,,PIPER-PA23-250,27-505,1962,"2175,0",,1963-02-26,1,,,,,
SE-ECG,,,,EAA-PA25 Pawnee,25-2230-1189,1962,"1000,0",2027-05-31,1963-03-21,1,Registrerad ägare,502494.0,Halmstad Segelflygklubb,Gamla Kustvägen 2 302 41 HALMSTAD Sweden,2008-02-26
SE-ECM,,,,PIPER-PA23-250,27-2281,1963,"2175,0",,1963-05-06,1,Registrerad ägare,503856.0,Tågalycke Konsult AB,"Ängavägen 20, Mölletofta ind omr 264 94 KLIPPAN Sweden",1974-10-04
SE-ECN,2005-11-16,Exported,United Kingdom,PIPER PA-18-150,18-7902,1962,"795,0",2006-10-31,1963-03-08,1,,,,,
SE-ECO,1988-06-29,Exported,Finland,PIPER-PA23-250,27-2104,1962,"2175,0",,1962-07-26,1,Senast registrerad ägare,504456.0,Scanvac Control AB,Lindskärsvägen 22 725 92 VÄSTERÅS Sweden,1981-05-19
SE-ECR,2007-01-15,Non-airworthy,,PIPER-PA28-180,28-1351,1963,"1090,0",,1963-09-12,1,Senast registrerad ägare,503913.0,H H Spedition AB,Box 284 25104 HELSINGBORG Sweden,1972-10-16
SE-ECS,,,,PIPER-PA30,30-57,1963,"1635,0",,1963-10-21,1,Registrerad ägare,726668.0,Henrik Jakovlew dödsbo,Hornsgatan 67 118 49 Stockholm Sweden,2024-12-12
SE-ECT,,,,PIPER-PA28-180,28-1320,1963,"1090,0",2026-07-06,1963-09-03,1,Registrerad ägare,502507.0,Karlskoga Segelflygklubb,Hangarvägen 3B 691 35 KARLSKOGA Sweden,1984-01-10
SE-ECZ,,,,PIPER PA-18-150,18-8076,1963,"795,0",2027-02-28,1964-02-06,2,Registrerad ägare,502509.0,Kiruna Flygklubb,Sweden,2010-09-27
SE-ECZ,,,,PIPER PA-18-150,18-8076,1963,"795,0",2027-02-28,1964-02-06,2,Registrerad delägare,503592.0,Frivilliga Flygkåren,Hässlögatan 20 721 31 VÄSTERÅS Sweden,2010-09-27
SE-EDD,,,,SAAB-91C,91.318,1957,"1215,0",2026-10-31,1963-06-06,1,Registrerad ägare,500817.0,Swedish Air Force Historic Flight,Sweden,2006-04-20
SE-EDF,1972-12-08,Total write-off,,PIPER PA-24-250,24-2921,1961,"1236,0",,1962-05-29,1,Senast registrerad ägare,503507.0,Bo Wanngård AB,Järvagatan 4 171 50 SOLNA Sweden,1968-06-28
SE-EDO,2007-01-15,Non-airworthy,,PIPER PA-22-108,22-8689,1961,"750,0",1979-01-31,1965-11-16,2,,,,,
SE-EDY,2007-01-15,Non-airworthy,,AERO COMMANDER-680E,680-335-28,1956,"3400,0",,1964-03-23,1,Senast registrerad ägare,503880.0,Swedline Express AB,Flygplatsen 577 91 HULTSFRED Sweden,1986-04-29
SE-EEC,,,,CESSNA-180D,18051029,1961,"1200,0",,1962-11-29,1,Registrerad ägare,502693.0,Solberg Flyg AB,Fack 16017 20025 MALMÖ Sweden,1964-09-18
SE-EEE,2007-01-15,Non-airworthy,,CP-301 S,119,1962,"680,0",1988-10-31,1963-02-27,1,,,,,
SE-EEM,2003-11-28,Exported,Norway,CESSNA-185A,185-0439,1962,"1450,0",,1962-11-23,1,Senast registrerad ägare,503366.0,Helitrans AS,Trondheim Lufthavn Vaernes NO-N-7500 Stjördal Norway,2002-11-28
SE-EES,,,,BEECH-D95A,TD-539,1963,"1905,0",,1963-08-06,1,Registrerad ägare,505166.0,Liz-Air HB,Box 8 26042 MÖLLE Sweden,1981-02-10
SE-EET,2007-01-15,Non-airworthy,,PIPER PA-18,18-6331,1958,"680,0",1992-06-30,1963-03-23,1,Senast registrerad ägare,502592.0,Tekniska Högskolans Flygklubb,Sweden,1963-03-23
SE-EEU,2007-01-15,Non-airworthy,,BEECH-D95A,TD 540,1963,"1905,0",,1990-10-04,1,Senast registrerad ägare,504700.0,Lundbäck Flyg AB,Box 6010 601 73 NORRKÖPING Sweden,1993-06-14
SE-EEX,1983-09-08,Exported,Denmark,BEECH-D95A,TD-541,1963,"1905,0",,1963-10-29,1,,,,,
SE-EFC,2007-01-15,Exported,,MFI-9,16,1963,"575,0",1989-04-30,1963-10-21,1,,,,,
SE-EFD,1987-08-25,Exported,Norway,MFI-9,17,1963,"575,0",1987-06-30,1964-01-03,1,,,,,
SE-EFF,,,,MFI-9B,019-623,1964,"575,0",2026-09-30,1983-08-19,1,,,,,
SE-EFH,,,,MFI-9/9B,21,1963,"575,0",2026-10-31,1964-04-09,1,,,,,
SE-EFM,,,,MFI-9B,025,1964,"0,0",2020-10-31,1965-02-10,1,,,,,
SE-EFO,,,,MFI-9B,027-1337,1964,"575,0",2026-07-31,1977-04-21,1,,,,,
SE-EFR,,,,MFI-9B,029,1964,"575,0",2026-08-31,1964-10-10,1,,,,,
SE-EFS,,,,MFI-9B,030-378,1964,"575,0",2025-09-30,1964-12-18,1,,,,,
SE-EFW,,,,MFI-9B,033,1965,"575,0",2014-08-31,1965-05-06,2,,,,,
SE-EGD,,,,MORANE SAULNIER-MS880B,73,1962,"770,0",2026-04-23,1964-09-21,1,,,,,
SE-EGE,,,,LAKE-LA4,303,1965,"1090,0",1985-01-31,1965-06-28,1,Registrerad ägare,502694.0,Solna Aero-Consult KB,Sweden,1977-08-25
SE-EGI,1993-09-28,Total write-off,,GARDAN-GY 80-160,38,1964,"1050,0",,1964-12-28,1,Senast registrerad ägare,502828.0,Bromma Kungsängens Flygklubb,Sweden,1991-04-04
SE-EGK,,,,GARDAN-GY 80-160,52,1964,"1100,0",,1964-08-06,1,,,,,
SE-EGL,,,,GARDAN-GY 80-160,26,1963,"1100,0",,1982-11-30,1,,,,,
SE-EGN,,,,GARDAN-GY 80-160,106,1965,"1100,0",,1965-08-03,1,,,,,
SE-EGO,,,,GARDAN-GY 80-160,113,1965,"1100,0",2009-08-18,1965-10-07,1,,,,,
SE-EGP,1986-01-31,Total write-off,,GARDAN-GY 80-160,118,1965,"1100,0",,1966-05-13,1,,,,,
SE-EGT,2017-12-04,Exported,Germany,FOCKE-WULF 44J,081,1937,"875,0",2017-12-31,1990-11-21,1,,,,,
SE-EGU,,,,GARDAN GY 80-180,143,1966,"1150,0",2021-10-13,1966-09-15,1,Registrerad ägare,681881.0,SideAero AB,Sweden,2022-06-08
SE-EGY,2007-01-15,Non-airworthy,,AERO COMMANDER-680FL,680FL-1410-61,1964,"3855,0",,1965-09-21,1,Senast registrerad ägare,504356.0,Dragonen AB,Box 859 75108 UPPSALA Sweden,1990-01-22
SE-EHA,,,,CESSNA-185B,185-0559,1963,"1450,0",2009-06-30,1963-09-10,1,,,,,
SE-EHD,2012-06-19,Exported,Finland,CESSNA-185C,185-0702,1964,"1450,0",2012-06-23,1964-06-30,1,Senast registrerad ägare,511888.0,AIRLINE MANAGEMENT TECHNOLOGIES ALMT OY,Leinikkitie 20B FI-01350 VANTAA Finland,2012-06-18
SE-EHF,,,,CESSNA-F172E,F172-0030,1964,"1045,0",2026-11-12,1964-02-18,2,,,,,
SE-EHI,2024-02-16,Total write-off,,CESSNA-F172E,F172-0039,1964,"1045,0",2018-08-07,1964-09-18,1,Senast registrerad ägare,503119.0,Hagfors Flygklubb,Hagfors Flygplats 683 93 RÅDA Sweden,2008-01-03
SE-EHK,2024-02-26,Exported,Bosnia and Herzegovina,CESSNA-F172F,F172-0091,1964,"1045,0",2024-08-15,1964-11-10,1,,,,,
SE-EHO,2023-03-09,Exported,France,CESSNA-206,206-0114,1964,"1495,0",2023-11-08,1964-05-11,1,Senast registrerad ägare,662695.0,CHAMP' AÉRO SARL,103 Rue du Chalet FR-51100 Reims France,2021-07-29
SE-EHR,1983-10-04,Exported,Denmark,CESSNA-172D,17249702,1962,"1045,0",,1963-05-16,2,,,,,
SE-EHT,2012-10-24,Total write-off,,CESSNA-172E,17251653,1964,"1045,0",,1964-07-24,1,Senast registrerad ägare,502561.0,Salaortens Flygklubb,Sweden,1979-04-25
SE-EHU,,,,CESSNA-F172F,F172-0096,1964,"1045,0",,1964-12-07,1,Registrerad ägare,502693.0,Solberg Flyg AB,Fack 16017 20025 MALMÖ Sweden,1964-12-07
SE-EHW,2024-05-29,Owners request,,CESSNA-F172F,F172-0106,1964,"1045,0",2014-06-30,1965-04-29,1,Senast registrerad ägare,504388.0,Grafström Aviation AB,Geijersvägen 3 184 51 ÖSTERSKÄR Sweden,2011-07-15
SE-EHX,,,,CESSNA-F172F,F172-0102,1964,"1045,0",2026-06-03,1965-03-03,1,Registrerad ägare,502539.0,Munkfors Flygklubb,Flottarevägen 5 684 30 MUNKFORS Sweden,1998-04-28
SE-EIC,2000-11-23,Exported,Norway,PIPER PA-25-235,25-2591,1964,"1000,0",,1988-06-15,1,Senast registrerad ägare,502517.0,Lidköpings Flygklubb,Hovby Flygplats 4 531 92 LIDKÖPING Sweden,1988-06-15
SE-EIH,,,,PIPER PA-18A-150/180,18-6875,1959,"795,0",2027-03-31,1964-03-07,1,Registrerad ägare,502515.0,Landskrona Flygklubb,Box 92 261 22 LANDSKRONA Sweden,1968-02-21
SE-EIL,1996-10-18,Exported,Finland,PIPER-PA28-180,28-1650,1964,"1090,0",,1964-06-18,1,Senast registrerad ägare,502488.0,Gotlands Flygklubb,Hangarvägen 6 621 41 Visby Sweden,1983-04-21
SE-EIM,2016-02-04,Destroyed,,PIPER-PA28-180,28-1610,1964,"1090,0",,1964-06-03,1,Senast registrerad ägare,502477.0,Eskilstuna Flygklubb,Ekeby Flygfält 632 23 ESKILSTUNA Sweden,1978-09-29
SE-EIN,2008-04-22,Exported,United States of America,PIPER-PA30,30-348,1964,"1635,0",,1964-04-10,1,,,,,
SE-EIO,,,,PIPER-PA28-180,28-1368,1963,"1090,0",2027-06-08,1964-05-15,1,,,,,
SE-EIT,1984-11-26,Exported,Finland,PIPER-PA28-140,28-20094,1964,"975,0",,1964-09-21,1,,,,,
SE-EIX,2017-02-03,Exported,Russian Federation,PIPER-PA28-180,28-1684,1964,"1090,0",2009-04-30,1964-06-10,2,,,,,
SE-EIY,1984-08-29,Total write-off,,PIPER-PA23-250,27-2654,1964,"2360,0",,1964-11-20,1,,,,,
SE-EKD,,,,BEECH-35-B33,CD-745,1964,"1360,0",2027-06-21,2026-04-16,1,,,,,
SE-EKE,2001-10-05,Exported,United States of America,BEECH-95-B55,TC-653,1964,"2270,0",,1964-06-11,1,Senast registrerad ägare,503856.0,Tågalycke Konsult AB,"Ängavägen 20, Mölletofta ind omr 264 94 KLIPPAN Sweden",1977-06-14
SE-EKG,,,,BEECH-A23,M-638,1964,"1065,0",,1965-02-26,1,Registrerad ägare,503856.0,Tågalycke Konsult AB,"Ängavägen 20, Mölletofta ind omr 264 94 KLIPPAN Sweden",1967-06-16
SE-EKL,,,,BEECH-A23,M-721,1965,"1065,0",,1965-06-09,3,,,,,
SE-EKR,2007-01-15,Non-airworthy,,BEECH-95-B55,TC-944,1965,"2315,0",,1965-09-01,1,,,,,
SE-EKS,,,,BEECH-35-C33,CD-1036,1966,"1383,0",2026-11-11,2017-05-03,1,,,,,
SE-EKW,,,,BEECH-D95A,TD-648,1966,"1905,0",2026-08-31,1966-01-27,1,Registrerad ägare,535470.0,Managair AB,Kung Birgers väg 1 197 92 BRO Sweden,2023-01-31
SE-ELA,,,,BEAGLE-AUSTER-6A,3724,1964,"1000,0",1971-12-31,1964-04-10,2,,,,,
SE-ELB,,,,BEAGLE-AUSTER-6A,3732-1154,1964,"1065,0",1989-08-31,1964-06-26,1,,,,,
SE-ELD,2011-01-11,Scrapped,,BEAGLE-A61-1,3733,1964,"1065,0",1982-06-30,1964-06-30,3,,,,,
SE-ELE,1985-09-09,Exported,Finland,BEAGLE-AUSTER-6A,3734,1964,"1065,0",1985-07-31,1964-05-15,1,,,,,
SE-ELF,,,,BEAGLE-AUSTER-6A,3735-1352,1964,"1065,0",2026-11-30,1964-08-27,1,Registrerad ägare,720730.0,Svedinos Bil- och Flygmuseum AB,Sweden,2024-08-07
SE-ELG,,,,BEAGLE-AUSTER-6A,3736,1964,"1065,0",2026-11-30,1964-06-30,1,Registrerad ägare,720730.0,Svedinos Bil- och Flygmuseum AB,Sweden,2024-06-13
SE-ELK,2012-10-24,Owners request,,BEAGLE-A61-1,3739,1964,"1065,0",1976-12-31,1964-06-25,1,Senast registrerad ägare,503902.0,Hargs Bruk Holding AB,Harg 401 742 95 HARGSHAMN Sweden,1974-08-27
SE-ELM,,,,BEAGLE-AUSTER-6A,3743-1347,1964,"1065,0",2015-05-31,2011-08-30,1,,,,,
SE-ELS,,,,CESSNA-182K,18258259,1967,"1270,0",2025-06-07,1968-07-09,1,,,,,
SE-ELV,,,,BEAGLE AUSTER-A61-2,B 612-1427,1962,"1089,0",2017-04-30,2010-05-21,1,,,,,
SE-ELX,1982-12-14,Exported,Norway,CESSNA-177A,17701343,1969,"1135,0",,1969-03-03,1,Senast registrerad ägare,502471.0,Böketofta Flygförening,Sweden,1973-05-29
SE-ELY,2016-04-06,Exported,Romania,CESSNA-F172H,F172-0490,1968,"1045,0",2017-03-13,1968-05-22,1,,,,,
SE-ELZ,2014-03-26,Exported,Italy,CESSNA-185B,185-0578,1963,"1450,0",2013-08-16,1981-05-15,1,,,,,
SE-EMB,,,,PIPER-PA28-140,28-20064,1964,"885,0",2027-03-16,1964-08-04,1,Registrerad ägare,503403.0,Hisingens Flygklubb,Sweden,2004-01-12
SE-EMD,2001-09-11,Destroyed,,PIPER-PA28-140,28-20053,1964,"975,0",,1964-07-28,1,,,,,
SE-EMH,2013-12-18,Total write-off,,PIPER-PA28-180,28-1746,1964,"1090,0",,1964-09-08,1,Senast registrerad ägare,502477.0,Eskilstuna Flygklubb,Ekeby Flygfält 632 23 ESKILSTUNA Sweden,1986-11-25
SE-EMI,2011-09-16,Total write-off,,PIPER PA-18-150,18-8149,1964,"795,0",1972-09-30,1964-09-03,2,,,,,
SE-EML,,,,PIPER PA-18-150,18-8294,1965,"795,0",1982-03-31,1981-02-06,1,Registrerad ägare,504575.0,Kustflyg I Piteå AB,Durrnäsvägen 20 A 94140 PITEÅ Sweden,1990-09-12
SE-EMN,2006-07-04,Scrapped,,PIPER-PA28-140,28-20361,1964,"975,0",,1964-11-28,1,Senast registrerad ägare,502805.0,Strömsunds Flygklubb,Hallviken 670 833 92 STRÖMSUND Sweden,2004-03-11
SE-EMR,2020-02-28,Exported,Finland,PIPER-PA28-150,28-2081,1964,"975,0",2021-01-08,1965-04-14,1,,,,,
SE-EMT,1988-11-14,Exported,Finland,PIPER-PA28-180,28-2133,1965,"1090,0",,1965-04-14,1,Senast registrerad ägare,504298.0,Sky Drivers AB,Box 353 18424 ÅKERSBERGA Sweden,1988-09-13
SE-EMW,,,,PIPER-PA28-180,28-2192,1965,"1090,0",2026-08-02,1965-04-14,1,,,,,
SE-EMX,2011-10-10,Exported,Italy,PIPER PA-25-235,25-3125,1964,"1000,0",2012-05-31,1965-04-01,1,Senast registrerad ägare,503504.0,Associazione Volovelistica Scaligera,Via Colombo 131 IT-37138 VERONA Italy,2007-05-08
SE-ENB,1983-02-23,Total write-off,,MFI-9B,037,1966,"575,0",1973-12-31,1966-05-23,1,Senast registrerad ägare,502473.0,Chalmers Flygklubb,Säve Flygplatsväg 28 423 73 SÄVE Sweden,1971-09-16
SE-ENC,,,,MFI-9B,38-1072,1965,"575,0",2027-06-30,2014-12-29,1,,,,,
SE-END,,,,MFI-9B,39-582,1965,"625,0",2006-10-31,1983-09-15,4,,,,,
SE-ENE,,,,MFI-9B,40-1092,1966,"625,0",2027-06-30,1966-05-16,1,,,,,
SE-ENG,,,,MFI-9B,054-112,1967,"575,0",2026-09-30,1995-10-06,1,,,,,
SE-ENH,2004-09-01,Exported,Norway,MFI-9B,55,1967,"575,0",2004-12-31,1967-03-21,1,,,,,
SE-EOB,,,,PIPER-PA28-150,28-2234,1965,"975,0",,1965-05-25,1,,,,,
SE-EOC,,,,PIPER-PA28-150,28-2220,1965,"975,0",,1965-08-19,1,Registrerad ägare,504434.0,LB Nyberg Invest AB,Västberga Allé 60 126 30 HÄGERSTEN Sweden,2002-09-19
SE-EOD,,,,PIPER-PA28-180,28-2481,1965,"1090,0",,1973-02-14,1,Registrerad ägare,504037.0,Bromma Air Survey AB,Fack 16110 BROMMA Sweden,1973-02-14
SE-EOE,,,,PIPER-PA28-180,28-3086,1966,"1090,0",2027-07-07,1966-05-11,2,,,,,
SE-EOF,,,,PIPER-PA28-140,28-21151,1965,"975,0",,1966-04-14,1,Registrerad ägare,502718.0,Flygsam AB,Fack 16110 BROMMA Sweden,1967-01-13
SE-EOG,1998-02-05,Owners request,,PIPER-PA23-250,27-2831,1965,"2360,0",,1965-05-13,1,Senast registrerad ägare,504833.0,Andersson Aircraft AB,Box 20141 161 02 BROMMA Sweden,1997-11-19
SE-EOH,,,,EAA-PA25 Pawnee,25-3199,1964,"1000,0",2027-05-31,1965-04-27,1,Registrerad ägare,502619.0,Älvsby Flygklubb,Sweden,2012-05-10
SE-EOK,,,,PIPER-PA30,30-157,1963,"1690,0",2027-06-12,1965-01-18,1,Registrerad ägare,717892.0,Aviators Group GmbH,Nordstraße 14 DE-30855 Langenhagen Germany,2024-04-18
SE-EOL,2003-04-08,Destroyed,,PIPER-PA28-140,28-20699,1965,"975,0",,1965-05-11,1,,,,,
SE-EOM,,,,PIPER-PA28-150,28-2384,1965,"975,0",,1965-07-16,1,Registrerad ägare,502581.0,Strängnäs Flygklubb,Sweden,1971-09-23
SE-EOO,,,,PIPER-PA28-180,28-2185,1965,"1090,0",2027-06-18,1993-02-02,1,,,,,
SE-EOP,,,,PIPER-PA28-140,28-20814,1965,"975,0",2027-04-02,1965-07-16,1,,,,,
SE-EOR,2020-02-07,Exported,Ukraine,PIPER-PA28-180,28-2416,1965,"1090,0",2020-03-29,1965-08-11,1,,,,,
SE-EOS,2011-03-03,Exported,Spain,PIPER-PA28-180,28-2533,1965,"1090,0",2009-07-08,1965-09-06,1,,,,,
SE-EOT,,,,PIPER-PA28-180,28-2461,1965,"1090,0",2026-05-26,1965-08-11,1,,,,,
SE-EOU,,,,PIPER PA-24-250,24-3506,1963,"1315,0",,1964-12-21,1,Registrerad ägare,504401.0,Bravo Fox AB,Skalldalsvägen 18 436 52 HOVÅS Sweden,1991-03-08
SE-EOZ,,,,PIPER-PA28-150,28-2477,1965,"975,0",2009-09-03,1965-09-14,3,,,,,
SE-EPA,1991-02-22,Exported,Norway,PIPER PA-24-250,24-2898,1964,"1315,0",,1966-08-22,1,,,,,
SE-EPB,,,,EAA-PA25 Pawnee,25-3264-917,1964,"1315,0",2027-05-31,1965-05-13,1,Registrerad ägare,502477.0,Eskilstuna Flygklubb,Ekeby Flygfält 632 23 ESKILSTUNA Sweden,2013-07-22
SE-EPC,1988-04-27,Exported,United Kingdom,PIPER PA-18-150,18-8279,1965,"795,0",1988-06-30,1965-12-27,1,Senast registrerad ägare,502502.0,Jönköpings Segelflygklubb,Bogla 49 560 29 TENHULT Sweden,1974-07-09
SE-EPD,1994-02-04,Exported,United Kingdom,PIPER PA-18-150,18-8277,1965,"795,0",1994-10-31,1965-09-06,3,,,,,
SE-EPF,,,,PIPER PA-18-150,18-8249-1171,1965,"795,0",2027-04-30,1965-07-12,3,,,,,
SE-EPG,,,,PIPER PA-22-160,22-7629,1961,"910,0",2027-07-31,2022-03-04,1,Registrerad ägare,669625.0,Nordic Wings AB,Massavägen 15 893 40 Köpmanholmen Sweden,2022-03-04
SE-EPH,1996-04-10,Owners request,,PIPER-PA23-250,27-3373,0,"2360,0",,1966-09-07,1,Senast registrerad ägare,504660.0,Andersson Aircraft AB,Box 166 611 24 NYKÖPING Sweden,1993-04-19
SE-EPI,,,,PIPER-PA28-140,28-20976,1964,"975,0",2012-09-21,1965-11-30,1,,,,,
SE-EPK,,,,PIPER-PA28-140,28-20981,1965,"975,0",2027-06-27,1965-10-23,1,,,,,
SE-EPL,2013-01-07,Exported,Germany,PIPER-PA28-140,28-22422,1966,"975,0",2009-04-21,1967-03-03,1,,,,,
SE-EPM,,,,PIPER PA-18-150,18-8297,1965,"795,0",2027-07-31,1965-11-05,1,Registrerad ägare,502539.0,Munkfors Flygklubb,Flottarevägen 5 684 30 MUNKFORS Sweden,1987-11-24
SE-EPO,2007-01-15,Non-airworthy,,PIPER-PA28-235,28-10614,1964,"1315,0",,1965-09-08,1,Senast registrerad ägare,502595.0,Torsby Flygklubb,Bergebyvägen 49 685 93 TORSBY Sweden,1989-05-30
SE-EPR,2024-08-29,Scrapped,,PIPER-PA23-250,27-3126,1966,"2360,0",,1966-03-09,1,,,,,
SE-EPT,1989-09-25,Total write-off,,PIPER-PA28-180,28-2838,1965,"1090,0",,1966-02-11,2,,,,,
SE-EPY,2002-03-01,Exported,Spain,PIPER-PA28-180,28-2768,1965,"1090,0",,1965-12-10,1,,,,,
SE-ERT,,,,REPUBLIC-RC3,846-1319,1947,"1430,0",2019-05-31,1979-05-17,1,,,,,
SE-ERU,2014-07-10,Exported,Kazakhstan,MORANE SAULNIER-880B/150ST,1267,1968,"770,0",2014-07-24,1969-02-19,1,,,,,
SE-ERW,,,,MORANE SAULNIER-MS892A-150,11407,1969,"980,0",2014-08-31,1969-09-12,1,,,,,
SE-ERX,2004-06-02,Exported,Germany,MORANE SAULNIER-MS892A-150,11426,1969,"980,0",,1969-11-14,1,,,,,
SE-ERZ,2007-01-15,Non-airworthy,,MORANE SAULNIER-MS892A-150,11442,1969,"980,0",,1970-06-18,1,,,,,
SE-ESA,,,,CESSNA-337,33700097,1965,"1905,0",,1965-06-11,1,Registrerad ägare,503843.0,Scantele AB,Tengdahlsgatan 24 11641 STOCKHOLM Sweden,1970-05-28
SE-ESB,,,,CESSNA-150E,15061007,1964,"725,0",2027-04-02,1965-05-04,1,Registrerad ägare,671230.0,RESTAURA Deutschland GmbH,Osterstrasse 27 DE-30159 Hannover Germany,2022-01-25
SE-ESC,,,,CESSNA-140,13284,1947,"660,0",2026-08-31,1965-06-08,1,,,,,
SE-ESD,,,,CESSNA-F172F,F172-0125,1965,"1045,0",2026-09-23,1965-07-09,2,Registrerad ägare,502944.0,Vassunda Flygförening,Sweden,2010-11-12
SE-ESD,,,,CESSNA-F172F,F172-0125,1965,"1045,0",2026-09-23,1965-07-09,2,Registrerad delägare,503592.0,Frivilliga Flygkåren,Hässlögatan 20 721 31 VÄSTERÅS Sweden,2010-11-12
SE-ESE,1995-08-10,Non-airworthy,,CESSNA-F172F,F172-0170,1965,"1045,0",,1965-09-03,1,Senast registrerad ägare,502664.0,S. Anderssons Fabriker I Högboda AB,Norra Boda 4303 66500 KIL Sweden,1980-09-05
SE-ESF,,,,CESSNA-182H,18256211,1965,"1270,0",,1965-06-14,1,Registrerad ägare,503879.0,Delta Aviation AB,Fack 16110 BROMMA Sweden,1965-06-14
SE-ESG,,,,CESSNA-P206,P206-0138,1965,"1500,0",,1965-08-25,1,Registrerad ägare,503788.0,Chematex AB,Djäknegatan 17 21135 MALMÖ Sweden,1967-01-31
SE-ESM,2000-05-12,Exported,United Kingdom,CESSNA-182H,18256480,1965,"1270,0",,1966-03-11,2,,,,,
SE-ESO,2024-11-20,Total write-off,,CESSNA-150F,15062142,1966,"725,0",,1966-06-01,1,,,,,
SE-ESS,2011-11-24,Owners request,,CESSNA-F172H,F172-0341,1966,"1045,0",,1967-02-07,1,Senast registrerad ägare,503052.0,Flyggruppen Backamo,Sweden,1991-10-30
SE-EST,2015-12-08,Total write-off,,CESSNA-210-5 (205),205-0364,1963,"1495,0",2015-08-23,1963-07-09,1,Senast registrerad ägare,525000.0,Just Fly Adventure GmbH,Talleweg 32 A DE-33104 PADERBORN Germany,2012-08-03
SE-ESU,,,,CESSNA-F172G,F172-0248,1965,"1045,0",2027-03-25,1966-04-15,1,Registrerad ägare,730702.0,INEEDHELP SRL,"Str. Petru Rares, Nr. 306, Judet Neamt RO-617513 Alexandru cel Bun Romania",2025-04-01
SE-ESX,,,,CESSNA-F172G,F172-0280,1966,"1045,0",,1966-04-19,1,Registrerad ägare,502665.0,Bromma Flygservice E Lanster,168 67 BROMMA Sweden,1970-01-23
SE-ESY,1987-06-11,Owners request,,CESSNA-F150F,0036,0,"725,0",,1966-05-26,1,,,,,
SE-ETA,2009-09-22,Scrapped,,CESSNA-150F,15061882,1965,"725,0",,1966-01-11,1,,,,,
SE-ETB,2009-12-18,Total write-off,,CESSNA-F172G,F172-0228,1965,"1045,0",,1966-02-15,1,Senast registrerad ägare,505104.0,Enköpings Flygsällskap Ek För,Sweden,1980-02-21
SE-ETC,2012-12-06,Exported,Bolivia,CESSNA-F172G,F172-0242,1965,"1045,0",2013-07-01,1966-04-22,2,,,,,
SE-ETD,,,,CESSNA-F150F,F150-0021,1966,"725,0",2027-07-18,1966-05-12,1,,,,,
SE-ETE,,,,CESSNA-182J,18257122,1966,"1270,0",2016-11-24,1966-06-28,1,,,,,
SE-ETF,,,,CESSNA-F172H,F172-0374,1966,"1045,0",,1967-05-23,1,Registrerad ägare,502497.0,Härnösands Flygklubb,Sweden,1972-08-18
SE-ETL,,,,CESSNA-180H,18051468,1964,"1270,0",2026-09-28,1969-05-06,1,,,,,
SE-ETN,,,,CESSNA-F150G,F150-0193,1967,"725,0",2027-03-18,1967-06-30,1,,,,,
SE-ETO,,,,CESSNA-F150G,F150-0196,1967,"725,0",2025-11-10,1967-07-06,1,,,,,
SE-ETP,2010-08-30,Scrapped,,CESSNA-172H,17255282,1966,"1045,0",2010-06-12,1967-01-30,1,Senast registrerad ägare,502505.0,Karlsborgs Flygklubb,Porsstigen 25 546 33 KARLSBORG Sweden,1974-03-18
SE-ETR,2005-05-23,Exported,United Kingdom,CESSNA-150F,15062718,1966,"725,0",,1966-06-17,1,,,,,
SE-ETT,2002-08-29,Total write-off,,CESSNA-150E,15060848,1964,"725,0",,1965-12-03,1,Senast registrerad ägare,502577.0,Stockholms Flygklubb,Sweden,1995-11-03
SE-ETX,,,,EAA-C 150 D,15060105-1164,1963,"725,0",2026-10-31,1966-04-07,1,,,,,
SE-ETY,1998-10-21,Exported,Egypt,CESSNA-A185E,185-1501,1969,"1520,0",,1975-12-18,1,Senast registrerad ägare,505284.0,Aero-Lem HB,Box 2 81203 KUNGSGÅRDEN Sweden,1994-12-22
SE-ETZ,,,,CESSNA-336,336-0063,1963,"1770,0",,1967-03-03,1,,,,,
SE-EUB,,,,MFI-9B,056,1967,"575,0",2026-09-30,2019-08-23,1,Registrerad ägare,504964.0,Westh Flyg AB,Sweden,2019-08-23
SE-EUC,2007-01-15,Non-airworthy,,MFI-9B,57,1967,"575,0",1976-03-31,1967-06-02,1,Senast registrerad ägare,502583.0,Sundsvalls Flygsällskap,Flygplatsen 1323 860 30 SÖRBERGE Sweden,1973-08-20
SE-EUD,,,,MFI-9B,058,1967,"575,0",2026-06-30,2015-04-13,1,,,,,
SE-EUF,,,,MFI-9B,60,1968,"575,0",2026-10-31,1968-12-30,2,,,,,
SE-EUH,,,,MFI-9B/S,050-1017,1966,"575,0",2013-06-30,1966-06-15,1,,,,,
SE-EUM,,,,MFI-9B,043,1966,"575,0",2026-08-31,1967-09-29,1,Registrerad ägare,503250.0,Team Seeum,Sweden,1998-12-01
SE-EUO,,,,MFI-9B,045-1135,1966,"575,0",2027-07-31,1967-09-21,2,,,,,
SE-EUR,2007-01-15,Non-airworthy,,DE HAVILLAND DH-104 DOVE 6,4496,1958,"3990,0",1991-07-31,1965-07-09,1,Senast registrerad ägare,502667.0,Motorfirma Uno Ranch AB,Rydqvistsgatan 4 41256 GÖTEBORG Sweden,1965-07-16
SE-EUX,,,,BEECH-A23-24,MA-131,1966,"1155,0",,1967-01-02,1,Registrerad ägare,503853.0,Travelair Scandinavia AB,Kungsängens Flygplats 601 73 NORRKÖPING Sweden,1967-01-02
SE-EUZ,1985-09-10,Destroyed,,BEECH-95-C55,TE-238,1966,"2405,0",,1966-11-15,1,Senast registrerad ägare,501519.0,SAAB AB,581 88 Linköping Sweden,1966-12-06
SE-EWC,,,,MFI-9B,48-1320,1966,"575,0",2018-09-30,1968-04-23,1,,,,,
SE-EWD,,,,MFI-9B,49,1966,"575,0",2027-06-30,1969-03-12,1,,,,,
SE-EWI,1991-06-12,Exported,Denmark,BEECH-95-B55,TC-989,1966,"2315,0",,1969-10-30,1,Senast registrerad ägare,502669.0,Växjöflyg Björnsson & Co F:a,Sweden,1969-10-30
SE-EWN,1996-02-01,Scrapped,,BEECH-A23-24,MA-174,1967,"1155,0",,1967-04-21,1,,,,,
SE-EWO,1997-05-23,Exported,United States of America,BEECH-95-C55,TE-435,1967,"2405,0",,1967-10-05,1,Senast registrerad ägare,503780.0,AirCo Flying Service/Tradonor AB,Bidalite lyckeborg 306 385 95 TORSÅS Sweden,1997-05-22
SE-EWP,2024-10-03,Total write-off,,BEECH-95-C55,TE-403,1967,"2405,0",,1967-07-04,1,,,,,
SE-EWW,,,,BEECH-A23-24,MA-191,1967,"1155,0",,1967-06-14,2,,,,,
SE-EWX,1997-05-12,Exported,United States of America,BEECH-D55,TE-511,1968,"2405,0",,1968-03-05,1,Senast registrerad ägare,503201.0,Flemming Frandsen Aircraft Sales LTD,Hilltop House Park View Road Woldingham Caterham GB-CR3 7DH SURREY United Kingdom,1996-10-31
SE-EWY,2025-10-08,Exported,Norway,BEECH-A23-19,MB-192,1967,"1000,0",2009-06-24,1967-04-21,1,Senast registrerad ägare,504557.0,B N Flyg & Maskin AB,Fiskarhagsvägen 10 145 90 NORSBORG Sweden,2015-05-08
SE-EXA,2006-06-09,Exported,Lithuania,CESSNA-182K,18257739,1966,"1270,0",,1967-05-11,1,Senast registrerad ägare,504726.0,Crea Nord Bygg & Anläggning AB,Box 1136 181 22 LIDINGÖ Sweden,2005-11-07
SE-EXB,1994-07-07,Exported,Denmark,CESSNA-F172H,F172-0377,1966,"1045,0",,1968-05-22,1,Senast registrerad ägare,502805.0,Strömsunds Flygklubb,Hallviken 670 833 92 STRÖMSUND Sweden,1982-09-17
SE-EXC,,,,CESSNA-F150H,F150-0254,1967,"725,0",,1969-04-01,1,,,,,
SE-EXD,2013-01-24,Scrapped,,CESSNA-F150J,F150-0463,1968,"725,0",2009-06-19,1969-04-24,1,,,,,
SE-EXF,,,,CESSNA-185D,185-0902,1965,"1445,0",2026-07-10,1965-09-14,1,Registrerad ägare,503586.0,Sjöflygföreningen F2,Sweden,2010-03-24
SE-EXL,2001-06-11,Exported,Spain,BEECH-95-B55,TC-1287,1969,"2315,0",,1969-11-06,1,,,,,
SE-EXW,2019-03-11,Exported,United Kingdom,BEECH-95-B55,TC-1073,1968,"2315,0",2016-05-08,1968-04-10,1,,,,,
SE-EXY,1984-01-13,Exported,Norway,BEECH-95-B55,TC-1288,1969,"2315,0",,1969-10-30,1,Senast registrerad ägare,503986.0,X-Air I Gävle AB,Gävle-Sandviken Flygplats 818 91 VALBO Sweden,1970-01-16
SE-EYA,,,,PIPER PA-25-235,25-3676,1965,"1315,0",2027-05-07,1966-03-18,1,Registrerad ägare,502467.0,Borås Segelflygklubb,Vindgatan 9 504 94 BORÅS Sweden,1986-08-20
SE-EYB,,,,EAA-PA25 Pawnee,25-3680-1289,1965,"1000,0",2017-03-31,1966-03-18,1,Registrerad ägare,505130.0,Segelflygarna Uppsala Flygklubb,Sundbro 425 74382 BÄLINGE Sweden,2008-01-16
SE-EYC,,,,PIPER-PA28-180,28-3114,1966,"1090,0",2025-11-17,1966-06-23,1,,,,,
SE-EYD,1984-04-05,Exported,Sri Lanka,PIPER-PA28-180,28-3107,1965,"1090,0",,1966-05-13,1,,,,,
SE-EYE,1985-08-20,Exported,Finland,PIPER-PA23-250,27-3677,1967,"2360,0",,1967-05-11,1,Senast registrerad ägare,505101.0,Alfaflight-Flygpilen Ek För,Hembyvägen 16 181 48 LIDINGÖ Sweden,1984-07-18
SE-EYG,2002-01-22,Exported,United States of America,PIPER-PA28-140,28-21661,1966,"975,0",,1966-06-23,3,,,,,
SE-EYI,2025-02-14,Scrapped,,PIPER-PA28-180,28-3163,1966,"1090,0",,1966-07-22,1,,,,,
SE-EYL,,,,PIPER PA-18-150/180,18-8347,1965,"795,0",2027-06-30,1966-05-31,1,Registrerad ägare,502513.0,Kronobergs Segelflygklubb,Kronobergsheds Flygfält 1 342 63 MOHEDA Sweden,1981-07-22
SE-EYO,2003-10-10,Scrapped,,PIPER-PA28-180,28-3198,1966,"1090,0",,1975-04-18,1,Senast registrerad ägare,502542.0,Norbergs Flygklubb,Sweden,1985-09-13
SE-EYT,,,,PIPER PA-25-235,25-4076,1966,"1315,0",,1967-03-28,1,Registrerad ägare,502672.0,Söderhamns Flyg AB,Flygvägen 82600 SÖDERHAMN Sweden,1967-04-28
SE-EYU,,,,PIPER-PA28-140,28-21794,1966,"975,0",,1966-08-11,1,,,,,
SE-EYX,2012-11-21,Exported,Czech Republic,PIPER PA-25-235,25-3898,1966,"1000,0",2013-04-27,1967-04-06,1,Senast registrerad ägare,505103.0,Örebro Segelflygares Ek För,Länsflygplatsen 70594 ÖREBRO Sweden,1992-10-16
SE-EYY,,,,PIPER-PA28-140,28-21843,1966,"975,0",2023-08-18,1966-08-22,2,Registrerad delägare,503592.0,Frivilliga Flygkåren,Hässlögatan 20 721 31 VÄSTERÅS Sweden,2010-10-08
SE-EYZ,1987-08-27,Total write-off,,PIPER-PA28-140,28-22457,1966,"975,0",,1967-02-24,1,Senast registrerad ägare,502570.0,Skellefteå Flygklubb,Sweden,1970-03-13
SE-EZC,2023-08-25,Exported,Germany,PIPER-PA28-180,28-3543,1966,"1090,0",2024-04-20,1966-09-27,1,,,,,
SE-EZD,,,,PIPER-PA28-180,28-3583,1966,"1090,0",2027-04-30,1966-12-22,2,Registrerad ägare,502547.0,Norra Upplands Flygklubb,Sweden,2010-09-08
SE-EZD,,,,PIPER-PA28-180,28-3583,1966,"1090,0",2027-04-30,1966-12-22,2,Registrerad delägare,503592.0,Frivilliga Flygkåren,Hässlögatan 20 721 31 VÄSTERÅS Sweden,2010-09-08
SE-EZE,2011-09-07,Exported,Norway,PIPER PA-18-150,18-8444,1966,"795,0",2012-05-31,1966-10-18,1,,,,,
SE-EZF,,,,PIPER-PA32-260,32-768,1966,"1540,0",2025-11-21,1967-03-03,1,Registrerad ägare,626451.0,Bo-Aero AB,Herrgårdsgatan 2 662 50  Svanskog Sweden,2020-05-14
SE-EZG,1989-01-03,Exported,United Kingdom,PIPER PA-18-150,18-8350,1965,"795,0",1989-06-30,1966-07-13,1,Senast registrerad ägare,502550.0,Norrköpings Segelflygklubb,Slakthusvägen 8 602 28 NORRKÖPING Sweden,1976-07-13
SE-EZM,1996-04-24,Destroyed,,PIPER-PA28-140,28-22667,1967,"975,0",,1967-04-25,8,,,,,
SE-EZO,2015-10-14,Exported,Czech Republic,PIPER-PA28-140,28-24361,1968,"975,0",2016-07-02,1968-05-22,1,,,,,
SE-EZR,1983-06-29,Exported,Norway,PIPER-PA28-180,28-3981,1967,"1090,0",,1967-05-26,1,,,,,
SE-EZT,2012-06-11,Owners request,,PIPER-PA28-140,28-22967,1967,"975,0",2013-03-21,1967-06-12,2,,,,,
SE-EZU,,,,PIPER-PA28-180,28-3679,1966,"1090,0",2027-03-11,1967-02-09,1,Registrerad ägare,584744.0,Blomic AB,Almhagsvägen 5 C 178 38 EKERÖ Sweden,2017-03-17
SE-EZX,2008-05-14,Total write-off,,PIPER PA-18-150,18-8610,1967,"795,0",2003-10-19,1968-03-22,1,,,,,
SE-EZY,2007-05-07,Total write-off,,PIPER-PA31,31-22,1967,"2948,0",,1967-06-21,1,Senast registrerad ägare,500453.0,AB Nord-Flyg,Sweden,1975-08-27
SE-EZZ,,,,PIPER PA-18-150,18-8484-648,1966,"795,0",2026-09-30,1967-05-26,2,,,,,
SE-F01,1987-09-24,Exported,United States of America,SAAB-SF340A,340A-101,1987,"12250,0",,1987-08-25,1,Senast registrerad ägare,501519.0,SAAB AB,581 88 Linköping Sweden,1987-08-25
SE-F02,1987-09-30,Exported,United States of America,SAAB-SF340A,340A-102,1987,"12250,0",,1987-08-28,1,Senast registrerad ägare,501519.0,SAAB AB,581 88 Linköping Sweden,1987-08-28
SE-F03,1987-10-01,Exported,United States of America,SAAB-SF340A,340A-103,1987,"12250,0",,1987-09-09,1,Senast registrerad ägare,501519.0,SAAB AB,581 88 Linköping Sweden,1987-09-09
SE-F04,1987-10-14,Exported,United States of America,SAAB-SF340A,340A-104,1987,"12370,0",,1987-09-24,1,Senast registrerad ägare,501519.0,SAAB AB,581 88 Linköping Sweden,1987-09-24
SE-F05,1987-10-22,Exported,United States of America,SAAB-SF340A,340A-105,1987,"12250,0",,1987-10-01,1,Senast registrerad ägare,501519.0,SAAB AB,581 88 Linköping Sweden,1987-10-01
SE-F06,1991-09-21,Change of registration mark,,SAAB-SF340A,340A-106,1987,"12700,0",,1989-12-08,1,Senast registrerad ägare,503721.0,GE Credit Finans AB,Box 304 171 75 STOCKHOLM Sweden,1989-12-08
SE-F07,1987-11-20,Exported,United States of America,SAAB-SF340A,340A-107,1987,"12370,0",,1987-10-23,1,Senast registrerad ägare,501519.0,SAAB AB,581 88 Linköping Sweden,1987-10-23
SE-F08,1987-11-27,Exported,United States of America,SAAB-SF340A,340A-108,1987,"12250,0",,1987-11-06,1,Senast registrerad ägare,501519.0,SAAB AB,581 88 Linköping Sweden,1987-11-06
SE-F09,1987-12-07,Exported,United States of America,SAAB-SF340A,340A-109,1987,"12200,0",,1987-11-13,1,Senast registrerad ägare,501519.0,SAAB AB,581 88 Linköping Sweden,1987-11-13
SE-F10,1987-12-11,Exported,United States of America,SAAB-SF340A,340A-110,1987,"12250,0",,1987-11-18,1,Senast registrerad ägare,501519.0,SAAB AB,581 88 Linköping Sweden,1987-11-18
SE-F11,1987-12-16,Exported,United States of America,SAAB-SF340A,340A-111,1987,"12700,0",,1987-11-25,1,Senast registrerad ägare,501519.0,SAAB AB,581 88 Linköping Sweden,1987-11-25
SE-F12,2007-12-17,Exported,Lithuania,SAAB-SF340A,340A-112,1987,"12700,0",,2007-10-15,1,Senast registrerad ägare,503439.0,Alandia Air AB,Åland Islands,2007-10-15
SE-F13,2005-09-07,Exported,United Kingdom,SAAB-SF340A,340A-113,1988,"12700,0",,2005-01-12,1,Senast registrerad ägare,504897.0,Swedish Aircraft Holdings AB,Hus 209-4 581 88 LINKÖPING Sweden,2005-01-12
SE-F14,2008-03-26,Exported,Lithuania,SAAB-SF340A,340A-114,1988,"12700,0",2009-01-18,2008-01-18,1,Senast registrerad ägare,503439.0,Alandia Air AB,Åland Islands,2008-01-18
SE-F15,2009-11-03,Exported,Thailand,SAAB-SF340A,340A-115,1988,"12700,0",2010-10-16,2009-10-16,1,Senast registrerad ägare,503439.0,Alandia Air AB,Åland Islands,2009-10-16
SE-F16,2009-09-24,Exported,Romania,SAAB-SF340A,340A-116,1988,"12930,0",2010-08-26,2009-08-28,1,Senast registrerad ägare,503563.0,Spitfire Investments Limited,Way Court West  Union Road    Farnham GB-GU9 7PT SURREY United Kingdom,2009-08-28
SE-F17,2010-03-11,Exported,Romania,SAAB-SF340A,340A-117,1988,"12700,0",2011-01-20,2010-01-21,1,Senast registrerad ägare,505047.0,Rockton Management AB,Box 14229 104 40 STOCKHOLM Sweden,2010-01-21
SE-F18,2007-10-18,Exported,Poland,SAAB-SF340A,340A-118,1988,"12700,0",,2007-09-06,1,Senast registrerad ägare,500192.0,Täby Airmaintenance AB,Örebro Flygplats 705 94 Örebro Sweden,2007-09-06
SE-F19,1988-05-06,Exported,United States of America,SAAB-SF340A,340A-119,1988,"12700,0",,1988-04-13,1,Senast registrerad ägare,501519.0,SAAB AB,581 88 Linköping Sweden,1988-04-13
SE-F20,1988-05-31,Exported,Switzerland,SAAB-SF340A,340A-120,1988,"12700,0",,1988-04-25,1,Senast registrerad ägare,501519.0,SAAB AB,581 88 Linköping Sweden,1988-04-25
SE-F21,1995-07-03,Exported,United States of America,SAAB-SF340A,340A-121,1988,"12370,0",,1995-06-22,1,Senast registrerad ägare,503813.0,Saab Aircraft AB,581 88 LINKÖPING Sweden,1995-06-22
SE-F22,1988-06-17,Exported,Switzerland,SAAB-SF340A,340A-122,1988,"12700,0",,1988-05-24,1,Senast registrerad ägare,501519.0,SAAB AB,581 88 Linköping Sweden,1988-05-24
SE-F23,1988-06-22,Exported,United States of America,SAAB-SF340A,340A-123,1988,"12700,0",,1988-05-31,1,Senast registrerad ägare,501519.0,SAAB AB,581 88 Linköping Sweden,1988-05-31
SE-F24,1988-07-01,Exported,Germany,SAAB-SF340A,340A-124,1988,"12700,0",,1988-06-06,1,Senast registrerad ägare,501519.0,SAAB AB,581 88 Linköping Sweden,1988-06-06
SE-F25,1988-08-10,Exported,United States of America,SAAB-SF340A,340A-125,1988,"12700,0",,1988-06-16,1,Senast registrerad ägare,501519.0,SAAB AB,581 88 Linköping Sweden,1988-06-16
SE-F26,1988-08-19,Exported,Switzerland,SAAB-SF340A,340A-126,1988,"12700,0",,1988-06-28,1,Senast registrerad ägare,501519.0,SAAB AB,581 88 Linköping Sweden,1988-06-28
SE-F27,1988-09-12,Exported,"Taiwan, Province of China",SAAB-SF340A,340A-127,1988,"12700,0",,1988-07-05,1,Senast registrerad ägare,501519.0,SAAB AB,581 88 Linköping Sweden,1988-07-05
SE-F28,1988-09-23,Exported,United States of America,SAAB-SF340A,340A-128,1988,"12700,0",,1988-08-22,1,Senast registrerad ägare,501519.0,SAAB AB,581 88 Linköping Sweden,1988-08-22
SE-F29,1988-10-28,Exported,"Taiwan, Province of China",SAAB-SF340A,340A-129,1988,"12700,0",,1988-09-07,1,Senast registrerad ägare,501519.0,SAAB AB,581 88 Linköping Sweden,1988-09-07
SE-F30,1988-10-18,Exported,Norway,SAAB-SF340A,340A-130,1988,"12700,0",,1988-09-16,1,Senast registrerad ägare,501519.0,SAAB AB,581 88 Linköping Sweden,1988-09-16
SE-F31,1988-10-26,Exported,Australia,SAAB-SF340A,340A-131,1988,"12700,0",,1988-09-26,1,Senast registrerad ägare,501519.0,SAAB AB,581 88 Linköping Sweden,1988-09-26
SE-F32,1996-02-22,Exported,Spain,SAAB-SF340A,340A-132,1988,"12700,0",,1996-02-19,1,Senast registrerad ägare,503813.0,Saab Aircraft AB,581 88 LINKÖPING Sweden,1996-02-19
SE-F33,1988-11-11,Change of registration mark,,SAAB-SF340A,340A-133,1988,"12700,0",,1988-10-11,1,Senast registrerad ägare,501519.0,SAAB AB,581 88 Linköping Sweden,1988-10-11
SE-F34,2007-02-01,Exported,Austria,SAAB-SF340A,340A-134,1988,"12700,0",,2006-09-12,1,Senast registrerad ägare,504897.0,Swedish Aircraft Holdings AB,Hus 209-4 581 88 LINKÖPING Sweden,2006-09-12
SE-F35,1988-12-07,Exported,Finland,SAAB-SF340A,340A-135,1988,"12700,0",,1988-11-07,1,Senast registrerad ägare,501519.0,SAAB AB,581 88 Linköping Sweden,1988-11-07
SE-F36,1988-12-15,Exported,France,SAAB-SF340A,340A-136,1988,"12700,0",,1988-11-18,1,Senast registrerad ägare,501519.0,SAAB AB,581 88 Linköping Sweden,1988-11-18
SE-F37,1988-12-30,Change of registration mark,,SAAB-SF340A,340A-137,1988,"12700,0",,1988-11-18,1,Senast registrerad ägare,501519.0,SAAB AB,581 88 Linköping Sweden,1988-11-18
SE-F39,1988-12-29,Exported,United Kingdom,SAAB-SF340A,340A-139,1988,"12700,0",,1988-12-02,1,Senast registrerad ägare,501519.0,SAAB AB,581 88 Linköping Sweden,1988-12-02
SE-F40,1989-02-23,Exported,United States of America,SAAB-SF340A,340A-140,1988,"12700,0",,1989-02-22,1,Senast registrerad ägare,501519.0,SAAB AB,581 88 Linköping Sweden,1988-12-21
SE-F41,1989-02-17,Exported,Germany,SAAB-SF340A,340A-141,1988,"12700,0",,1989-01-12,1,Senast registrerad ägare,501519.0,SAAB AB,581 88 Linköping Sweden,1989-01-12
SE-F42,1989-03-14,Exported,United States of America,SAAB-SF340A,340A-142,1989,"12700,0",,1989-03-08,1,Senast registrerad ägare,501519.0,SAAB AB,581 88 Linköping Sweden,1989-01-30
SE-F43,1989-03-15,Exported,France,SAAB-SF340A,340A-143,1989,"12700,0",,1989-02-07,1,Senast registrerad ägare,501519.0,SAAB AB,581 88 Linköping Sweden,1989-02-07
SE-F44,1989-03-31,Exported,Germany,SAAB-SF340A,340A-144,1989,"12700,0",,1989-02-20,1,Senast registrerad ägare,501519.0,SAAB AB,581 88 Linköping Sweden,1989-02-20
SE-F45,1989-04-20,Change of registration mark,,SAAB-SF340A,340A-145,1989,"12700,0",,1989-03-01,1,Senast registrerad ägare,501519.0,SAAB AB,581 88 Linköping Sweden,1989-03-01
SE-F46,1989-04-19,Exported,United States of America,SAAB-SF340A,340A-146,1989,"12700,0",,1989-03-07,1,Senast registrerad ägare,501519.0,SAAB AB,581 88 Linköping Sweden,1989-03-07
SE-F47,1989-05-18,Exported,United States of America,SAAB-SF340A,340A-147,1989,"12700,0",,1989-03-22,1,Senast registrerad ägare,501519.0,SAAB AB,581 88 Linköping Sweden,1989-03-22
SE-F48,1989-05-24,Exported,United States of America,SAAB-SF340A,340A-148,1989,"12700,0",,1989-04-27,1,Senast registrerad ägare,501519.0,SAAB AB,581 88 Linköping Sweden,1989-04-27
SE-F49,1989-05-11,Exported,United States of America,SAAB-SF340A,340A-149,1989,"12700,0",,1989-04-05,1,Senast registrerad ägare,501519.0,SAAB AB,581 88 Linköping Sweden,1989-04-05
SE-F50,1989-06-19,Exported,United States of America,SAAB-SF340A,340A-150,1989,"12700,0",,1989-05-11,1,Senast registrerad ägare,501519.0,SAAB AB,581 88 Linköping Sweden,1989-05-11
SE-F51,1989-09-14,Exported,United States of America,SAAB-SF340A,340A-151,1989,"12700,0",,1989-06-19,1,Senast registrerad ägare,501519.0,SAAB AB,581 88 Linköping Sweden,1989-06-19
SE-F52,1989-06-26,Exported,United States of America,SAAB-SF340A,340A-152,1989,"12700,0",,1989-05-29,1,Senast registrerad ägare,501519.0,SAAB AB,581 88 Linköping Sweden,1989-05-29
SE-F53,1989-06-28,Exported,France,SAAB-SF340A,340A-153,1989,"12700,0",,1989-05-31,1,Senast registrerad ägare,501519.0,SAAB AB,581 88 Linköping Sweden,1989-05-31
SE-F54,1990-01-11,Exported,"Taiwan, Province of China",SAAB-SF340A,340A-154,1989,"12700,0",,1989-06-19,1,Senast registrerad ägare,501519.0,SAAB AB,581 88 Linköping Sweden,1989-06-19
SE-F55,1989-08-09,Exported,Australia,SAAB-SF340A,340A-155,1989,"12700,0",,1989-06-19,1,Senast registrerad ägare,501519.0,SAAB AB,581 88 Linköping Sweden,1989-06-19
SE-F56,1989-08-15,Owners request,,SAAB-SF340A,340A-156,1989,"12700,0",,1989-06-29,1,Senast registrerad ägare,501519.0,SAAB AB,581 88 Linköping Sweden,1989-06-29
SE-F57,1989-09-06,Exported,United States of America,SAAB-SF340A,340A-157,1989,"12700,0",,1989-07-06,1,Senast registrerad ägare,501519.0,SAAB AB,581 88 Linköping Sweden,1989-07-06
SE-F58,1989-09-11,Exported,United States of America,SAAB-SF340A,340A-158,1989,"12700,0",,1989-08-08,1,Senast registrerad ägare,501519.0,SAAB AB,581 88 Linköping Sweden,1989-08-08
SE-F59,1989-10-06,Exported,Germany,SAAB-SF340A,340A-159,1989,"12700,0",,1989-08-17,1,Senast registrerad ägare,501519.0,SAAB AB,581 88 Linköping Sweden,1989-08-17
SE-F60,2005-05-04,Exported,United Kingdom,SAAB-340B,340B-160,1989,"13155,0",,2005-05-04,1,Senast registrerad ägare,503442.0,Loganair Ltd.,St Andrews Drive  Glasgow Airport  Paisley GB-PA3 2TG Renfrewshire United Kingdom,2005-05-04
SE-F61,1989-09-29,Exported,Switzerland,SAAB-340B,340B-161,1989,"12930,0",,1989-08-28,1,Senast registrerad ägare,501519.0,SAAB AB,581 88 Linköping Sweden,1989-08-28
SE-F62,1989-10-04,Change of registration mark,,SAAB-340B,340B-162,1989,"12930,0",,1989-09-05,1,Senast registrerad ägare,501519.0,SAAB AB,581 88 Linköping Sweden,1989-09-05
SE-F63,1990-01-15,Exported,Switzerland,SAAB-340B,340B-163,1989,"12930,0",,1989-09-19,1,Senast registrerad ägare,501519.0,SAAB AB,581 88 Linköping Sweden,1989-09-19
SE-F64,1989-10-24,Exported,Switzerland,SAAB-340B,340B-164,1989,"12930,0",,1989-09-25,1,Senast registrerad ägare,501519.0,SAAB AB,581 88 Linköping Sweden,1989-09-25
SE-F65,1989-11-07,Exported,United States of America,SAAB-340B,340B-165,1989,"12930,0",,1989-09-29,1,Senast registrerad ägare,501519.0,SAAB AB,581 88 Linköping Sweden,1989-09-29
SE-F66,1989-11-29,Exported,United States of America,SAAB-340B,340B-166,1989,"12930,0",,1989-10-06,1,Senast registrerad ägare,501519.0,SAAB AB,581 88 Linköping Sweden,1989-10-06
SE-F67,2017-02-27,Exported,United Kingdom,SAAB-340B,340B-167,1989,"13155,0",2018-02-23,2017-02-03,1,Senast registrerad ägare,500192.0,Täby Airmaintenance AB,Örebro Flygplats 705 94 Örebro Sweden,2017-02-03
SE-F68,1989-11-27,Exported,France,SAAB-340B,340B-168,1989,"12930,0",,1989-10-16,1,Senast registrerad ägare,501519.0,SAAB AB,581 88 Linköping Sweden,1989-10-16
SE-F69,1989-12-13,Exported,United States of America,SAAB-340B,340B-169,1989,"12930,0",,1989-10-30,1,Senast registrerad ägare,501519.0,SAAB AB,581 88 Linköping Sweden,1989-10-30
SE-F70,1990-02-23,Owners request,,SAAB-340B,340B-170,1989,"12930,0",,1989-11-02,1,Senast registrerad ägare,501519.0,SAAB AB,581 88 Linköping Sweden,1989-11-02
SE-F71,1990-01-15,Exported,Switzerland,SAAB-340B,340B-171,1989,"12930,0",,1989-11-23,1,Senast registrerad ägare,501519.0,SAAB AB,581 88 Linköping Sweden,1989-11-23
SE-F72,1989-12-19,Exported,United States of America,SAAB-340B,340B-172,1989,"12930,0",,1989-11-27,1,Senast registrerad ägare,501519.0,SAAB AB,581 88 Linköping Sweden,1989-11-27
SE-F73,2005-05-27,Exported,United Kingdom,SAAB-340B,340B-173,1989,"13155,0",,2005-05-27,1,Senast registrerad ägare,503442.0,Loganair Ltd.,St Andrews Drive  Glasgow Airport  Paisley GB-PA3 2TG Renfrewshire United Kingdom,2005-05-27
SE-F74,1990-01-31,Exported,United States of America,SAAB-340B,340B-174,1989,"12930,0",,1989-12-19,1,Senast registrerad ägare,501519.0,SAAB AB,581 88 Linköping Sweden,1989-12-19
SE-F75,1990-01-25,Exported,Netherlands,SAAB-340B,340B-175,1989,"12700,0",,1989-12-13,1,Senast registrerad ägare,501519.0,SAAB AB,581 88 Linköping Sweden,1989-12-13
SE-F76,1990-01-31,Exported,Switzerland,SAAB-340B,340B-176,1989,"12930,0",,1989-12-27,1,Senast registrerad ägare,501519.0,SAAB AB,581 88 Linköping Sweden,1989-12-27
SE-F77,1990-02-28,Exported,United States of America,SAAB-340B,340B-177,1990,"12930,0",,1990-01-17,1,Senast registrerad ägare,501519.0,SAAB AB,581 88 Linköping Sweden,1990-01-17
SE-F78,1990-02-15,Exported,Netherlands,SAAB-340B,340B-178,1990,"12930,0",,1990-01-15,1,Senast registrerad ägare,501519.0,SAAB AB,581 88 Linköping Sweden,1990-01-15
SE-F79,1990-03-01,Exported,Netherlands,SAAB-340B,340B-179,1990,"12930,0",,1990-01-22,1,Senast registrerad ägare,501519.0,SAAB AB,581 88 Linköping Sweden,1990-01-22
SE-F80,1990-03-29,Exported,United States of America,SAAB-340B,340B-180,1990,"12930,0",,1990-02-20,1,Senast registrerad ägare,501519.0,SAAB AB,581 88 Linköping Sweden,1990-02-20
SE-F81,1990-04-10,Exported,United States of America,SAAB-340B,340B-181,1990,"12930,0",,1990-03-08,1,Senast registrerad ägare,501519.0,SAAB AB,581 88 Linköping Sweden,1990-03-08
SE-F82,1990-05-03,Exported,Switzerland,SAAB-340B,340B-182,1990,"12930,0",,1990-03-28,1,Senast registrerad ägare,501519.0,SAAB AB,581 88 Linköping Sweden,1990-03-28
SE-F83,1990-05-17,Exported,Netherlands,SAAB-340B,340B-183,1990,"12930,0",,1990-04-04,1,Senast registrerad ägare,501519.0,SAAB AB,581 88 Linköping Sweden,1990-04-04
SE-F84,1990-04-06,Exported,United States of America,SAAB-340B,340B-184,1990,"12930,0",,1990-03-02,1,Senast registrerad ägare,501519.0,SAAB AB,581 88 Linköping Sweden,1990-03-02
SE-F85,2005-07-07,Exported,United Kingdom,SAAB-340B,340B-185,1990,"13155,0",,2005-07-06,1,Senast registrerad ägare,503442.0,Loganair Ltd.,St Andrews Drive  Glasgow Airport  Paisley GB-PA3 2TG Renfrewshire United Kingdom,2005-07-06
SE-F86,1990-04-11,Exported,Netherlands,SAAB-340B,340B-186,1990,"12930,0",,1990-03-12,1,Senast registrerad ägare,501519.0,SAAB AB,581 88 Linköping Sweden,1990-03-12
SE-F87,2008-03-17,Exported,United Kingdom,SAAB-340B,340B-187,1990,"12930,0",2009-02-28,2008-02-28,1,Senast registrerad ägare,503522.0,Banc of America Leasing Ireland Co.  Ltd.,46 St Stephens Green IE-0000 DUBLIN 2 Ireland,2008-02-28
SE-F88,1990-04-25,Exported,Netherlands,SAAB-340B,340B-188,1990,"12930,0",,1990-03-16,1,Senast registrerad ägare,501519.0,SAAB AB,581 88 Linköping Sweden,1990-03-16
SE-F89,1990-05-02,Exported,Netherlands,SAAB-340B,340B-189,1990,"12930,0",,1990-03-26,1,Senast registrerad ägare,501519.0,SAAB AB,581 88 Linköping Sweden,1990-03-26
SE-F90,1990-05-18,Exported,United States of America,SAAB-340B,340B-190,1990,"12930,0",,1990-04-02,1,Senast registrerad ägare,501519.0,SAAB AB,581 88 Linköping Sweden,1990-04-02
SE-F91,1990-05-22,Exported,United States of America,SAAB-340B,340B-191,1990,"12930,0",,1990-04-19,1,Senast registrerad ägare,501519.0,SAAB AB,581 88 Linköping Sweden,1990-04-19
SE-F92,1990-06-07,Exported,United States of America,SAAB-340B,340B-192,1990,"13155,0",,1990-04-23,1,Senast registrerad ägare,501519.0,SAAB AB,581 88 Linköping Sweden,1990-04-23
SE-F93,1990-06-08,Exported,United States of America,SAAB-340B,340B-193,1990,"13155,0",,1990-04-27,1,Senast registrerad ägare,501519.0,SAAB AB,581 88 Linköping Sweden,1990-04-27
SE-F94,1990-06-20,Exported,United States of America,SAAB-340B,340B-194,1990,"12930,0",,1990-05-09,1,Senast registrerad ägare,501519.0,SAAB AB,581 88 Linköping Sweden,1990-05-09
SE-F95,1990-06-25,Exported,Netherlands,SAAB-340B,340B-195,1990,"13155,0",,1990-05-18,1,Senast registrerad ägare,501519.0,SAAB AB,581 88 Linköping Sweden,1990-05-18
SE-F96,1990-06-18,Exported,United States of America,SAAB-340B,340B-196,1990,"12930,0",,1990-05-18,1,Senast registrerad ägare,501519.0,SAAB AB,581 88 Linköping Sweden,1990-05-18
SE-F97,2008-04-28,Exported,United Kingdom,SAAB-340B,340B-197,1990,"12930,0",2009-04-11,2008-04-11,1,Senast registrerad ägare,503442.0,Loganair Ltd.,St Andrews Drive  Glasgow Airport  Paisley GB-PA3 2TG Renfrewshire United Kingdom,2008-04-11
SE-F98,1990-07-04,Exported,United States of America,SAAB-340B,340B-198,1990,"12930,0",,1990-06-05,1,Senast registrerad ägare,501519.0,SAAB AB,581 88 Linköping Sweden,1990-06-05
SE-F99,1990-07-05,Exported,United States of America,SAAB-340B,340B-199,1990,"12930,0",,1990-06-05,1,Senast registrerad ägare,501519.0,SAAB AB,581 88 Linköping Sweden,1990-06-05
SE-FAA,2025-02-10,Exported,Finland,PIPER-PA28-140,28-23338,1967,"975,0",2025-05-31,1967-09-08,1,,,,,
SE-FAC,2007-01-15,Non-airworthy,,PIPER-PA28-180,28-4287,1967,"1090,0",,1967-11-02,1,Senast registrerad ägare,503952.0,Brokvists Smides Och Mekanis Verkstad Eftr AB,Boovägen 79 13235 SALTSJÖ-BOO Sweden,1992-01-14
SE-FAD,,,,PIPER-PA28-180,28-4319,1968,"1090,0",2018-11-21,1968-07-05,1,,,,,
SE-FAE,1993-12-02,Exported,Hungary,PIPER-PA28-140,28-23765,1967,"975,0",,1967-12-21,1,,,,,
SE-FAF,1985-03-01,Scrapped,,PIPER-PA32-260,32-857,1967,"1540,0",,1967-05-25,1,Senast registrerad ägare,503772.0,Saab Nyge Aero AB,Box 321 611 27 NYKÖPING Sweden,1984-04-18
SE-FAG,2007-01-15,Non-airworthy,,PIPER-PA28-140,28-23173,1967,"975,0",,1967-08-14,1,Senast registrerad ägare,502522.0,Ljusdals Flygklubb,Forsnäset Färilavägen 40 827 94  LJUSDAL Sweden,1968-04-09
SE-FAH,,,,PIPER PA-18-150,18-8618,1967,"795,0",2026-05-31,1968-03-07,1,,,,,
SE-FAI,,,,PIPER-PA28-140,28-22647,1967,"975,0",2019-05-07,1967-04-10,1,Registrerad ägare,503027.0,Sportflyggruppen,Sweden,1990-12-03
SE-FAK,2000-07-10,Exported,Portugal,PIPER PA-18-150,18-8479,1966,"795,0",2001-03-31,1967-04-10,1,Senast registrerad ägare,503780.0,AirCo Flying Service/Tradonor AB,Bidalite lyckeborg 306 385 95 TORSÅS Sweden,2000-05-16
SE-FAL,,,,PIPER-PA28-180,28-4383,1967,"1090,0",2027-05-09,1967-12-22,1,,,,,
SE-FAM,1998-08-18,Exported,United Kingdom,PIPER-PA28-235,28-10858,1967,"1315,0",,1967-05-02,1,Senast registrerad ägare,503780.0,AirCo Flying Service/Tradonor AB,Bidalite lyckeborg 306 385 95 TORSÅS Sweden,1998-08-17
SE-FAO,,,,PIPER-PA28-140,28-23298,1967,"975,0",2026-04-29,1967-08-11,2,Registrerad ägare,502558.0,Piteå Flygklubb,Box 75 941 22 PITEÅ Sweden,2010-09-27
SE-FAO,,,,PIPER-PA28-140,28-23298,1967,"975,0",2026-04-29,1967-08-11,2,Registrerad delägare,503592.0,Frivilliga Flygkåren,Hässlögatan 20 721 31 VÄSTERÅS Sweden,2010-09-27
SE-FAP,1993-09-02,Owners request,,PIPER-PA28-140,28-23313,1967,"975,0",,1967-08-25,1,,,,,
SE-FAX,2007-01-15,Non-airworthy,,PIPER-PA28-140,28-22687,1967,"975,0",,1967-04-25,1,Senast registrerad ägare,503260.0,Västerås Kommun Hässlögymnasiet,,2001-03-20
SE-FAY,1996-03-25,Exported,,PIPER-PA31,31-82,1967,"2948,0",,1985-07-15,1,Senast registrerad ägare,504660.0,Andersson Aircraft AB,Box 166 611 24 NYKÖPING Sweden,1995-08-30
SE-FAZ,2008-03-31,Total write-off,,PIPER PA-18-150,18-8495,1967,"795,0",1996-06-30,1967-07-04,1,Senast registrerad ägare,505123.0,Västmannaflyg Ek För,Flygplatsen Johannisberg 72591 VÄSTERÅS Sweden,1994-03-22
SE-FBE,,,,CESSNA-F172H,F172-0478,1967,"1045,0",2026-08-25,1968-01-04,1,,,,,
SE-FBF,2017-05-08,Scrapped,,CESSNA-F150H,F150-0262,1967,"725,0",2010-04-07,1968-07-03,1,,,,,
SE-FBG,2024-08-30,Total write-off,,CESSNA-F150H,F150-0272,1967,"725,0",,1968-05-29,1,Senast registrerad ägare,502501.0,Jönköpings Flygklubb,Flygplatsvägen 18 555 93 JÖNKÖPING Sweden,1973-12-18
SE-FBL,2023-05-17,Exported,Norway,CESSNA-F150H,F150-0260,1967,"725,0",,1968-03-15,1,Senast registrerad ägare,504557.0,B N Flyg & Maskin AB,Fiskarhagsvägen 10 145 90 NORSBORG Sweden,2022-02-21
SE-FBM,2024-01-25,Destroyed,,CESSNA-FR172E,FR17200012,1967,"1135,0",,1968-02-08,1,Senast registrerad ägare,502568.0,Silvervingen Flygklubben,Relägatan 21 930 90 ARJEPLOG Sweden,1974-12-05
SE-FBP,,,,CESSNA-FR172E,FR17200029,1968,"1135,0",2012-06-14,1968-06-18,1,,,,,
SE-FBR,1993-02-08,Exported,United States of America,CESSNA-FR172E,FR17200030,1968,"1135,0",,1968-05-28,1,,,,,
SE-FBS,,,,CESSNA-FR172E,031,1968,"1135,0",2014-01-26,2007-10-10,1,Registrerad ägare,500943.0,Linköpings kommun,"Flygteknikprogrammet, Byggnad 3 Nobymalmsvägen 1 585 99 Linköping Sweden",2007-10-10
SE-FBT,2016-06-10,Total write-off,,CESSNA-FR172E,FR17200034,1968,"1135,0",2016-05-27,1968-07-12,1,,,,,
SE-FCA,2003-08-12,Exported,Slovenia,PIPER-PA28-140,28-23548,1967,"975,0",,1967-11-16,1,,,,,
SE-FCB,2001-01-09,Exported,Spain,PIPER-PA28-140,28-23488,1967,"975,0",,1968-01-12,1,Senast registrerad ägare,503252.0,Cordero Invest S L,Apt. de Correos ES-03189 ORIHUELA COSTA Spain,1999-02-12
SE-FCD,,,,PIPER-PA28-140,28-23455,1967,"975,0",2026-09-11,1968-03-22,1,,,,,
SE-FCE,,,,PIPER-PA28R-180,28R-30464,1968,"1135,0",2026-02-23,2007-10-17,1,,,,,
SE-FCF,1990-11-05,Exported,Finland,PIPER-PA28R-180,28R-30484,1968,"1135,0",,1968-04-11,1,,,,,
SE-FCG,2011-09-16,Exported,Latvia,PIPER-PA28R-180,28R-30504,1968,"1135,0",2011-12-06,1968-05-10,1,Senast registrerad ägare,502596.0,Söderslätts Flygklubb,Sweden,1999-06-21
SE-FCH,2026-07-21,Exported,Netherlands,PIPER-PA28-140,28-23905,1967,"975,0",2026-08-07,1968-03-29,1,,,,,
SE-FCI,2013-02-01,Total write-off,,PIPER-PA28-140,28-23920,1967,"975,0",2012-12-07,1968-04-10,1,Senast registrerad ägare,502545.0,Nordvästra Skånes Flygklubb,Flygplatsvägen 6 263 91 HÖGANÄS Sweden,2010-07-27
SE-FCK,,,,PIPER-PA32-260,32-943,1967,"1540,0",,1967-12-21,1,Registrerad ägare,503897.0,Söderala Flyg AB,Mohed 6590 826 61 SÖDERALA Sweden,1983-02-25
SE-FCM,2007-11-14,Exported,United Kingdom,PIPER-PA28-180,28-4766,1968,"1090,0",,1968-06-17,1,Senast registrerad ägare,503490.0,ATC (Lasham) Ltd.,Lasham Airfield  Lasham GB-GU34 5SP HANTS United Kingdom,2006-12-05
SE-FCN,,,,PIPER-PA28-140,28-23556,1967,"975,0",2025-10-10,1968-01-12,1,,,,,
SE-FCO,,,,PIPER-PA28-140,28-23504,1967,"975,0",2027-06-03,1968-02-21,1,,,,,
SE-FCP,2008-11-14,Total write-off,,PIPER-PA28-140,28-23533,1967,"975,0",,1968-02-06,1,Senast registrerad ägare,502535.0,Motala Flygklubb,Skärstad Nedre Bostället 425 591 94 MOTALA Sweden,1982-06-07
SE-FCR,1993-02-16,Total write-off,,PIPER-PA28-180,28-4580,1967,"1090,0",,1968-02-28,1,,,,,
SE-FCU,1983-09-02,Exported,Denmark,PIPER-PA28R-180,28R-30332,1968,"1135,0",,1968-02-19,1,Senast registrerad ägare,503772.0,Saab Nyge Aero AB,Box 321 611 27 NYKÖPING Sweden,1982-12-17
SE-FCX,1999-05-19,Exported,Norway,PIPER PA-25-260/235,25-4505,1968,"1000,0",,1979-05-10,1,Senast registrerad ägare,502822.0,Höganäs Segelflygklubb,Sweden,1984-08-27
SE-FCY,1983-04-13,Exported,Spain,PIPER PA-25-260,25-4509,1968,"1315,0",,1968-03-15,1,Senast registrerad ägare,504034.0,Wahlair AB,Fredriksberg Ljunga 601 73 NORRKÖPING Sweden,1977-04-27
SE-FDA,2008-04-02,Exported,Hungary,PIPER-PA28-140,28-24386,1968,"975,0",,1968-05-31,1,Senast registrerad ägare,504567.0,Viareds Flyg AB,Vindgatan 504 64 BORÅS Sweden,2005-06-27
SE-FDB,2002-12-19,Exported,Norway,PIPER-PA28-140,28-24416,1968,"975,0",,1968-06-07,3,,,,,
SE-FDC,,,,PIPER-PA28-140,28-24451,1968,"975,0",,1968-09-06,1,,,,,
SE-FDD,,,,PIPER-PA28-140,28-24422,1968,"975,0",2026-06-26,1968-08-30,1,,,,,
SE-FDE,,,,PIPER-PA28-140,28-24433,1968,"975,0",2017-08-30,1968-06-17,1,Registrerad ägare,502902.0,Vallentuna Flygklubb,Box 106 18600 VALLENTUNA Sweden,1986-02-28
SE-FDG,2002-04-12,Exported,Spain,PIPER-PA28R-180,28R-30458,1968,"1135,0",,1968-05-03,1,Senast registrerad ägare,503935.0,Rent-A-Plane Bromma AB,Skjutbanevägen 6 19144 SOLLENTUNA Sweden,1997-09-05
SE-FDH,,,,PIPER-PA28R-180,28R-30664,1968,"1135,0",,1968-05-31,1,Registrerad ägare,502683.0,Wimo Wincrantz Möbelindustrier AB,56025 BOTTNARYD Sweden,1974-01-14
SE-FDI,2015-10-15,Exported,Romania,PIPER-PA28-140,28-24391,1968,"975,0",2016-06-18,1968-07-04,1,Senast registrerad ägare,502554.0,Oskarshamns Flygklubb,Oskarshamns Flygplats 572 92 OSKARSHAMN Sweden,2002-10-14
SE-FDL,,,,PIPER-PA28-180,28-4758,1968,"1090,0",,1968-05-22,1,,,,,
SE-FDN,2003-03-05,Exported,Spain,PIPER-PA28-180,28-4838,1968,"1090,0",,1968-05-17,1,,,,,
SE-FDO,1984-03-09,Owners request,,PIPER-PA28R-180,28R-30685,1968,"1135,0",,1968-06-11,2,Senast registrerad ägare,502844.0,Västerås Kommun  Johannisbergsskolan,Stadshuset 721 87 VÄSTERÅS Sweden,1984-03-09
SE-FDO,1984-03-09,Owners request,,PIPER-PA28R-180,28R-30685,1968,"1135,0",,1968-06-11,2,Senast registrerad delägare,503772.0,Saab Nyge Aero AB,Box 321 611 27 NYKÖPING Sweden,1984-03-09
SE-FDP,,,,PIPER-PA28R-180,28R-30837,1968,"1135,0",,1969-01-23,3,,,,,
SE-FDS,1994-10-05,Exported,Denmark,PIPER-PA28R-180,28R-30683,1968,"1135,0",,1968-08-30,1,Senast registrerad ägare,504660.0,Andersson Aircraft AB,Box 166 611 24 NYKÖPING Sweden,1994-02-11
SE-FDT,,,,PIPER-PA28R-180,28R-30687,1968,"1135,0",2026-09-15,1968-06-14,1,Registrerad ägare,667332.0,FDT Aviation ekonomisk förening,Sweden,2021-11-08
SE-FDV,,,,PIPER-PA28R-180,28R-30729,1968,"1135,0",2026-06-30,1968-09-03,1,,,,,
SE-FDY,2001-10-05,Exported,United Kingdom,PIPER PA-18,18-6279,1958,"680,0",2002-08-31,1970-06-03,1,Senast registrerad ägare,504833.0,Andersson Aircraft AB,Box 20141 161 02 BROMMA Sweden,2001-08-30
SE-FDZ,2003-07-09,Exported,United Kingdom,PIPER-PA28R-180,28R-30873,1968,"1135,0",,1969-02-03,1,Senast registrerad ägare,504907.0,Filip David Zäta AB,Törnvägen 23 13672 VENDELSÖ Sweden,2000-05-09
SE-FED,1985-01-11,Exported,Norway,CESSNA-TP206C,P206-0502,1968,"1635,0",,1968-07-19,1,Senast registrerad ägare,502537.0,Motorsport Bröderna Svensson AB,Verkstadsgatan 11 352 46 VÄXJÖ Sweden,1972-01-27
SE-FEL,,,,CESSNA-F150J,F150-0412,1968,"725,0",2026-12-20,1969-02-24,3,,,,,
SE-FEM,1984-10-04,Total write-off,,CESSNA-177A,17701320,0,"1135,0",,1969-05-30,1,Senast registrerad ägare,502464.0,Bollnäs Flygklubb,Flygvägen 25 821 30 BOLLNÄS Sweden,1977-11-08
SE-FEP,,,,CESSNA-182M,18259395,1968,"1270,0",2020-06-12,1969-03-07,2,,,,,
SE-FER,2012-11-05,Exported,Guyana,CESSNA-207,20700042,1969,"1725,0",2012-11-23,1984-03-23,1,Senast registrerad ägare,503535.0,Air Service International A/S,Stratusvej 1 DK-7190 BILLUND Denmark,2008-04-02
SE-FES,,,,CESSNA-177A,17701315,1968,"1135,0",,1969-04-03,1,Registrerad ägare,502789.0,Falkenbergs Flygklubb,Sweden,1977-07-07
SE-FET,2001-06-07,Exported,Poland,CESSNA-F150J,F150-0450,1969,"725,0",,1969-02-27,1,Senast registrerad ägare,504351.0,Midland Air Östersund AB,Box 2038 831 02 ÖSTERSUND Sweden,1996-05-13
SE-FEV,1983-02-01,Total write-off,,CESSNA-F150J,0437,1969,"726,0",,1969-04-24,1,Senast registrerad ägare,500751.0,Västkustflyg AB,Säve Flygplatsväg 32 423 73 Säve Sweden,1969-04-24
SE-FEX,1987-04-21,Exported,Finland,CESSNA-F172H,0624,1969,"1045,0",,1969-03-13,1,,,,,
SE-FEY,1985-05-28,Exported,Finland,CESSNA-FR172F,0065,1968,"1135,0",,1969-03-31,2,,,,,
SE-FEZ,2003-07-07,Exported,Norway,CESSNA-FR172F,FR17200086,1968,"1135,0",,1969-02-27,1,,,,,
SE-FFB,1991-07-04,Total write-off,,PIPER-PA28-140,28-24789,1968,"975,0",,1968-10-25,1,Senast registrerad ägare,502511.0,Kristianstads Flygklubb,Degebergavägen 116-3 297 92 EVERÖD Sweden,1974-11-12
SE-FFC,,,,PIPER-PA28-140,28-25013,1968,"975,0",2018-06-03,1968-11-15,1,Registrerad ägare,500938.0,Nyköpings Kommun,General Schybergs väg 12-14 611 92 Nyköping Sweden,1998-09-24
SE-FFD,,,,PIPER-PA28-140,28-25017,1968,"975,0",2026-07-10,2026-06-12,1,,,,,
SE-FFE,1986-12-01,Exported,Norway,PIPER-PA31,31-293,1968,"2948,0",,1984-03-26,2,,,,,
SE-FFF,2023-02-01,Exported,Germany,PIPER-PA28-180,28-4524,1967,"1090,0",2023-02-01,1968-08-15,1,,,,,
SE-FFG,2011-05-19,Total write-off,,PIPER PA-24-250,24-2748,1961,"1315,0",,1968-07-11,2,Senast registrerad delägare,504116.0,Inventor Graphic Sweden AB,Jordal 8774 444 92 JÖRLANDA Sweden,2000-07-03
SE-FFH,,,,PIPER-PA28-180,28-5080,1968,"1090,0",2027-07-27,1968-11-04,1,Registrerad ägare,503166.0,Trosa Flygklubb,Tureholms gård 619 92 Trosa Sweden,1996-06-13
SE-FFI,,,,PIPER-PA28-180,28-5096,1968,"1090,0",2021-03-01,1969-05-23,1,Registrerad ägare,503896.0,Långa och Korta Transporter Dalarna AB,Sweden,2021-10-15
SE-FFK,1987-05-19,Exported,Finland,PIPER-PA28-235,28-11158,1968,"1315,0",,1969-01-09,1,,,,,
SE-FFM,2010-02-05,Total write-off,,PIPER-PA28-140,28-25092,1968,"975,0",,1968-12-09,1,Senast registrerad ägare,502466.0,Borås Flygklubb,Vindgatan 7 504 64 BORÅS Sweden,1968-12-09
SE-FFN,1987-02-04,Exported,Denmark,PIPER-PA28-140,28-25033,0,"975,0",,1968-12-20,1,Senast registrerad ägare,502713.0,Sturup Flygklubb,Västerlångvägen 9 233 71 MALMÖ-STURUP Sweden,1983-05-06
SE-FFR,,,,PIPER-PA28-140,28-25446,1969,"975,0",2011-07-27,1969-04-30,1,,,,,
SE-FFU,2007-01-15,Non-airworthy,,PIPER-PA28R-200,28R-35242,1969,"1180,0",,1969-07-11,1,Senast registrerad ägare,502713.0,Sturup Flygklubb,Västerlångvägen 9 233 71 MALMÖ-STURUP Sweden,1984-09-13
SE-FFV,2007-11-14,Total write-off,,PIPER-PA28-140,28-26152,1969,"975,0",,1983-03-31,1,Senast registrerad ägare,502620.0,Ängelholms Flygklubb,Margretetorpsvägen 447 262 91 ÄNGELHOLM Sweden,1980-04-23
SE-FFX,,,,PIPER-PA28-140,28-26842,1970,"975,0",2027-06-06,1970-07-13,1,,,,,
SE-FFY,,,,PIPER PA-22-135,22-656,1952,"885,0",2027-04-28,1969-08-01,1,Registrerad ägare,502457.0,Arvidsjaurbygdens Flygklubb,Sweden,2003-07-30
SE-FFZ,2016-09-12,Scrapped,,PIPER-PA28-140,28-25440,1969,"975,0",2015-10-14,1969-07-11,1,,,,,
SE-FGD,2007-01-15,Non-airworthy,,MAULE-M4-220C,2054C,1970,"1045,0",,1971-08-02,2,,,,,
SE-FGI,,,,CHAMPION-7GCBC,309-71,1971,"750,0",2027-04-30,1971-07-07,1,Registrerad ägare,502522.0,Ljusdals Flygklubb,Forsnäset Färilavägen 40 827 94  LJUSDAL Sweden,2025-10-28
SE-FGK,,,,MAULE-M4-220C,2063C,1971,"1045,0",,1971-08-31,1,Registrerad ägare,503078.0,Tornedalens Flygklubb,Pl 2154 A 95792 ÖVERTORNEÅ Sweden,1992-09-28
SE-FGL,1986-08-06,Exported,Denmark,GARDAN-GY 80-160,228,1967,"1150,0",,1969-08-29,1,,,,,
SE-FGM,,,,CHAMPION-7GCAA,200,1969,"750,0",2002-09-30,1969-07-10,1,Registrerad ägare,505329.0,King Air HB,Strandvägen 33 196 30 KUNGSÄNGEN Sweden,1991-06-12
SE-FGN,,,,FUJI-FA200-180,FA-200-3-1061,1968,"1150,0",2026-05-31,1968-12-09,3,,,,,
SE-FGO,2013-09-24,Destroyed,,MITSUBISHI-MU2B-20,102,1968,"4500,0",,1969-11-19,1,Senast registrerad ägare,503772.0,Saab Nyge Aero AB,Box 321 611 27 NYKÖPING Sweden,1989-01-23
SE-FGR,2007-01-15,Non-airworthy,,BEAGLE-B121-1,B121 047,1969,"725,0",,1969-05-30,1,Senast registrerad ägare,504863.0,Rbi Värmeteknik AB,Folkparksvägen 2 37238 RONNEBY Sweden,1999-01-26
SE-FGU,,,,BEAGLE-B121-2,B121-068,1969,"875,0",2027-05-14,1969-07-17,2,,,,,
SE-FGV,2009-12-18,Exported,United Kingdom,BEAGLE-B121-1,B121-079,1969,"725,0",,1969-08-22,1,,,,,
SE-FGX,1988-04-07,Total write-off,,BEAGLE-B121-2,097,1969,"875,0",,1969-09-23,1,,,,,
SE-FGY,,,,EAA-BEAGLE 121 SER. 1,B121-100-1157,1969,"725,0",2018-11-30,1969-10-08,2,,,,,
SE-FGZ,2025-02-07,Scrapped,,EAA-BEAGLE 121 SER. 1,B121-102-1330,1969,"725,0",2024-09-30,1969-11-07,1,,,,,
SE-FHA,1999-08-10,Exported,United States of America,PIPER-PA30,30-1844,1969,"1690,0",,1995-01-12,1,Senast registrerad ägare,504608.0,Twincom Aviation AB,Artillerigatan 23 41503 GÖTEBORG Sweden,1995-01-12
SE-FHC,2004-10-28,Exported,Norway,PIPER-PA28-140,28-26160,1969,"975,0",,1969-12-05,1,Senast registrerad ägare,504675.0,Per Elisassons Entreprenad & Maskin AB,Maskinvägen 7 981 38 KIRUNA Sweden,1996-08-30
SE-FHD,1982-12-30,Owners request,,PIPER-PA28-140,28-25662,1969,"975,0",,1969-06-19,1,,,,,
SE-FHG,,,,PIPER-PA28-140,28-25716,1969,"975,0",2024-07-12,1969-06-13,1,Registrerad ägare,710665.0,Hangar-1 Service GmbH & Co. KG,Kloster-Thedinga-Strasse 80 DE-26789 Leer Germany,2024-03-13
SE-FHH,2011-02-14,Total write-off,,PIPER-PA28-140,28-26140,1969,"975,0",,1969-11-21,1,Senast registrerad ägare,502466.0,Borås Flygklubb,Vindgatan 7 504 64 BORÅS Sweden,1969-11-21
SE-FHI,2022-04-27,Exported,Norway,PIPER-PA28-140,28-26844,1970,"975,0",2009-05-31,1970-06-18,1,,,,,
SE-FHL,1985-08-29,Destroyed,,PIPER-PA31,31-507,1969,"2948,0",,1969-09-02,1,Senast registrerad ägare,502807.0,Business Air Service Ek För,Flygstationen Badelunda 72560 VÄSTERÅS Sweden,1972-07-10
SE-FHN,2020-01-07,Exported,Poland,PIPER-PA28-140,28-26721,1970,"975,0",2020-02-27,1971-06-11,1,,,,,
SE-FHO,,,,PIPER-PA28-180,28-5614,1969,"1090,0",2027-04-21,1970-07-02,2,,,,,
SE-FHS,1995-02-27,Exported,United States of America,PIPER-PA31,31-544,1969,"2948,0",,1969-12-23,1,,,,,
SE-FHT,2007-01-15,Non-airworthy,,PIPER-PA31,31-488,1969,"2948,0",,1969-09-19,1,Senast registrerad ägare,504660.0,Andersson Aircraft AB,Box 166 611 24 NYKÖPING Sweden,1994-10-17
SE-FHU,2011-03-04,Scrapped,,PIPER-PA28-140,28-26068,1969,"975,0",,1969-09-12,1,Senast registrerad ägare,502509.0,Kiruna Flygklubb,Sweden,1973-05-29
SE-FHV,,,,PIPER-PA32-300,32-40919,1970,"1540,0",2027-04-27,1970-05-06,1,,,,,
SE-FHY,,,,PIPER-PA28-140,28-26255,1969,"975,0",,1969-12-05,1,Registrerad ägare,502585.0,Sundsvalls Flyg AB,Sweden,1971-04-20
SE-FHZ,,,,PIPER-PA28-140,28-26250,1969,"975,0",2027-02-01,1970-02-13,1,,,,,
SE-FIA,,,,MFI-9B,63,1969,"575,0",2026-07-31,1969-10-01,1,,,,,
SE-FIB,,,,MFI-9B,64,1969,"575,0",2019-07-31,1969-05-19,1,,,,,
SE-FID,,,,MFI-9B,066-1349,1971,"575,0",2027-01-31,1976-07-23,1,,,,,
SE-FIE,1985-08-02,Exported,Denmark,MFI-9B,067,1971,"575,0",1984-11-30,1981-11-06,1,,,,,
SE-FIF,,,,MFI-9B,068,1976,"575,0",2027-04-30,2022-05-05,1,,,,,
SE-FIG,,,,MFI-9B-130,69-146,1970,"620,0",2027-06-30,1974-03-29,1,,,,,
SE-FIM,,,,SAAB-MFI15-200,006,1973,"1000,0",2014-03-31,1990-10-11,1,Registrerad ägare,500489.0,Clas Bergstrand AB,Box 62021 200 62 Limhamn Sweden,2014-11-25
SE-FIN,1986-09-18,Total write-off,,SAAB-MFI15-200A,15-802,1976,"1200,0",1987-03-31,1976-10-14,1,Senast registrerad ägare,501519.0,SAAB AB,581 88 Linköping Sweden,1981-08-20
SE-FIO,,,,SAAB-MFI15-200A,15-901-1318,1976,"1200,0",2026-09-30,1989-09-04,1,,,,,
SE-FIP,,,,SAAB-MFI15-200A,15902,1976,"1200,0",2026-08-31,1989-06-21,1,Registrerad ägare,504964.0,Westh Flyg AB,Sweden,2013-11-20
SE-FIR,1983-04-25,Exported,Norway,SAAB-MFI15-200A,15-814,1977,"1200,0",1983-06-30,1977-04-28,1,Senast registrerad ägare,502483.0,Flygcentrum Skolflyg Fsab AB,Bromma Flygplats 16167 BROMMA Sweden,1981-03-04
SE-FIS,,,,BÖLKOW BO-208C JUNIOR,617,1966,"630,0",2011-11-24,1979-05-29,1,,,,,
SE-FIT,2007-02-07,Owners request,,SAAB-MFI15-200A,15832,1978,"1200,0",2007-03-31,1993-08-27,1,,,,,
SE-FKA,,,,CESSNA-FR172F,FR17200110,1969,"1135,0",2026-07-13,1969-12-23,1,,,,,
SE-FKD,2009-09-22,Scrapped,,CESSNA-F150J,F150-0453,1969,"725,0",,1969-05-12,1,,,,,
SE-FKF,2004-09-16,Exported,Hungary,CESSNA-F150J,0525,1969,"725,0",,1969-06-13,1,,,,,
SE-FKH,2011-11-30,Total write-off,,CESSNA-FR172F,FR17200114,1969,"1135,0",,1970-05-12,1,,,,,
SE-FKL,,,,CESSNA-FR172F,FR17200132,1969,"1135,0",,1970-02-18,1,Registrerad ägare,505284.0,Aero-Lem HB,Box 2 81203 KUNGSGÅRDEN Sweden,1995-03-14
SE-FKO,2005-07-20,Exported,United States of America,CESSNA-177A,17701340,1969,"1135,0",,1969-05-30,1,Senast registrerad ägare,502895.0,Trollhättans Flygklubb,Sweden,1986-07-04
SE-FKP,1984-07-30,Exported,Norway,CESSNA-F150J,0417,1968,"726,0",,1970-02-25,1,Senast registrerad ägare,502549.0,Norrköpings Automobil & Flygklubb,Slakthusvägen 10 602 28 NORRKÖPING Sweden,1970-11-30
SE-FKR,1994-12-07,Exported,Denmark,CESSNA-F150J,F150-0418,1968,"725,0",,1970-02-16,1,Senast registrerad ägare,504567.0,Viareds Flyg AB,Vindgatan 504 64 BORÅS Sweden,1994-10-27
SE-FKS,,,,CESSNA-182M,182-59572,1969,"1270,0",2026-12-30,1970-03-16,1,Registrerad ägare,747799.0,Pact Aero AB,Sweden,2026-05-25
SE-FKU,1991-08-06,Exported,Denmark,CESSNA-F172H,F172-0691,1970,"1045,0",,1970-05-04,1,Senast registrerad ägare,502859.0,Sjöbo Flygklubb,Sjöbo Sövde Flygplats Snogeholmsvägen 1251-5 275 93 Sjöbo Sweden,1984-05-11
SE-FKX,,,,CESSNA-F150K,F15000595,1970,"725,0",,1970-05-19,1,,,,,
SE-FKY,,,,CESSNA-A185E,18501672,1970,"1520,0",,1970-05-25,1,,,,,
SE-FKZ,1995-12-18,Exported,Germany,CESSNA-U206D,U206-1384,1969,"1633,0",,1970-06-18,1,Senast registrerad ägare,504617.0,AB Öst-Flyg,Åsvägen 23 393 65 KALMAR Sweden,1995-01-25
SE-FLA,,,,EAA-PA25 Pawnee,25-4487-1138,1967,"1000,0",2027-04-30,1970-04-13,1,Registrerad ägare,502477.0,Eskilstuna Flygklubb,Ekeby Flygfält 632 23 ESKILSTUNA Sweden,1994-06-30
SE-FLB,1984-01-09,Exported,United Kingdom,PIPER PA-25-260,25-4501,1968,"1315,0",,1970-04-13,1,Senast registrerad ägare,504081.0,Laroy Flyg AB,Box 24124 400 22 GÖTEBORG Sweden,1976-01-27
SE-FLD,2001-07-19,Exported,United States of America,PIPER-PA32-260,32-7200015,1971,"1540,0",,1973-01-25,1,Senast registrerad ägare,503780.0,AirCo Flying Service/Tradonor AB,Bidalite lyckeborg 306 385 95 TORSÅS Sweden,2001-06-19
SE-FLF,1987-12-04,Exported,Denmark,PIPER-PA32-300,32-7240118,1972,"1540,0",,1975-10-06,1,,,,,
SE-FLG,,,,PIPER-PA31,31-361,1969,"2948,0",,1973-01-04,1,Registrerad ägare,503044.0,Västerås Stad,,1991-07-01
SE-FLI,,,,PIPER-PA31,31-343,1969,"2948,0",,1969-06-13,1,Registrerad ägare,503889.0,Nyköpings Industrihus AB,61183 NYKÖPING Sweden,1992-02-18
SE-FLN,1995-10-20,Exported,United States of America,AERO COMMANDER-690A,690-11118,1973,"4650,0",,1973-11-06,1,Senast registrerad ägare,503880.0,Swedline Express AB,Flygplatsen 577 91 HULTSFRED Sweden,1990-02-12
SE-FLR,2009-04-01,Exported,Côte d'Ivoire,ROCKWELL COMMANDER-112A,328,1975,"1200,0",2009-04-30,1975-08-20,1,,,,,
SE-FLS,2015-08-24,Exported,United States of America,ROCKWELL COMMANDER-112,350,1975,"1200,0",2014-10-13,1975-10-10,1,Senast registrerad ägare,500111.0,Bromma Air Maintenance AB,"Hangar 4, Bromma Airport 168 67 Bromma Sweden",2004-10-25
SE-FLV,2004-07-23,Exported,Germany,ROCKWELL COMMANDER-112A,416,1975,"1200,0",,1976-01-14,1,Senast registrerad ägare,503199.0,Sina- Aviation,Caspar-Theyss-Strasse 14A DE-14193 Berlin-Grunewald Germany,1996-10-25
SE-FLY,2012-03-07,Exported,Russian Federation,ROCKWELL COMMANDER-114,14010,1976,"1425,0",2012-09-16,1976-05-12,1,Senast registrerad ägare,505357.0,Nice Flight Sweden HB,Sweden,1993-11-03
SE-FMA,2010-02-02,Total write-off,,CESSNA-172K,17258872,1969,"1045,0",,1970-04-06,1,Senast registrerad ägare,502656.0,Täby Sjöflygklubb,Pontongränd 9 183 62 TÄBY Sweden,1987-08-04
SE-FMB,1984-07-17,Exported,Finland,CESSNA-F172H,0670,1969,"1045,0",,1972-04-26,2,Senast registrerad ägare,504182.0,Ics Interconsult Sweden AB,Smedkroken 2 974 33 LULEÅ Sweden,1982-09-02
SE-FMB,1984-07-17,Exported,Finland,CESSNA-F172H,0670,1969,"1045,0",,1972-04-26,2,Senast registrerad delägare,505206.0,Intercruiser Flyg HB,Varvsgatan 49 972 33 LULEÅ Sweden,1982-09-02
SE-FMC,2005-03-16,Exported,Poland,CESSNA-150K,15071529,1969,"750,0",,1970-12-30,1,,,,,
SE-FMF,1984-08-02,Exported,Finland,CESSNA-F172M,1184,1974,"1045,0",,1976-03-26,1,Senast registrerad ägare,504003.0,Virave AB,Storgatan 40 953 37 HAPARANDA Sweden,1984-07-31
SE-FMK,,,,CESSNA-F172M,F17201237,1975,"1045,0",2026-07-18,1976-06-18,1,Registrerad ägare,502727.0,Ekshärads Flygklubb,Klarälvsvägen 58 683 60 EKSHÄRAD Sweden,1976-06-18
SE-FML,,,,CESSNA-FR172F,0136,1969,"1135,0",2027-04-23,1969-07-14,1,,,,,
SE-FMN,1986-06-04,Exported,Denmark,CESSNA-402A,402A-0062,1969,"2860,0",,1969-09-05,1,Senast registrerad ägare,505169.0,Ama-Flyg I Göteborg HB,Box 2027 43820 LANDVETTER Sweden,1978-10-11
SE-FMO,,,,CESSNA-150H,15068537,1968,"725,0",2014-06-30,1969-09-01,3,,,,,
SE-FMU,,,,CESSNA-U206E,U20601478,1970,"1633,0",2012-03-25,1970-06-12,2,,,,,
SE-FMV,1987-04-01,Exported,,CESSNA-F172H,0523,1968,"1045,0",,1970-05-22,5,,,,,
SE-FMX,2015-12-28,Exported,Hungary,CESSNA-A185E,18501740,1970,"1520,0",2015-03-12,1970-07-09,1,,,,,
SE-FMY,2007-01-15,Non-airworthy,,CESSNA-F172M,F17200907,1972,"1045,0",,1973-02-13,1,Senast registrerad ägare,502512.0,Kronobergs Flygklubb,Växjö Flygplats 355 93 VÄXJÖ Sweden,1973-03-07
SE-FMZ,2005-08-08,Exported,Finland,CESSNA-182P,18261431,1972,"1340,0",,1973-03-13,1,,,,,
SE-FNA,,,,DE HAVILLAND-DH-82A,6730-1147,1941,"830,0",2017-06-30,1976-08-10,1,Registrerad ägare,720730.0,Svedinos Bil- och Flygmuseum AB,Sweden,2026-01-07
SE-FNB,2013-12-19,Exported,United States of America,BEECH-A24R,MC-86,1970,"1245,0",2011-06-19,1971-03-23,1,Senast registrerad ägare,505232.0,Åvalla Snickerier HB,Floragatan 2 59040 KISA Sweden,1993-11-23
SE-FNC,,,,P ROBIN-HR100/210,180,1974,"1250,0",2027-07-01,1979-03-22,1,,,,,
SE-FNE,,,,PIPER-PA31-350,31-7405434,1974,"3175,0",2025-04-01,1975-02-21,1,Registrerad ägare,711949.0,Fram trade and logistics OÜ,Vesivärava tn 50-201 EE-10152 Tallinn Estonia,2024-02-08
SE-FNG,1985-12-05,Exported,Sudan,PIPER PA-25-235,25-5183,1969,"1315,0",,1974-10-15,1,Senast registrerad ägare,503897.0,Söderala Flyg AB,Mohed 6590 826 61 SÖDERALA Sweden,1980-04-21
SE-FNH,1985-12-05,Exported,Sudan,PIPER PA-25-260,25-4494,1967,"1315,0",,1974-10-15,1,Senast registrerad ägare,503897.0,Söderala Flyg AB,Mohed 6590 826 61 SÖDERALA Sweden,1980-04-21
SE-FNI,1987-10-09,Exported,United Kingdom,P ROBIN-DR400/180,1021,1975,"1000,0",,1975-03-20,1,Senast registrerad ägare,502491.0,Göteborgs Segelflygklubb,Sweden,1980-06-24
SE-FNK,,,,BEECH-95-B55,TC-1373,1970,"2315,0",,1970-10-30,1,,,,,
SE-FNL,1984-05-08,Exported,Norway,MORANE SAULNIER-MS892A-150,11-471,1970,"980,0",,1975-04-29,1,Senast registrerad ägare,505176.0,Flygfirma Nilsson & Co HB,Box 654 441 18 ALINGSÅS Sweden,1981-05-06
SE-FNN,,,,DE HAVILLAND-DHC-1,C1-0252,1951,"955,0",1976-06-30,1975-06-13,1,Registrerad ägare,503877.0,Saxaren Rederi AB,Box 834 18600 VALLENTUNA Sweden,1975-06-13
SE-FNO,2012-11-14,Scrapped,,CESSNA-U206A,U206-0561,1966,"1635,0",,1975-05-06,1,Senast registrerad ägare,502863.0,Umeå Fallskärmsklubb,N Obbolavägen 229 904 22 UMEÅ Sweden,1982-10-08
SE-FNP,,,,DE HAVILLAND-DHC-1,C1-0756-1205,1952,"955,0",2027-05-31,1975-09-08,1,Registrerad ägare,502730.0,Aerobatiska Sällskapet,Sweden,1978-04-19
SE-FNR,1984-11-12,Owners request,,BEECH-D55,TE 529,1969,"2405,0",,1973-08-14,1,,,,,
SE-FNY,2004-05-27,Total write-off,,BEECH-60,P 10,1968,"3050,0",,1975-03-26,1,Senast registrerad ägare,502731.0,Svetruck AB,Långgatan 29 34126 LJUNGBY Sweden,1981-06-15
SE-FNZ,2008-08-07,Scrapped,,BEECH-95-B55,TC-933,1965,"2270,0",,1983-05-17,1,Senast registrerad ägare,504882.0,Charleswood Air AB,712 82 GRYTHYTTAN Sweden,1998-07-01
SE-FOG,2016-10-21,Total write-off,,BEAGLE-B121-2,B 121-045,1969,"875,0",,1975-09-16,4,,,,,
SE-FOK,,,,BEAGLE-B121-2,B 121-086,1969,"875,0",2017-10-30,1976-12-15,2,,,,,
SE-FON,1998-12-04,Exported,United Kingdom,PIPER PA-18-150,18-1372,1954,"795,0",1997-05-31,1978-11-07,1,Senast registrerad ägare,505336.0,Stockholms Aeroreklam HB,Skördevägen 10 17835 EKERÖ Sweden,1994-04-28
SE-FOO,,,,DE HAVILLAND-DHC-1,C1-0676-1170,1952,"955,0",2022-06-30,1978-07-10,1,,,,,
SE-FOT,1985-04-11,Exported,Norway,CESSNA-F172N,1683,1978,"1045,0",,1978-10-19,1,Senast registrerad ägare,502732.0,Ifsa Intressegrupp För,Sjöflygets Aktivering Avenyn 1 41136 GÖTEBORG Sweden,1978-10-19
SE-FPC,,,,PIPER-PA28-140,28-26723,1970,"975,0",2016-08-19,1984-02-09,1,,,,,
SE-FPD,2020-05-12,Scrapped,,PIPER-PA28-140,28-26511,1970,"975,0",,1972-09-01,1,,,,,
SE-FPI,2017-08-08,Exported,United States of America,PIPER-PA28-140,28-26838,1970,"975,0",2009-07-12,1970-10-30,1,,,,,
SE-FPK,2016-02-04,Destroyed,,PIPER PA-25-260,25-5199,1970,"1315,0",,1971-03-23,1,Senast registrerad ägare,502477.0,Eskilstuna Flygklubb,Ekeby Flygfält 632 23 ESKILSTUNA Sweden,1977-04-26
SE-FPL,2010-01-22,Owners request,,PIPER-PA23-250,27-4552,1970,"2360,0",,1970-08-13,1,Senast registrerad ägare,505012.0,Höglandshem AB,Sweden,2007-04-18
SE-FPM,,,,PIPER-PA28-140,28-7125046,1970,"975,0",,1971-07-02,1,Registrerad ägare,502468.0,Botkyrka Aeroclub,Box  79 14600 TULLINGE Sweden,1972-07-19
SE-FPN,1992-12-03,Exported,Hungary,PIPER-PA28R-200,28R-7135009,1971,"1180,0",,1971-05-07,1,Senast registrerad ägare,504547.0,Bilbolaget Syd AB,Box 6504 20011 MALMÖ Sweden,1992-06-24
SE-FPO,,,,PIPER-PA28R-180,28R-31263,1970,"1135,0",2025-07-15,1970-05-06,1,Registrerad ägare,707675.0,Preflight AB,Flygspanarvägen 5 611 92 Nyköping Sweden,2024-11-11
SE-FPP,,,,PIPER-PA28-140,28-7325017,1972,"975,0",,1972-11-10,1,Registrerad ägare,502571.0,Skolflyg I Bromma AB,Fack 16110 BROMMA Sweden,1976-08-30
SE-FPR,,,,PIPER PA-25-260,25-5280,1970,"1315,0",,1971-03-25,1,Registrerad ägare,502496.0,Hälsingeflyg R Kumar & Co,Hallandsvägen 11 82600 SÖDERHAMN Sweden,1971-03-25
SE-FPS,2022-12-09,Exported,Norway,PIPER PA-18-150,18-8733,1964,"795,0",1995-08-31,1970-11-25,1,Senast registrerad ägare,502946.0,Arvidsjaurs Flygsällskap,Sweden,1987-10-14
SE-FPT,2018-12-06,Exported,Romania,PIPER-PA28-140,28-7125172,1971,"975,0",2008-11-30,2007-11-19,1,,,,,
SE-FPV,,,,PIPER-PA28-140,28-7125156,1971,"975,0",2026-03-14,1971-04-20,1,Registrerad ägare,707675.0,Preflight AB,Flygspanarvägen 5 611 92 Nyköping Sweden,2025-04-04
SE-FPY,1983-11-14,Exported,Iceland,PIPER-PA39,39-95,1971,"1690,0",,1971-04-23,1,Senast registrerad ägare,502463.0,Stockholm Airtaxi-Motorflygskolan AB,Box 20139 161 20 BROMMA Sweden,1978-04-06
SE-FRC,,,,CESSNA-310Q,310Q0119,1970,"2405,0",,1976-08-10,1,Registrerad ägare,505239.0,Sv Charterintressenter KB,Sweden,1986-06-10
SE-FRD,,,,CESSNA-414,414-0085,1970,"2880,0",,1970-10-26,1,Registrerad ägare,505225.0,Risungsintressenter Gårds- Förvaltning KB I Konkurs,Sweden,1995-07-19
SE-FRE,2015-09-08,Exported,Finland,CESSNA-FA150K,FA1500067,1970,"725,0",2015-09-20,1971-04-05,1,,,,,
SE-FRF,,,,CESSNA-185D,185-0909,1965,"1450,0",2027-05-25,1970-12-18,1,Registrerad ägare,528930.0,Bergsjöns Bygg & Smide KB,Box 1204 183 12 TÄBY Sweden,2013-07-22
SE-FRG,2000-06-29,Exported,Egypt,CESSNA-U206D,U206-1254,1969,"1633,0",,1971-06-24,1,Senast registrerad ägare,504526.0,Sjöflygarna AB,Karlavägen 56 11449 STOCKHOLM Sweden,1992-06-30
SE-FRM,,,,CESSNA-U206E,U20601453,1969,"1633,0",,1976-11-03,1,,,,,
SE-FRN,2008-10-07,Total write-off,,"CESSNA-F150J ""150""",F150-0414,1968,"725,0",,1972-05-25,4,,,,,
SE-FRP,,,,CESSNA-U206F,U20601970,1973,"1633,0",2027-07-05,1973-07-06,1,Registrerad ägare,533374.0,Tuna Aero AB,Sweden,2019-06-19
SE-FRR,,,,CESSNA-A185F,18502160,1973,"1520,0",,1973-07-23,1,Registrerad ägare,505369.0,Xyz Flygtjänst HB,Kolvägen 20 85229 SUNDSVALL Sweden,1996-08-13
SE-FRS,1983-02-02,Total write-off,,CESSNA-U206F,U206-02101,1973,"1633,0",,1973-07-27,1,Senast registrerad ägare,500029.0,Fiskflyg AB,Strömgatan 43 982 60 Porjus Sweden,1974-05-20
SE-FRU,1983-06-08,Exported,Finland,CESSNA-402B,402B-0303,1972,"2860,0",,1973-03-23,1,Senast registrerad ägare,502483.0,Flygcentrum Skolflyg Fsab AB,Bromma Flygplats 16167 BROMMA Sweden,1981-02-25
SE-FRV,2007-05-22,Exported,Latvia,CESSNA-F172F,F172-0101,1964,"1045,0",,1973-02-15,1,,,,,
SE-FRY,,,,CESSNA-185C,185-0661,1963,"1450,0",,1973-08-22,4,,,,,
SE-FRZ,,,,CESSNA-A185E,18501772,1970,"1520,0",,1972-02-28,1,Registrerad ägare,504338.0,Heli AB,Malmskogen 58272 LINKÖPING Sweden,1987-02-18
SE-FSA,2026-04-20,Scrapped,,MORANE SAULNIER-MS893A,10-719,1967,"1050,0",2019-09-01,1971-01-15,1,Senast registrerad ägare,728710.0,Keski-Suomen Ilmailijat ry,Töpinäntie 78 FI-41160 TIKKAKOSKI Finland,2025-02-12
SE-FSB,1993-09-14,Exported,Denmark,MORANE SAULNIER-MS892A-150,11776,1967,"980,0",,1971-01-15,1,Senast registrerad ägare,505315.0,Aurora Fastighetsförvaltning KB,Grenljusbacken 15 11765 STOCKHOLM Sweden,1993-09-08
SE-FSD,,,,EAA-MS 880B,1698-1075,1970,"770,0",2026-02-28,1971-04-05,1,,,,,
SE-FSE,2010-01-05,Owners request,,MORANE SAULNIER-MS880B,1732,1971,"770,0",,1971-05-17,1,,,,,
SE-FSF,2000-06-02,Destroyed,,MORANE SAULNIER-MS893A,11819,1971,"1050,0",,1971-08-04,1,Senast registrerad ägare,502532.0,Brännebrona Flygklubb,Sweden,1981-11-11
SE-FSG,,,,MORANE SAULNIER-MS880B,1864,1971,"770,0",2026-04-07,1971-09-14,1,,,,,
SE-FSM,2023-10-10,Scrapped,,MORANE SAULNIER-MS880B,1916,1972,"770,0",2024-09-05,1972-05-09,1,,,,,
SE-FSN,2012-09-18,Exported,Russian Federation,MORANE SAULNIER-MS893A,11926,1972,"1050,0",2012-03-25,1972-03-30,1,,,,,
SE-FSO,,,,MORANE SAULNIER-MS892A-150,11944,1972,"980,0",2026-06-19,1972-04-26,1,,,,,
SE-FSP,,,,MORANE SAULNIER-MS892A-150,11945,1972,"980,0",,1972-05-04,1,,,,,
SE-FSR,2017-11-02,Total write-off,,MORANE SAULNIER-MS892A-150,12035,1972,"980,0",,1972-06-27,1,Senast registrerad ägare,502734.0,Flyguthyrning Bandel & Jörnen KB,Stålringen 30 176 74 JÄRFÄLLA Sweden,1972-07-13
SE-FSU,,,,MORANE SAULNIER-MS893A,12076,1973,"1100,0",2023-08-01,1973-06-19,4,,,,,
SE-FSV,1987-07-21,Exported,Denmark,MORANE SAULNIER-MS894A,12077,1973,"1100,0",,1973-06-20,1,Senast registrerad ägare,505245.0,Selib Aero HB,Box 143 45116 UDDEVALLA Sweden,1981-04-13
SE-FSY,2007-01-15,Non-airworthy,,MORANE SAULNIER-MS893A,12103,1973,"1050,0",,1974-04-19,1,,,,,
SE-FSZ,,,,MORANE SAULNIER-MS880B,2409,1973,"770,0",,1974-05-29,1,,,,,
SE-FTG,1999-02-26,Exported,Norway,CESSNA-175C,17557093,1962,"1065,0",,1984-04-17,1,,,,,
SE-FTP,2007-01-15,Non-airworthy,,AERO COMMANDER-680E,680-E-623-1,1958,"3400,0",,1972-10-18,1,Senast registrerad ägare,503880.0,Swedline Express AB,Flygplatsen 577 91 HULTSFRED Sweden,1986-04-23
SE-FTT,,,,AMERICAN AVIATION-AA1A,AA-1A0195,1971,"680,0",2026-09-22,1973-10-17,1,,,,,
SE-FTV,,,,AMERICAN AVIATION-AA5,AA5-0422,1973,"999,0",2027-06-17,1973-12-20,1,,,,,
SE-FTY,,,,PITTS-S2A,2049,1973,"715,0",2027-04-29,1974-02-18,4,,,,,
SE-FTZ,,,,GARDAN GY 80-180,173,1966,"1150,0",2026-09-30,1972-04-06,2,,,,,
SE-FUB,,,,NORTH AMERICAN AT-16,14-725,1943,"2400,0",2026-07-31,2014-10-01,1,Registrerad ägare,500817.0,Swedish Air Force Historic Flight,Sweden,2014-10-01
SE-FUD,2018-03-21,Exported,Denmark,AT-16 Harvard IIB,14-486-1128,1942,"2400,0",2018-04-30,2009-10-27,1,,,,,
SE-FUE,,,,SCOTTISH AVIATION-BULLDOG SERIES 100 MODEL 101,137,1972,"1066,0",2027-04-23,2020-01-16,1,Registrerad ägare,618929.0,WoS Sverige AB,Sweden,2020-01-16
SE-FUH,1989-08-08,Exported,United States of America,DE HAVILLAND DHC-2 MK I,268,1952,"2315,0",,1975-08-27,1,Senast registrerad ägare,504338.0,Heli AB,Malmskogen 58272 LINKÖPING Sweden,1988-07-13
SE-FUI,1989-01-30,Exported,Norway,CESSNA-F172H,0676,1970,"1045,0",,1975-08-28,1,Senast registrerad ägare,502738.0,Arbrå Flygklubb,Sweden,1979-05-29
SE-FUO,,,,MAULE-M4-210C,1086C,1973,"1045,0",,1973-09-28,1,Registrerad ägare,502614.0,Ytterhogdals Flygklubb,Sweden,1981-03-16
SE-FUR,,,,NAVION,NAV-4-1818,1949,"1250,0",,1973-09-11,1,,,,,
SE-FUT,,,,TIPSY-T66 MKII NIPPER,T-66-53,1960,"330,0",1975-12-31,1973-04-27,1,,,,,
SE-FUU,,,,CHAMPION-7ECA,809-71,1971,"750,0",1988-03-31,1972-09-14,1,Registrerad ägare,731812.0,Sprill AB,Staffansvägen 13 273 55 Brösarp Sweden,2025-05-19
SE-FUV,2021-06-02,Exported,Finland,MAULE-M4-220C,2122C,1972,"1045,0",2021-06-05,1972-10-20,1,,,,,
SE-FUX,2023-11-24,Scrapped,,MOONEY-M20B,1780,1961,"1110,0",,1970-05-29,1,Senast registrerad ägare,505387.0,Normed HB,Niagaravägen 18 263 61 VIKEN Sweden,2006-12-01
SE-FUZ,,,,NORTH AMERICAN AT-16A,14-526,1943,"2400,0",2027-06-30,1973-02-19,3,,,,,
SE-FVP,2024-08-23,Scrapped,,BAE-JETSTREAM-3102,719,1984,"7059,0",2019-02-28,2012-02-15,1,Senast registrerad ägare,534623.0,"AERO VIP-Comphania de Transportes e Servicos Aéreos , S.A.","Aeródromo Municipal de Portimao, Hangar 3 PT-8500-059  MONTES DE ALVOR Portugal",2018-03-19
SE-FVR,,,,DV-20,20021,1993,"730,0",2027-05-05,2002-09-27,1,Registrerad ägare,502462.0,Blekinge Flygklubb,Eringsbodavägen 18 372 92 KALLINGE Sweden,2021-07-13
SE-FVS,,,,PIPER PA-18,18-3209-1165,1954,"680,0",2027-06-10,2007-06-26,1,,,,,
SE-FVT,2021-05-03,Exported,Germany,DV-20,20159,1996,"730,0",2021-07-11,2007-06-14,1,Senast registrerad ägare,629173.0,Royal Verviers Aviation ASBL,Route d'Oneux 79 BE-4800 Verviers Belgium,2021-03-19
SE-FVU,,,,NORTH AMERICAN AT-16A,14A-1098,1943,"2400,0",2027-06-30,2006-06-15,1,Registrerad ägare,500817.0,Swedish Air Force Historic Flight,Sweden,2006-06-15
SE-FVV,,,,SAAB-91B,91.252,1953,"1165,0",2013-01-31,2004-09-28,1,Registrerad ägare,500817.0,Swedish Air Force Historic Flight,Sweden,2004-09-28
SE-FVX,,,,SCOTTISH AVIATION-BULLDOG SERIES 100 MODEL 101,130,1971,"1066,0",2027-06-14,2008-10-10,1,Registrerad ägare,500817.0,Swedish Air Force Historic Flight,Sweden,2010-09-07
SE-FVZ,,,,EAA PA 25 Pawnee,25-5235-1335,1971,"999,0",2027-05-31,2011-04-20,1,Registrerad ägare,502467.0,Borås Segelflygklubb,Vindgatan 9 504 94 BORÅS Sweden,2011-04-20
SE-FWA,2026-04-14,Exported,China,FLUG WERK-FW190-A8/N,739137,2016,"3750,0",2023-08-04,2022-07-05,1,Senast registrerad ägare,662691.0,Focke Wulf AB,Sweden,2022-07-05
SE-FXB,2023-07-12,Exported,Spain,CESSNA-182N,18260529,1971,"1338,0",2024-04-29,1971-06-07,1,Senast registrerad ägare,530489.0,Skydive Örebro AB,Sweden,2013-10-09
SE-FXC,2014-08-18,Exported,Hungary,CESSNA-F172F,F172-0103,1964,"1045,0",2014-10-11,1971-04-23,1,Senast registrerad ägare,504557.0,B N Flyg & Maskin AB,Fiskarhagsvägen 10 145 90 NORSBORG Sweden,2013-08-28
SE-FXD,1994-07-13,Exported,Germany,CESSNA-F150L,F15000672,1970,"725,0",,1971-09-27,1,,,,,
SE-FXF,1982-10-05,Exported,United States of America,CESSNA-414,414-0166,1971,"2880,0",,1971-06-22,1,,,,,
SE-FXK,1983-08-18,Destroyed,,CESSNA-FRA150L,0133,1972,"750,0",,1972-04-17,1,Senast registrerad ägare,502486.0,Gagnefs Flygklubb,Sweden,1975-06-09
SE-FXL,1982-12-10,Exported,Finland,CESSNA-F172L,0833,1972,"1045,0",,1972-04-18,1,Senast registrerad ägare,502751.0,Vårgårda Flygklubb,Box 128 44700 VÅRGÅRDA Sweden,1977-12-05
SE-FXP,2017-09-04,Exported,Norway,CESSNA-U206F,U20601779,1972,"1633,0",2009-06-30,1972-06-22,1,Senast registrerad ägare,503142.0,AVI-LINK AS,Övre Vikeraunet NO-7057 Jonsvatnet Norway,1994-11-10
SE-FXR,,,,CESSNA-F172L,F17200830,1972,"1045,0",2027-05-04,1973-03-21,2,Registrerad delägare,503592.0,Frivilliga Flygkåren,Hässlögatan 20 721 31 VÄSTERÅS Sweden,2010-11-30
SE-FXR,,,,CESSNA-F172L,F17200830,1972,"1045,0",2027-05-04,1973-03-21,2,Registrerad ägare,505118.0,Gimoflygarnas Ekonomiska förening,Sweden,2010-11-30
SE-FXT,,,,CESSNA-F172L,F17200856,1972,"1045,0",2027-01-20,1972-06-21,1,Registrerad ägare,502525.0,Eslövs Flygklubb,Box 215 241 23 ESLÖV Sweden,2021-04-26
SE-FXU,1984-03-28,Exported,Norway,CESSNA-182N,182-60245,1970,"1338,0",,1972-05-04,4,,,,,
SE-FXV,2020-02-13,Exported,Norway,CESSNA-182P,18261259,1972,"1340,0",2020-02-07,1972-10-13,1,Senast registrerad ägare,611252.0,Norrönafly Rakkestad AS,Åstorpveien 62 NO-1890 Rakkestad Norway,2020-01-29
SE-FXX,1987-06-24,Total write-off,,CESSNA-F172L,0874,1972,"1045,0",,1972-10-18,1,Senast registrerad ägare,502581.0,Strängnäs Flygklubb,Sweden,1981-05-25
SE-FXY,1999-07-08,Destroyed,,CESSNA-FR172G,FR17200223,1970,"1155,0",,1972-03-01,1,Senast registrerad ägare,502700.0,Jokkmokks Flygklubb Sarekvingen,Sweden,1976-08-12
SE-FXZ,1988-05-05,Destroyed,,CESSNA-A185E,185-1536,1969,"1520,0",,1972-02-15,1,,,,,
SE-FYA,1983-04-13,Exported,Spain,PIPER PA-25-260,25-5301,1971,"1315,0",,1971-04-23,1,Senast registrerad ägare,504034.0,Wahlair AB,Fredriksberg Ljunga 601 73 NORRKÖPING Sweden,1977-04-27
SE-FYC,2022-11-15,Scrapped,,PIPER-PA28-140,28-7125167,1971,"975,0",2015-08-30,1971-05-07,1,,,,,
SE-FYD,1986-05-13,Exported,Denmark,PIPER-PA28-140,28-7125294,1971,"975,0",,1971-06-04,1,,,,,
SE-FYE,1985-02-13,Total write-off,,PIPER-PA28-180,28-7105157,1971,"1090,0",,1972-02-04,1,Senast registrerad ägare,502476.0,Emmaboda Flygklubb,Box 121 38200 NYBRO Sweden,1981-03-17
SE-FYF,2012-06-20,Total write-off,,PIPER-PA28-140,28-7225144,1971,"975,0",,1972-02-18,1,Senast registrerad ägare,502545.0,Nordvästra Skånes Flygklubb,Flygplatsvägen 6 263 91 HÖGANÄS Sweden,1975-10-27
SE-FYG,,,,PIPER PA-25-260,25-5328,1971,"1315,0",,1971-08-25,1,Registrerad ägare,502496.0,Hälsingeflyg R Kumar & Co,Hallandsvägen 11 82600 SÖDERHAMN Sweden,1971-08-25
SE-FYH,,,,PIPER PA-25-260,25-5351,1971,"1315,0",,1971-08-25,1,Registrerad ägare,502496.0,Hälsingeflyg R Kumar & Co,Hallandsvägen 11 82600 SÖDERHAMN Sweden,1971-08-25
SE-FYI,1987-08-26,Exported,Finland,PIPER-PA23-250,27-4700,1971,"2360,0",,1971-09-06,1,Senast registrerad ägare,504298.0,Sky Drivers AB,Box 353 18424 ÅKERSBERGA Sweden,1987-05-20
SE-FYK,2008-08-15,Exported,Germany,PIPER PA-18-150,18-8777,1969,"795,0",2009-03-31,1971-05-11,1,Senast registrerad ägare,502630.0,Östra Sörmlands Flygklubb,Box 78 646 21 GNESTA Sweden,1971-05-11
SE-FYL,2017-11-14,Exported,United Kingdom,PIPER-PA28-140,28-7225145,1971,"975,0",2018-07-25,1972-02-11,1,Senast registrerad ägare,502546.0,Hultsfreds Flygklubb,PL Flygplatsen 577 91 HULTSFRED Sweden,1975-12-29
SE-FYM,1993-07-08,Exported,Denmark,PIPER-PA28R-200,28R-7235076,1972,"1200,0",,1972-05-29,1,Senast registrerad ägare,504108.0,Hällefors Skogsprrodukter AB,Box 3130 71200 HÄLLEFORS Sweden,1984-12-07
SE-FYN,,,,PIPER-PA28-180,28-7105152,1971,"1090,0",2023-08-08,1971-07-23,2,,,,,
SE-FYO,,,,PIPER-PA28-140,28-7225196,1972,"975,0",,1972-05-04,1,,,,,
SE-FYP,1986-12-11,Exported,Germany,PIPER-PA34-200,34-7250093,1972,"1905,0",,1972-03-23,1,,,,,
SE-FYS,,,,PIPER-PA28-180,28-7305009,1972,"1110,0",2027-05-14,1972-11-10,1,,,,,
SE-FYT,2004-07-28,Exported,United Kingdom,PIPER-PA28-140,28-7225178,1972,"975,0",,1972-04-21,1,,,,,
SE-FYV,1985-03-18,Exported,Norway,PIPER-PA31,31-722,1971,"2948,0",,1971-05-28,1,,,,,
SE-FYX,1997-08-22,Exported,Norway,PIPER-PA28-140,28-7225264,1972,"975,0",,1972-05-26,1,,,,,
SE-FYZ,,,,PIPER-PA28-140,28-7325006,1972,"975,0",,1972-11-03,1,,,,,
SE-FZE,2024-09-18,Total write-off,,CESSNA-182P,18261597,1972,"1340,0",,1973-05-17,1,Senast registrerad ägare,502643.0,Östersunds Flygklubb,Optands Flygfält 205 831 92 ÖSTERSUND Sweden,1980-09-25
SE-FZF,1999-09-23,Exported,Hungary,CESSNA-FRA150L,FRA1500186,1973,"725,0",,1973-04-12,2,,,,,
SE-FZK,,,,CESSNA-402A,402A0057,1969,"2860,0",,1973-02-16,1,Registrerad ägare,503865.0,Hemaris Handels AB,Box 142 37 104 40 Stockholm Sweden,1973-02-16
SE-FZL,2020-09-10,Exported,United States of America,CESSNA-414,414-0382,1973,"3070,0",2021-08-24,1977-05-20,1,Senast registrerad ägare,609313.0,Engel & Völkers Frohnau-Köpenick GmbH,Welfenallee 7 DE-13465 BERLIN Germany,2018-12-21
SE-FZM,1983-09-09,Exported,United States of America,CESSNA-421B,421B-0575,1974,"3380,0",,1974-04-22,1,Senast registrerad ägare,501519.0,SAAB AB,581 88 Linköping Sweden,1974-04-22
SE-FZO,2010-03-11,Exported,Norway,CESSNA-F172M,F172-1145,1974,"1045,0",2009-09-17,1974-06-06,1,,,,,
SE-FZS,,,,CESSNA-F172M,F17201132,1974,"1045,0",2027-04-07,1974-09-27,1,Registrerad ägare,502515.0,Landskrona Flygklubb,Box 92 261 22 LANDSKRONA Sweden,2016-05-04
SE-FZT,1996-11-28,Exported,Denmark,CESSNA-F172M,F17201133,1974,"1045,0",,1974-06-07,1,Senast registrerad ägare,502514.0,Köpings Flygklubb,Flygfältet Strö 2 731 94 KÖPING Sweden,1977-06-16
SE-FZU,,,,CESSNA-F172M,F17201036,1973,"1045,0",2019-07-09,1974-06-07,1,Registrerad ägare,529004.0,METRONA AB,Enholn 8 780 51 DALA-JÄRNA Sweden,2015-08-17
SE-FZY,,,,CESSNA-F172M,F17201024,1973,"1045,0",2027-06-05,1974-02-11,1,Registrerad ägare,502515.0,Landskrona Flygklubb,Box 92 261 22 LANDSKRONA Sweden,2019-04-26
SE-FZZ,2007-07-10,Exported,Hungary,CESSNA-F177RG,F177RG0099,1974,"1270,0",,1974-06-25,1,Senast registrerad ägare,502789.0,Falkenbergs Flygklubb,Sweden,1985-10-22
SE-G01,1990-08-22,Exported,United States of America,SAAB-340B,340B-201,1990,"12930,0",,1990-06-28,1,Senast registrerad ägare,501519.0,SAAB AB,581 88 Linköping Sweden,1990-06-28
SE-G02,1990-08-23,Exported,United States of America,SAAB-340B,340B-202,1990,"12930,0",,1990-07-05,1,Senast registrerad ägare,501519.0,SAAB AB,581 88 Linköping Sweden,1990-07-05
SE-G03,1990-09-18,Exported,United States of America,SAAB-340B,340B-203,1990,"12930,0",,1990-08-09,1,Senast registrerad ägare,501519.0,SAAB AB,581 88 Linköping Sweden,1990-08-09
SE-G04,1990-09-26,Exported,United States of America,SAAB-340B,340B-204,1990,"12930,0",,1990-08-21,1,Senast registrerad ägare,501519.0,SAAB AB,581 88 Linköping Sweden,1990-08-21
SE-G05,1990-10-03,Exported,Australia,SAAB-340B,340B-205,1990,"12930,0",,1990-08-21,1,Senast registrerad ägare,501519.0,SAAB AB,581 88 Linköping Sweden,1990-08-21
SE-G06,1990-10-19,Exported,United States of America,SAAB-340B,340B-206,1990,"12930,0",,1990-08-30,1,Senast registrerad ägare,501519.0,SAAB AB,581 88 Linköping Sweden,1990-08-30
SE-G07,1990-10-26,Exported,Australia,SAAB-340B,340B-207,1990,"12930,0",,1990-09-04,1,Senast registrerad ägare,501519.0,SAAB AB,581 88 Linköping Sweden,1990-09-04
SE-G08,1990-10-17,Exported,Switzerland,SAAB-340B,340B-208,1990,"12930,0",,1990-09-07,1,Senast registrerad ägare,501519.0,SAAB AB,581 88 Linköping Sweden,1990-09-07
SE-G09,1991-12-11,Exported,United States of America,SAAB-340B,340B-209,1990,"12930,0",,1990-09-17,1,Senast registrerad ägare,501519.0,SAAB AB,581 88 Linköping Sweden,1990-09-17
SE-G10,1990-10-18,Exported,United States of America,SAAB-340B,340B-210,1990,"12930,0",,1990-09-17,1,Senast registrerad ägare,501519.0,SAAB AB,581 88 Linköping Sweden,1990-09-17
SE-G11,1990-10-25,Exported,United States of America,SAAB-340B,340B-211,1990,"12930,0",,1990-09-27,1,Senast registrerad ägare,501519.0,SAAB AB,581 88 Linköping Sweden,1990-09-27
SE-G12,1990-11-06,Exported,United States of America,SAAB-340B,340B-212,1990,"12930,0",,1990-09-27,1,Senast registrerad ägare,501519.0,SAAB AB,581 88 Linköping Sweden,1990-09-27
SE-G13,1990-11-08,Exported,Switzerland,SAAB-340B,340B-213,1990,"12930,0",,1990-10-02,1,Senast registrerad ägare,501519.0,SAAB AB,581 88 Linköping Sweden,1990-10-02
SE-G14,1990-11-14,Exported,United States of America,SAAB-340B,340B-214,1990,"12930,0",,1990-10-10,1,Senast registrerad ägare,501519.0,SAAB AB,581 88 Linköping Sweden,1990-10-10
SE-G15,1990-12-07,Exported,Switzerland,SAAB-340B,340B-215,1990,"12930,0",,1990-10-11,1,Senast registrerad ägare,501519.0,SAAB AB,581 88 Linköping Sweden,1990-10-11
SE-G16,1990-12-17,Exported,United States of America,SAAB-340B,340B-216,1990,"12930,0",,1990-10-18,1,Senast registrerad ägare,501519.0,SAAB AB,581 88 Linköping Sweden,1990-10-18
SE-G17,1990-11-28,Exported,Netherlands,SAAB-340B,340B-217,1990,"12930,0",,1990-10-29,1,Senast registrerad ägare,501519.0,SAAB AB,581 88 Linköping Sweden,1990-10-29
SE-G18,1990-12-05,Exported,United States of America,SAAB-340B,340B-218,1990,"12930,0",,1990-11-05,1,Senast registrerad ägare,501519.0,SAAB AB,581 88 Linköping Sweden,1990-11-05
SE-G19,1990-12-13,Exported,United States of America,SAAB-340B,340B-219,1990,"12930,0",,1990-11-08,1,Senast registrerad ägare,501519.0,SAAB AB,581 88 Linköping Sweden,1990-11-08
SE-G20,1990-12-18,Exported,United States of America,SAAB-340B,340B-220,1990,"12930,0",,1990-11-16,1,Senast registrerad ägare,501519.0,SAAB AB,581 88 Linköping Sweden,1990-11-16
SE-G21,1991-01-17,Exported,Switzerland,SAAB-340B,340B-221,1990,"12930,0",,1990-11-23,1,Senast registrerad ägare,501519.0,SAAB AB,581 88 Linköping Sweden,1990-11-23
SE-G22,1991-01-17,Exported,United States of America,SAAB-340B,340B-222,1990,"12930,0",,1990-11-29,1,Senast registrerad ägare,501519.0,SAAB AB,581 88 Linköping Sweden,1990-11-29
SE-G23,1991-01-31,Owners request,,SAAB-340B,340B-223,1990,"12930,0",,1990-12-06,1,Senast registrerad ägare,504543.0,Brintesia Aviation AB,Box 7826 10397 STOCKHOLM Sweden,1991-01-25
SE-G24,1991-01-23,Exported,United States of America,SAAB-340B,340B-224,1990,"12930,0",,1990-12-07,1,Senast registrerad ägare,501519.0,SAAB AB,581 88 Linköping Sweden,1990-12-07
SE-G25,1991-02-07,Exported,Switzerland,SAAB-340B,340B-225,1990,"12930,0",,1990-12-17,1,Senast registrerad ägare,501519.0,SAAB AB,581 88 Linköping Sweden,1990-12-17
SE-G26,1991-02-19,Exported,Netherlands,SAAB-340B,340B-226,1990,"12930,0",,1991-01-03,1,Senast registrerad ägare,501519.0,SAAB AB,581 88 Linköping Sweden,1991-01-03
SE-G27,1991-02-13,Exported,United States of America,SAAB-340B,340B-227,1991,"12930,0",,1990-10-11,1,Senast registrerad ägare,501519.0,SAAB AB,581 88 Linköping Sweden,1909-10-11
SE-G28,1991-03-01,Exported,Switzerland,SAAB-340B,340B-228,1991,"12930,0",,1991-01-15,1,Senast registrerad ägare,501519.0,SAAB AB,581 88 Linköping Sweden,1991-01-15
SE-G29,1991-02-22,Change of registration mark,,SAAB-340B,340B-229,1991,"12930,0",,1991-01-24,1,Senast registrerad ägare,501519.0,SAAB AB,581 88 Linköping Sweden,1991-01-24
SE-G30,1991-03-14,Exported,France,SAAB-340B,340B-230,1991,"12930,0",,1991-01-28,1,Senast registrerad ägare,501519.0,SAAB AB,581 88 Linköping Sweden,1991-01-28
SE-G31,1991-03-07,Exported,United States of America,SAAB-340B,340B-231,1991,"12930,0",,1991-02-01,1,Senast registrerad ägare,501519.0,SAAB AB,581 88 Linköping Sweden,1991-02-01
SE-G32,1991-04-03,Exported,United States of America,SAAB-340B,340B-232,1991,"12930,0",,1991-02-07,1,Senast registrerad ägare,501519.0,SAAB AB,581 88 Linköping Sweden,1991-02-07
SE-G33,1991-04-16,Exported,United States of America,SAAB-340B,340B-233,1991,"12930,0",,1991-02-11,1,Senast registrerad ägare,501519.0,SAAB AB,581 88 Linköping Sweden,1991-02-11
SE-G34,1991-03-20,Exported,United States of America,SAAB-340B,340B-234,1991,"12930,0",,1991-02-14,1,Senast registrerad ägare,501519.0,SAAB AB,581 88 Linköping Sweden,1991-02-14
SE-G35,1991-03-26,Exported,United States of America,SAAB-340B,340B-235,1991,"12930,0",,1991-02-19,1,Senast registrerad ägare,501519.0,SAAB AB,581 88 Linköping Sweden,1991-02-19
SE-G36,1991-05-07,Exported,United States of America,SAAB-340B,340B-236,1991,"12930,0",,1991-02-22,1,Senast registrerad ägare,501519.0,SAAB AB,581 88 Linköping Sweden,1991-02-22
SE-G37,1991-05-30,Exported,United States of America,SAAB-340B,340B-237,1991,"12930,0",,1991-02-28,1,Senast registrerad ägare,501519.0,SAAB AB,581 88 Linköping Sweden,1991-02-28
SE-G38,1991-05-22,Exported,United States of America,SAAB-340B,340B-238,1991,"12930,0",,1991-03-06,1,Senast registrerad ägare,501519.0,SAAB AB,581 88 Linköping Sweden,1991-03-06
SE-G39,1991-05-30,Exported,United States of America,SAAB-340B,340B-239,1991,"12930,0",,1991-03-13,1,Senast registrerad ägare,501519.0,SAAB AB,581 88 Linköping Sweden,1991-03-13
SE-G40,1991-05-22,Exported,United States of America,SAAB-340B,340B-240,1991,"12930,0",,1991-03-19,1,Senast registrerad ägare,501519.0,SAAB AB,581 88 Linköping Sweden,1991-03-19
SE-G41,1991-05-27,Exported,United States of America,SAAB-340B,340B-241,1991,"12930,0",,1991-03-22,1,Senast registrerad ägare,501519.0,SAAB AB,581 88 Linköping Sweden,1991-03-22
SE-G42,1991-05-30,Exported,United States of America,SAAB-340B,340B-242,1991,"12930,0",,1991-03-27,1,Senast registrerad ägare,501519.0,SAAB AB,581 88 Linköping Sweden,1991-03-27
SE-G43,1991-05-16,Exported,United States of America,SAAB-340B,340B-243,1991,"12930,0",,1991-04-08,1,Senast registrerad ägare,501519.0,SAAB AB,581 88 Linköping Sweden,1991-04-08
SE-G44,1991-06-18,Exported,United States of America,SAAB-340B,340B-244,1991,"12930,0",,1991-04-10,1,Senast registrerad ägare,501519.0,SAAB AB,581 88 Linköping Sweden,1991-04-10
SE-G45,1991-06-27,Exported,United States of America,SAAB-340B,340B-245,1991,"12930,0",,1991-04-22,1,Senast registrerad ägare,501519.0,SAAB AB,581 88 Linköping Sweden,1991-04-22
SE-G46,2007-12-27,Exported,United Kingdom,SAAB-340B,340B-246,1991,"12930,0",2008-12-31,2007-12-21,1,Senast registrerad ägare,503522.0,Banc of America Leasing Ireland Co.  Ltd.,46 St Stephens Green IE-0000 DUBLIN 2 Ireland,2007-12-21
SE-G47,1991-06-19,Exported,United States of America,SAAB-340B,340B-247,1991,"12930,0",,1991-04-25,1,Senast registrerad ägare,501519.0,SAAB AB,581 88 Linköping Sweden,1991-04-25
SE-G48,1996-12-23,Exported,Lithuania,SAAB-340B,340B-248,1991,"12930,0",,1996-11-25,1,Senast registrerad ägare,503733.0,Saab Aircraft Leasing AB,Box 7774 103 96 STOCKHOLM Sweden,1996-12-20
SE-G49,1991-06-11,Exported,United States of America,SAAB-340B,340B-249,1991,"12930,0",,1991-05-13,1,Senast registrerad ägare,501519.0,SAAB AB,581 88 Linköping Sweden,1991-05-13
SE-G50,1991-08-21,Exported,United States of America,SAAB-340B,340B-250,1991,"12930,0",,1991-05-22,1,Senast registrerad ägare,501519.0,SAAB AB,581 88 Linköping Sweden,1991-05-22
SE-G51,1991-06-26,Exported,Ireland,SAAB-340B,340B-251,1991,"12930,0",,1991-05-23,1,Senast registrerad ägare,501519.0,SAAB AB,581 88 Linköping Sweden,1991-05-23
SE-G52,1991-07-31,Exported,United States of America,SAAB-340B,340B-252,1991,"12930,0",,1991-05-31,1,Senast registrerad ägare,501519.0,SAAB AB,581 88 Linköping Sweden,1991-05-31
SE-G53,1991-08-22,Exported,United States of America,SAAB-340B,340B-253,1991,"12930,0",,1991-06-06,1,Senast registrerad ägare,501519.0,SAAB AB,581 88 Linköping Sweden,1991-06-06
SE-G54,1991-08-26,Exported,United States of America,SAAB-340B,340B-254,1991,"12930,0",,1991-06-11,1,Senast registrerad ägare,501519.0,SAAB AB,581 88 Linköping Sweden,1991-06-11
SE-G55,2002-10-15,Exported,Mexico,SAAB-340B,340B-255,1991,"13155,0",,2002-06-19,1,Senast registrerad ägare,503737.0,Nordea Finans Sverige AB,Lindhagensgatan 112 105 71 STOCKHOLM Sweden,2002-06-19
SE-G56,1991-09-24,Exported,United States of America,SAAB-340B,340B-256,1991,"12930,0",,1991-06-19,1,Senast registrerad ägare,501519.0,SAAB AB,581 88 Linköping Sweden,1991-06-19
SE-G57,1991-08-22,Exported,Ireland,SAAB-340B,340B-257,1991,"12930,0",,1991-06-25,1,Senast registrerad ägare,501519.0,SAAB AB,581 88 Linköping Sweden,1991-06-25
SE-G58,1991-10-03,Exported,United States of America,SAAB-340B,340B-258,1991,"12930,0",,1991-08-01,1,Senast registrerad ägare,501519.0,SAAB AB,581 88 Linköping Sweden,1991-08-01
SE-G59,1991-09-25,Exported,United States of America,SAAB-340B,340B-259,1991,"12930,0",,1991-08-08,1,Senast registrerad ägare,501519.0,SAAB AB,581 88 Linköping Sweden,1991-08-08
SE-G60,1991-10-28,Exported,United States of America,SAAB-340B,340B-260,1991,"12930,0",,1991-08-12,1,Senast registrerad ägare,501519.0,SAAB AB,581 88 Linköping Sweden,1991-08-12
SE-G61,1991-10-15,Exported,United States of America,SAAB-340B,340B-261,1991,"12930,0",,1991-08-19,1,Senast registrerad ägare,501519.0,SAAB AB,581 88 Linköping Sweden,1991-08-19
SE-G62,1991-10-29,Exported,United States of America,SAAB-340B,340B-262,1991,"12930,0",,1991-08-22,1,Senast registrerad ägare,501519.0,SAAB AB,581 88 Linköping Sweden,1991-08-22
SE-G63,1991-10-22,Exported,United States of America,SAAB-340B,340B-263,1991,"12930,0",,1991-08-28,1,Senast registrerad ägare,501519.0,SAAB AB,581 88 Linköping Sweden,1991-08-28
SE-G64,1991-10-23,Exported,United States of America,SAAB-340B,340B-264,1991,"12930,0",,1991-09-03,1,Senast registrerad ägare,501519.0,SAAB AB,581 88 Linköping Sweden,1991-09-03
SE-G65,1991-11-21,Exported,United States of America,SAAB-340B,340B-265,1991,"12930,0",,1991-09-05,1,Senast registrerad ägare,501519.0,SAAB AB,581 88 Linköping Sweden,1991-09-05
SE-G66,1991-11-19,Exported,United States of America,SAAB-340B,340B-266,1991,"12930,0",,1991-09-12,1,Senast registrerad ägare,501519.0,SAAB AB,581 88 Linköping Sweden,1991-09-12
SE-G67,1991-11-21,Exported,United States of America,SAAB-340B,340B-267,1991,"12930,0",,1991-09-13,1,Senast registrerad ägare,501519.0,SAAB AB,581 88 Linköping Sweden,1991-09-13
SE-G68,1991-11-21,Exported,United States of America,SAAB-340B,340B-268,1991,"12930,0",,1991-09-23,1,Senast registrerad ägare,501519.0,SAAB AB,581 88 Linköping Sweden,1991-09-23
SE-G69,1991-11-26,Exported,United States of America,SAAB-340B,340B-269,1991,"12930,0",,1991-09-27,1,Senast registrerad ägare,501519.0,SAAB AB,581 88 Linköping Sweden,1991-09-27
SE-G70,1991-11-06,Exported,Netherlands,SAAB-340B,340B-270,1991,"12930,0",,1991-10-03,1,Senast registrerad ägare,501519.0,SAAB AB,581 88 Linköping Sweden,1991-10-03
SE-G71,1991-12-18,Exported,United States of America,SAAB-340B,340B-271,1991,"12930,0",,1991-10-09,1,Senast registrerad ägare,501519.0,SAAB AB,581 88 Linköping Sweden,1991-10-09
SE-G72,1991-12-18,Exported,United States of America,SAAB-340B,340B-272,1991,"12930,0",,1991-10-16,1,Senast registrerad ägare,501519.0,SAAB AB,581 88 Linköping Sweden,1991-10-16
SE-G73,1991-12-18,Exported,United States of America,SAAB-340B,340B-273,1991,"12930,0",,1991-10-21,1,Senast registrerad ägare,501519.0,SAAB AB,581 88 Linköping Sweden,1991-10-21
SE-G74,1991-12-18,Exported,United States of America,SAAB-340B,340B-274,1991,"12930,0",,1991-10-25,1,Senast registrerad ägare,501519.0,SAAB AB,581 88 Linköping Sweden,1991-10-25
SE-G75,1991-12-10,Exported,United States of America,SAAB-340B,340B-275,1991,"12930,0",,1991-10-31,1,Senast registrerad ägare,501519.0,SAAB AB,581 88 Linköping Sweden,1991-10-31
SE-G76,1991-12-19,Exported,France,SAAB-340B,340B-276,1991,"12930,0",,1991-11-04,1,Senast registrerad ägare,501519.0,SAAB AB,581 88 Linköping Sweden,1991-11-04
SE-G77,1991-12-10,Exported,United States of America,SAAB-340B,340B-277,1991,"12930,0",,1991-11-13,1,Senast registrerad ägare,501519.0,SAAB AB,581 88 Linköping Sweden,1991-11-13
SE-G78,1992-01-23,Exported,United States of America,SAAB-340B,340B-278,1991,"12930,0",,1991-11-19,1,Senast registrerad ägare,501519.0,SAAB AB,581 88 Linköping Sweden,1991-11-19
SE-G79,1992-01-08,Exported,United States of America,SAAB-340B,340B-279,1991,"12930,0",,1991-11-26,1,Senast registrerad ägare,501519.0,SAAB AB,581 88 Linköping Sweden,1991-11-26
SE-G80,1992-01-23,Exported,United States of America,SAAB-340B,340B-280,1991,"12930,0",,1991-12-03,1,Senast registrerad ägare,501519.0,SAAB AB,581 88 Linköping Sweden,1991-12-03
SE-G81,1992-02-04,Exported,Japan,SAAB-340B,340B-281,1991,"12930,0",,1991-12-09,1,Senast registrerad ägare,501519.0,SAAB AB,581 88 Linköping Sweden,1991-12-09
SE-G82,1992-02-20,Exported,United States of America,SAAB-340B,340B-282,1991,"12930,0",,1991-12-16,1,Senast registrerad ägare,501519.0,SAAB AB,581 88 Linköping Sweden,1991-12-16
SE-G83,1992-02-20,Exported,United States of America,SAAB-340B,340B-283,1992,"12930,0",,1992-01-03,1,Senast registrerad ägare,501519.0,SAAB AB,581 88 Linköping Sweden,1992-01-03
SE-G84,1992-03-25,Exported,United States of America,SAAB-340B,340B-284,1992,"12930,0",,1992-01-10,1,Senast registrerad ägare,501519.0,SAAB AB,581 88 Linköping Sweden,1992-01-10
SE-G85,1992-02-11,Exported,United States of America,SAAB-340B,340B-285,1992,"12930,0",,1992-01-17,1,Senast registrerad ägare,501519.0,SAAB AB,581 88 Linköping Sweden,1992-01-17
SE-G86,1992-03-25,Exported,United States of America,SAAB-340B,340B-286,1992,"12930,0",,1992-01-27,1,Senast registrerad ägare,501519.0,SAAB AB,581 88 Linköping Sweden,1992-01-27
SE-G87,1992-02-25,Exported,United States of America,SAAB-340B,340B-287,1992,"12930,0",,1992-01-29,1,Senast registrerad ägare,501519.0,SAAB AB,581 88 Linköping Sweden,1992-01-29
SE-G88,1992-03-05,Exported,Netherlands,SAAB-340B,340B-288,1992,"12930,0",,1992-02-05,1,Senast registrerad ägare,501519.0,SAAB AB,581 88 Linköping Sweden,1992-02-05
SE-G89,1992-03-16,Exported,China,SAAB-340B,340B-289,1992,"12930,0",,1992-02-12,1,Senast registrerad ägare,501519.0,SAAB AB,581 88 Linköping Sweden,1992-02-12
SE-G90,1992-03-24,Exported,United States of America,SAAB-340B,340B-290,1992,"12930,0",,1992-02-18,1,Senast registrerad ägare,501519.0,SAAB AB,581 88 Linköping Sweden,1992-02-18
SE-G91,1992-03-24,Exported,United States of America,SAAB-340B,340B-291,1992,"12930,0",,1992-02-25,1,Senast registrerad ägare,501519.0,SAAB AB,581 88 Linköping Sweden,1992-02-25
SE-G92,1992-03-31,Exported,China,SAAB-340B,340B-292,1992,"12930,0",,1992-02-28,1,Senast registrerad ägare,501519.0,SAAB AB,581 88 Linköping Sweden,1992-02-28
SE-G93,1992-04-14,Exported,United States of America,SAAB-340B,340B-293,1992,"12930,0",,1992-03-05,1,Senast registrerad ägare,501519.0,SAAB AB,581 88 Linköping Sweden,1992-03-05
SE-G94,1992-04-13,Exported,United States of America,SAAB-340B,340B-294,1992,"12930,0",,1992-03-11,1,Senast registrerad ägare,501519.0,SAAB AB,581 88 Linköping Sweden,1992-03-11
SE-G95,1992-09-25,Exported,United States of America,SAAB-340B,340B-295,1992,"12930,0",,1992-03-18,1,Senast registrerad ägare,501519.0,SAAB AB,581 88 Linköping Sweden,1992-03-18
SE-G96,1992-04-29,Exported,China,SAAB-340B,340B-296,1992,"12930,0",,1992-03-26,1,Senast registrerad ägare,501519.0,SAAB AB,581 88 Linköping Sweden,1992-03-26
SE-G97,1992-05-20,Exported,United States of America,SAAB-340B,340B-297,1992,"12930,0",,1992-04-02,1,Senast registrerad ägare,501519.0,SAAB AB,581 88 Linköping Sweden,1992-04-02
SE-G98,1992-05-21,Exported,United States of America,SAAB-340B,340B-298,1992,"12930,0",,1992-04-08,1,Senast registrerad ägare,501519.0,SAAB AB,581 88 Linköping Sweden,1992-04-08
SE-G99,1992-05-19,Exported,United States of America,SAAB-340B,340B-299,1992,"12930,0",,1992-04-10,1,Senast registrerad ägare,501519.0,SAAB AB,581 88 Linköping Sweden,1992-04-10
SE-GAA,1997-12-16,Exported,Zimbabwe,PIPER-PA31,31-594,1969,"2948,0",,1972-05-03,1,Senast registrerad ägare,504374.0,Scandinavian Airleasing AB,Risebergavägen 62 212 30 MALMÖ Sweden,1997-03-27
SE-GAB,1998-05-11,Exported,United States of America,PIPER-PA31,31-460,1969,"2948,0",,1972-01-31,1,Senast registrerad ägare,504769.0,J P D Gruppen AB,Box 49003 10028 STOCKHOLM Sweden,1994-12-27
SE-GAD,2009-06-18,Exported,Denmark,PIPER-PA34-200,34-7350211,1973,"1905,0",2009-05-31,1995-04-04,1,Senast registrerad ägare,503329.0,Center Flight Aps,Lufthavnsvej 44  Roskilde Lufthavn DK-DK-4000 Roskilde Denmark,2008-09-10
SE-GAF,,,,PIPER-PA28-140,28-7225292,1972,"975,0",,1972-05-19,1,,,,,
SE-GAK,1982-11-10,Exported,Denmark,PIPER-PA34-200,34-7350073,1972,"1905,0",,1975-01-27,1,Senast registrerad ägare,504101.0,Växjösläp AB,Stinavägen 3 35270 VÄXJÖ Sweden,1981-03-23
SE-GAL,2018-09-11,Exported,Belarus,PIPER-PA28-180,28-7205256,1972,"1090,0",2019-06-08,1972-09-21,1,Senast registrerad ägare,500820.0,Awopa AB,Ekensbergsvägen 91 169 31 Solna Sweden,1995-09-25
SE-GCD,,,,PIPER PA-18-150/180,18-8545,1968,"795,0",2027-01-31,1974-05-16,1,Registrerad ägare,503117.0,Svenska Segelflygförbundet,Box 750 521 22 FALKÖPING Sweden,1993-12-21
SE-GCE,1987-05-20,Exported,Germany,PIPER PA-18-150,18-8547,1967,"795,0",1987-05-31,1973-06-28,1,Senast registrerad ägare,502619.0,Älvsby Flygklubb,Sweden,1983-10-12
SE-GCF,,,,PIPER PA-18-150,18-8600,1968,"795,0",2026-07-31,1973-07-12,1,Registrerad ägare,502946.0,Arvidsjaurs Flygsällskap,Sweden,2022-02-07
SE-GCG,,,,PIPER PA-18-150,18-8441,1966,"795,0",2026-09-30,1973-07-12,1,Registrerad ägare,505123.0,Västmannaflyg Ek För,Flygplatsen Johannisberg 72591 VÄSTERÅS Sweden,1996-01-02
SE-GCH,,,,PIPER PA-18-150,18-8361-1400,1966,"795,0",2026-10-31,1973-06-28,1,,,,,
SE-GCI,2007-01-15,Non-airworthy,,PIPER PA-18-150,18-8363,1966,"795,0",1987-05-31,1973-06-07,6,,,,,
SE-GCK,,,,PIPER PA-18-150,18-7918,1963,"795,0",2027-06-30,1973-07-12,1,,,,,
SE-GCL,,,,PIPER PA-18-150,18-7919,1963,"795,0",1996-06-30,1973-06-07,1,,,,,
SE-GCM,,,,PIPER PA-18-150/180,18-7920,1963,"795,0",2026-09-30,1973-06-07,1,,,,,
SE-GCN,2008-08-07,Total write-off,,PIPER PA-18-150,18-7921,1963,"795,0",1975-06-30,1973-06-07,1,Senast registrerad ägare,502553.0,Nyköpings Flygklubb,Humlestigen 8 611 61 NYKÖPING Sweden,1973-09-05
SE-GCO,1999-02-11,Exported,United Kingdom,PIPER PA-18-150,18-7922,1963,"795,0",1999-05-31,1974-02-13,1,Senast registrerad ägare,503780.0,AirCo Flying Service/Tradonor AB,Bidalite lyckeborg 306 385 95 TORSÅS Sweden,1999-01-12
SE-GCP,1983-02-01,Total write-off,,PIPER PA-18-150,18-6802,1959,"795,0",1981-09-30,1973-07-12,1,Senast registrerad ägare,502603.0,Vilhelmina Flygklubb,BLACKE 121 930 10 LÖVÅNGER Sweden,1973-09-13
SE-GCR,,,,PIPER PA-18-150,18-6806,1959,"795,0",,2012-04-25,1,,,,,
SE-GCV,2012-01-13,Exported,United States of America,CESSNA-F337G,F33700068,1974,"2100,0",2011-09-30,1975-09-12,1,,,,,
SE-GCY,2015-04-08,Exported,Lithuania,CESSNA-150M,15076410,1975,"725,0",,1976-03-22,1,,,,,
SE-GCZ,1983-05-06,Exported,Finland,CESSNA-172M,17265340,1975,"1045,0",,1976-03-22,1,Senast registrerad ägare,503925.0,Swedair AB,Box 33 190 45 STOCKHOLM-ARLANDA Sweden,1982-11-24
SE-GDB,,,,PIPER-PA28-180,28-7305304,1973,"1110,0",2019-03-04,1973-05-10,1,,,,,
SE-GDD,2015-04-21,Scrapped,,PIPER-PA28-140,28-7425411,1974,"975,0",,1975-04-04,1,Senast registrerad ägare,502462.0,Blekinge Flygklubb,Eringsbodavägen 18 372 92 KALLINGE Sweden,1979-04-05
SE-GDE,,,,PIPER-PA28R-200,28R-7335160,1973,"1200,0",,1973-04-27,1,,,,,
SE-GDG,2014-04-22,Exported,Norway,PIPER-PA28-140,28-7325205,1973,"975,0",2014-07-22,1973-05-10,1,,,,,
SE-GDI,1992-04-13,Exported,Estonia,PIPER-PA31-350,31-7405156,1973,"3175,0",,1974-03-04,1,Senast registrerad ägare,504682.0,Trygg-Flyg Erik Trygg AB,Stockholm-Skavsta Flygplats 611 92 NYKÖPING Sweden,1992-04-08
SE-GDK,1995-03-16,Exported,Denmark,PIPER-PA28-180,28-7305490,1973,"1110,0",,1973-08-24,2,,,,,
SE-GDL,,,,PIPER-PA28-151,28-7415303,1974,"1055,0",2026-10-16,1974-07-02,1,,,,,
SE-GDM,,,,PIPER-PA28-180,28-7305529,1973,"1110,0",,1973-09-06,1,,,,,
SE-GDN,,,,PIPER-PA31,31-7300947,1973,"2948,0",,1973-05-11,1,Registrerad ägare,505253.0,Twin Air HB,Box 6078 40060 GÖTEBORG Sweden,1998-09-23
SE-GDO,1987-04-07,Exported,Egypt,PIPER PA-25-235,25-5419,1971,"1315,0",,1973-07-25,1,Senast registrerad ägare,503897.0,Söderala Flyg AB,Mohed 6590 826 61 SÖDERALA Sweden,1976-06-29
SE-GDS,1993-09-15,Exported,Denmark,PIPER-PA32R-300,32R-7680115,1976,"1633,0",,1976-03-02,1,Senast registrerad ägare,504569.0,Allflyg I Malmö AB,Sadelgatan 6 21377 MALMÖ Sweden,1993-07-02
SE-GDV,,,,PIPER-PA32-260,32-7400029,1974,"1540,0",2021-07-02,1974-07-12,1,Registrerad ägare,628822.0,Mirakos Trade EOOD,"Sofia District Stolichna Municipality, Sredets Region 38 Ivan Denkoglu, 2nd floor, apr. 5 BG-1000 Sofia Bulgaria",2020-12-08
SE-GEA,1985-10-15,Exported,France,DE HAVILLAND DHC-6-300,371,1973,"5670,0",,1973-07-27,1,Senast registrerad ägare,503925.0,Swedair AB,Box 33 190 45 STOCKHOLM-ARLANDA Sweden,1985-10-08
SE-GEB,1985-03-19,Exported,France,DE HAVILLAND DHC-6-300,374,1973,"5670,0",,1973-08-30,1,Senast registrerad ägare,503925.0,Swedair AB,Box 33 190 45 STOCKHOLM-ARLANDA Sweden,1976-03-18
SE-GEC,1985-01-03,Exported,France,DE HAVILLAND DHC-6-300,375,1973,"5670,0",,1973-09-21,1,Senast registrerad ägare,503925.0,Swedair AB,Box 33 190 45 STOCKHOLM-ARLANDA Sweden,1976-03-18
SE-GED,1986-02-04,Exported,Canada,DE HAVILLAND DHC-6-300,464,1975,"5670,0",,1977-09-07,1,Senast registrerad ägare,503925.0,Swedair AB,Box 33 190 45 STOCKHOLM-ARLANDA Sweden,1986-01-14
SE-GEE,,,,DE HAVILLAND DHC-6-300,364,1973,"5670,0",2027-03-28,1990-09-27,1,Registrerad ägare,504734.0,Skydive Airlines AB,Sweden,1993-05-12
SE-GEF,1986-10-21,Exported,United Kingdom,DE HAVILLAND DHC-6-300,613,1979,"5670,0",,1979-03-30,1,Senast registrerad ägare,503782.0,Svensk Flygtjänst AB,Box 14031 10440 STOCKHOLM Sweden,1979-03-30
SE-GEG,1988-02-23,Exported,Finland,DE HAVILLAND DHC-6-300,260,1969,"5670,0",,1979-05-21,1,Senast registrerad ägare,503925.0,Swedair AB,Box 33 190 45 STOCKHOLM-ARLANDA Sweden,1979-05-21
SE-GEH,,,,CESSNA-402B,402B1351,1978,"2860,0",,1978-08-22,1,Registrerad ägare,504260.0,Hagfors Flyg AB,Köpmangatan 6 683 30 HAGFORS Sweden,1986-10-10
SE-GEI,2000-11-28,Exported,United Kingdom,AMERICAN AVIATION-AA5A,AA5A-0604,1978,"999,0",,1978-09-11,1,Senast registrerad ägare,503780.0,AirCo Flying Service/Tradonor AB,Bidalite lyckeborg 306 385 95 TORSÅS Sweden,2000-10-19
SE-GEK,1984-10-09,Exported,Australia,BEECH-95-B55,TC-2193,1979,"2315,0",,1979-03-27,1,,,,,
SE-GEL,2014-02-10,Scrapped,,CESSNA-R172K,R1722879,1978,"1157,0",,1979-05-23,1,,,,,
SE-GEM,2007-01-15,Non-airworthy,,CESSNA-185D,185-0827,1965,"1450,0",,1979-02-15,1,,,,,
SE-GEN,,,,CESSNA-180B,50510,1959,"1200,0",2008-10-31,1979-03-08,1,Registrerad ägare,503447.0,AS Atlantic Invest,Grønlandsleiret 37 NO-0190 OSLO Norway,2005-08-08
SE-GEO,1991-06-12,Exported,United States of America,BEECH-99,U-14,1968,"4715,0",,1978-11-01,1,Senast registrerad ägare,504132.0,Nord 262 AB,Öbackavägen 4 168 39 BROMMA Sweden,1989-08-24
SE-GEP,1990-12-27,Exported,United States of America,GRUMMAN-G164B,187B,1977,"2040,0",1981-04-30,1979-05-03,1,Senast registrerad ägare,503897.0,Söderala Flyg AB,Mohed 6590 826 61 SÖDERALA Sweden,1979-05-03
SE-GES,,,,CESSNA-A185E,185-1467,1969,"1520,0",,1979-05-21,1,,,,,
SE-GET,2017-10-02,Exported,Norway,CESSNA-U206F,U20601959,1973,"1633,0",2018-05-13,1978-12-07,1,Senast registrerad ägare,590856.0,Eiendomsdrift og Utleie AS,Floodmyrvegen 23 NO-3946 Porsgrunn Norway,2017-06-22
SE-GEU,1982-12-20,Exported,Denmark,VULCANAIR-P.68B,174,1979,"1960,0",,1979-05-30,1,Senast registrerad ägare,504000.0,Swift Air AB,Backvägen 93 13700 VÄSTERHANINGE Sweden,1981-11-18
SE-GEV,2011-01-31,Exported,Hungary,BELLANCA-8GCBC,199-76,1976,"975,0",2011-09-27,1979-02-06,1,,,,,
SE-GEY,1986-06-19,Exported,Finland,SHORT SC7 SKYVAN 3A-100,SH 1908,1972,"6250,0",,1979-03-15,1,,,,,
SE-GEZ,,,,BELLANCA-8KCAB,487-79,1979,"816,0",2027-03-05,2023-10-11,1,Registrerad ägare,698798.0,Swedair Management AB,Tomtebogatan 7A 553 13 Jönköping Sweden,2023-10-11
SE-GFA,2019-08-01,Exported,Ukraine,MORANE SAULNIER-MS893A,12004,1973,"1050,0",2019-06-03,1974-08-12,1,Senast registrerad ägare,502710.0,Älmhults Flygklubb,Sweden,2019-03-04
SE-GFB,2007-01-15,Non-airworthy,,MORANE SAULNIER-MS893A,10.944,1968,"1050,0",,1974-11-04,1,Senast registrerad ägare,502872.0,Dorotea Flygklubb,Sweden,1985-02-13
SE-GFC,1986-08-26,Total write-off,,MORANE SAULNIER-RALLYE180T,3241,1979,"950,0",,1979-08-07,1,,,,,
SE-GFD,1986-03-14,Exported,Norway,MORANE SAULNIER-RALLYE180T,3242,1979,"950,0",,1979-07-04,1,Senast registrerad ägare,502709.0,Börje Hellsing HB,Opsaheden 36 780 54 ÄPPELBO Sweden,1980-03-14
SE-GFE,,,,MORANE SAULNIER-RALLYE180T,3243,1979,"950,0",2027-03-03,1979-06-14,3,,,,,
SE-GFF,2025-10-24,Scrapped,,MORANE SAULNIER-RALLYE180T,3244,1979,"950,0",2024-08-31,1979-06-15,1,Senast registrerad ägare,707675.0,Preflight AB,Flygspanarvägen 5 611 92 Nyköping Sweden,2025-07-15
SE-GFG,1987-09-08,Total write-off,,SOCATA-TB10,10,1979,"1150,0",,1979-09-17,1,Senast registrerad ägare,502582.0,Strömstad Flygklubb,Näsinge Flygplats 452 93 STRÖMSTAD Sweden,1980-02-21
SE-GFH,,,,SOCATA-TB10,45,1980,"1150,0",2014-06-18,1980-04-15,1,Registrerad ägare,535500.0,ESM Aerosupport AB,Stora Gölhult 5 566 91 Habo Sweden,2022-11-18
SE-GFI,,,,SOCATA-TB9,81,1980,"1060,0",2026-12-20,1998-11-13,2,,,,,
SE-GFK,1986-06-24,Exported,Norway,SOCATA-TB10,78,1980,"1150,0",,1980-04-22,1,Senast registrerad ägare,505148.0,Babea KB,Sveavägen 141 B 11346 STOCKHOLM Sweden,1983-01-20
SE-GFL,1983-03-10,Exported,United Kingdom,SOCATA-TB9,80,1980,"1050,0",,1980-04-15,1,Senast registrerad ägare,505176.0,Flygfirma Nilsson & Co HB,Box 654 441 18 ALINGSÅS Sweden,1980-04-15
SE-GFM,2022-11-21,Exported,United Kingdom,SOCATA-TB9,158,1980,"1060,0",2023-07-18,2019-07-01,1,,,,,
SE-GFN,2007-01-19,Non-airworthy,,VULCANAIR-P.68B,56,1975,"1960,0",,1976-04-12,1,Senast registrerad ägare,504318.0,Billcoin Systems AB,Backebo Gård 544 94 HJO Sweden,1986-11-27
SE-GFO,2002-09-19,Exported,Norway,SOCATA-TB10,79,1980,"1150,0",,1980-04-15,1,,,,,
SE-GFP,,,,SOCATA-TB10,159,1980,"1150,0",2027-06-18,1981-02-26,1,Registrerad ägare,535500.0,ESM Aerosupport AB,Stora Gölhult 5 566 91 Habo Sweden,2021-03-18
SE-GFR,2025-09-24,Total write-off,,SOCATA-TB10,160,1980,"1150,0",,1981-04-23,1,,,,,
SE-GFS,1983-06-29,Exported,United Kingdom,MORANE SAULNIER-RALLYE180T,3274,1979,"950,0",,1980-11-06,1,Senast registrerad ägare,505176.0,Flygfirma Nilsson & Co HB,Box 654 441 18 ALINGSÅS Sweden,1980-11-06
SE-GFT,,,,SOCATA-TB9,180,1981,"1050,0",,1981-04-06,1,,,,,
SE-GFU,1988-08-08,Exported,Finland,SOCATA-TB9,197,1981,"1050,0",,1982-04-27,1,Senast registrerad ägare,503945.0,Smab Sahlins Maskin AB,Box 2103 51102 SKENE Sweden,1983-07-18
SE-GFV,1989-09-20,Exported,France,SOCATA-TB10,228,1981,"1150,0",,1982-07-06,1,Senast registrerad ägare,503947.0,Brandt Personbilar i Alingsås AB,Box 654 441 18 ALINGSÅS Sweden,1986-02-11
SE-GFX,2011-03-04,Total write-off,,SOCATA-TB10,264,1982,"1150,0",,1982-10-18,1,,,,,
SE-GFY,1984-05-02,Exported,Norway,CESSNA-FRA150L,0131,1972,"750,0",,1982-03-17,1,Senast registrerad ägare,502524.0,Luleå-Boden Flygklubb,Flygstationsvägen 4 972 54 LULEÅ Sweden,1982-04-14
SE-GGA,1998-10-09,Exported,Norway,CESSNA-340,340-0260,1973,"2710,0",,1974-01-31,1,Senast registrerad ägare,504055.0,OSM Aviation Academy AB,Hässlögatan 2 E 721 31 VÄSTERÅS Sweden,1996-03-22
SE-GGB,,,,CESSNA-F172M,F17201046,1973,"1045,0",2027-06-25,1974-01-07,3,,,,,
SE-GGC,1985-10-17,Exported,Norway,CESSNA-182P,182-62731,1973,"1340,0",,1974-06-26,1,Senast registrerad ägare,505180.0,Automatcenter Waholm HB,Box 93112 54130 SKÖVDE Sweden,1984-03-01
SE-GGE,1997-02-04,Exported,Hungary,CESSNA-182P,18263126,1974,"1340,0",,1974-09-16,1,Senast registrerad ägare,504759.0,Pd Consult AB,Rolsberga 19 24194 ESLÖV Sweden,1993-07-26
SE-GGK,,,,CESSNA-A185F,18502456,1974,"1520,0",2027-07-06,1974-10-07,1,,,,,
SE-GGO,,,,CESSNA-F172M,F17201171,1974,"1045,0",2027-07-01,1974-11-26,2,Registrerad ägare,502465.0,Borlänge Flygklubb,Nybrovägen 53 784 63 BORLÄNGE Sweden,2010-09-27
SE-GGO,,,,CESSNA-F172M,F17201171,1974,"1045,0",2027-07-01,1974-11-26,2,Registrerad delägare,503592.0,Frivilliga Flygkåren,Hässlögatan 20 721 31 VÄSTERÅS Sweden,2010-09-27
SE-GGP,2001-05-30,Total write-off,,CESSNA-F150L,F1501128,1974,"725,0",,1974-11-12,1,Senast registrerad ägare,502873.0,Föreningen Västeråsflyg,Sweden,1985-02-18
SE-GGU,2004-12-01,Exported,United States of America,CESSNA-402B,402B0109,1971,"2860,0",,1975-01-30,1,Senast registrerad ägare,504716.0,Air Klinten AB,Lunds Västra 14 621 48 VISBY Sweden,1993-06-15
SE-GGX,,,,CESSNA-F172M,F17201326,1975,"1045,0",2023-07-15,1975-08-25,1,,,,,
SE-GGY,1986-12-08,Total write-off,,CESSNA-U206F,U206-02816,1975,"1633,0",,1975-06-19,1,Senast registrerad ägare,505421.0,Fjällfrakt Helamb & Dahlberg HB,Vuoggatjålme 930 95 JÄCKVIK Sweden,1979-12-07
SE-GHA,2022-05-06,Owners request,,MITSUBISHI-MU2B-20,283,1973,"4500,0",2015-11-25,1974-09-12,1,Senast registrerad ägare,503118.0,"Statens Försvarshistoriska Museer, Flygvapenmuseum",Carl Cederströms gata 2 586 63 LINKÖPING Sweden,2022-03-04
SE-GHB,,,,MITSUBISHI-MU2B-20,287,1973,"4500,0",2023-12-18,1974-07-25,1,Registrerad ägare,501519.0,SAAB AB,581 88 Linköping Sweden,2022-03-04
SE-GHC,2015-07-20,Scrapped,,MITSUBISHI-MU2B-20,289,1973,"4500,0",2009-05-01,1974-06-25,1,Senast registrerad ägare,501519.0,SAAB AB,581 88 Linköping Sweden,2008-07-14
SE-GHD,2022-12-13,Scrapped,,MITSUBISHI-MU2B-20,293,1973,"4500,0",2012-02-04,1974-07-08,1,Senast registrerad ägare,501519.0,SAAB AB,581 88 Linköping Sweden,2022-03-04
SE-GHE,2022-12-13,Scrapped,,MITSUBISHI-MU2B-20,294,1973,"4500,0",,1974-07-25,1,Senast registrerad ägare,501519.0,SAAB AB,581 88 Linköping Sweden,2008-07-14
SE-GHF,,,,MITSUBISHI-MU2B-20,299,1973,"4500,0",2027-03-10,1974-10-03,1,Registrerad ägare,501519.0,SAAB AB,581 88 Linköping Sweden,2022-03-04
SE-GHG,1993-08-03,Exported,Hungary,MITSUBISHI-MU2B-20,191,1970,"4500,0",,1977-03-22,1,Senast registrerad ägare,503772.0,Saab Nyge Aero AB,Box 321 611 27 NYKÖPING Sweden,1989-01-23
SE-GHH,2013-09-24,Destroyed,,MITSUBISHI-MU2B-20,222,1972,"4500,0",,1977-03-22,1,Senast registrerad ägare,503772.0,Saab Nyge Aero AB,Box 321 611 27 NYKÖPING Sweden,1989-01-23
SE-GHI,,,,BELLANCA-8KCAB,486-79,1979,"816,0",,1979-04-10,1,Registrerad ägare,502470.0,Bromölla Aviation Society,Box 126 29500 BROMÖLLA Sweden,1979-04-10
SE-GHK,1982-10-07,Exported,United States of America,BEECH-200,BB-501,1979,"5670,0",,1979-05-17,1,Senast registrerad ägare,503954.0,Air Hudik AB,Skogsta 4698 82400 HUDIKSVALL Sweden,1980-06-24
SE-GHL,,,,P ROBIN-R2100A,172,1979,"775,0",2011-12-06,1979-06-13,1,Registrerad ägare,615170.0,Kazi Management AB,"Spinnerivägen 1, fack 5014 448 50 TOLLERED Sweden",2023-03-16
SE-GHM,1994-05-30,Exported,Ireland,P ROBIN-DR400/180R,1385,1979,"1000,0",,1979-06-27,1,Senast registrerad ägare,504660.0,Andersson Aircraft AB,Box 166 611 24 NYKÖPING Sweden,1993-11-09
SE-GHO,2007-01-15,Non-airworthy,,CESSNA-R182,R18200287,1978,"1406,0",,1979-05-31,1,Senast registrerad ägare,505267.0,Uddeholmsflyg Edlund  Bertheussen  Kjellstrand HB,Box 47 684 01 MUNKFORS Sweden,1979-05-31
SE-GHP,1984-02-10,Destroyed,,CESSNA-A185F,18503592,1978,"1520,0",,1979-04-12,1,Senast registrerad ägare,503986.0,X-Air I Gävle AB,Gävle-Sandviken Flygplats 818 91 VALBO Sweden,1979-04-12
SE-GHR,2010-02-02,Total write-off,,MAULE-M5-235C,7257C,1979,"1045,0",,1979-12-20,1,Senast registrerad ägare,502656.0,Täby Sjöflygklubb,Pontongränd 9 183 62 TÄBY Sweden,1980-12-08
SE-GHS,1995-01-12,Exported,Denmark,BEECH-200,BB-155,1976,"5670,0",,1979-07-20,1,Senast registrerad ägare,503756.0,SOS Flyg i Sverige AB,Säve Flygplatsväg 423 73 SÄVE Sweden,1979-07-20
SE-GHV,1994-04-06,Exported,United Kingdom,BELLANCA-7GCBC,1103-79,1979,"750,0",1994-07-31,1979-06-01,1,Senast registrerad ägare,504387.0,Ecs-Teknik AB,Dalsberga Gård 77596 KRYLBO Sweden,1993-09-08
SE-GIC,2015-12-28,Scrapped,,PIPER-PA34-200T,34-7570028,1974,"1999,0",,2014-05-21,1,Senast registrerad ägare,532703.0,South Sweden School of Aeronautics AB,Ålabodsvägen 79 261 62 GLUMSLÖV Sweden,2014-05-26
SE-GIE,2002-08-29,Exported,Denmark,PIPER-PA28-151,28-7515107,1974,"1055,0",,1975-07-30,1,Senast registrerad ägare,502596.0,Söderslätts Flygklubb,Sweden,1998-10-13
SE-GII,2023-01-09,Destroyed,,PIPER-PA28-151,28-7515216,1974,"1055,0",,1975-08-15,1,Senast registrerad ägare,502556.0,Ovans Siljans Flygklubb,Flygplatsvägen 21 792 91 MORA Sweden,1981-08-25
SE-GIK,,,,PIPER-PA28-180,28-7505095,1974,"1110,0",2027-05-05,1989-09-20,1,,,,,
SE-GIL,,,,PIPER-PA28-140,28-7525116,1974,"975,0",,1975-04-04,1,Registrerad ägare,504169.0,Bröderna Sparv Åkeri AB,Karlsberg L2 57393 TRANÅS Sweden,1989-05-10
SE-GIM,1993-05-10,Exported,United States of America,PIPER-PA31-350,31-7552017,1974,"3175,0",,1975-04-28,1,Senast registrerad ägare,504265.0,Entreprenad AB Bäckman & Wassdahl,Väståkersvägen 7 792 37 Mora Sweden,1991-12-04
SE-GIN,,,,PIPER-PA31,31-7512039,1975,"2948,0",2027-03-08,1975-05-15,1,Registrerad ägare,529000.0,Prokitor AB,Jönköpings Flygplats (Hangaren) 555 93 JÖNKÖPING Sweden,2025-06-04
SE-GIO,,,,PIPER-PA28-180,28-7505131,1975,"1110,0",2027-03-01,1975-05-29,1,Registrerad ägare,502649.0,Söderhamns Flygklubb,Mohed 347 826 92 SÖDERALA Sweden,1984-01-03
SE-GIP,2006-11-22,Exported,Spain,PIPER-PA34-200T,34-7570210,1975,"1999,0",,1975-08-08,1,,,,,
SE-GIR,2022-01-05,Exported,Germany,PIPER-PA28R-200,28R-7535140,1975,"1202,0",2021-08-15,1975-07-03,1,Senast registrerad ägare,503053.0,Club SE-GIR,Sweden,1992-06-01
SE-GIS,,,,PIPER-PA31,31-7512028,1975,"2948,0",,1975-04-17,1,Registrerad ägare,504106.0,Holmstroem Air AB I Kk,Flygplatsen 57791 HULTSFRED Sweden,1982-10-26
SE-GIT,2006-07-04,Destroyed,,PIPER-PA31,31-7512041,1975,"2948,0",,1975-05-30,1,Senast registrerad ägare,500466.0,Sweden Airways AB,Ellipsvägen 5 141 75 Kungens Kurva Sweden,1995-02-22
SE-GIU,1985-06-17,Owners request,,PIPER-PA36-300/375,36-7560001,1975,"2175,0",,1975-04-15,1,Senast registrerad ägare,504081.0,Laroy Flyg AB,Box 24124 400 22 GÖTEBORG Sweden,1976-02-17
SE-GIV,1988-09-09,Exported,Finland,PIPER-PA36-300,36-7560005,1975,"1995,0",,1975-04-15,1,Senast registrerad ägare,504081.0,Laroy Flyg AB,Box 24124 400 22 GÖTEBORG Sweden,1977-02-02
SE-GIX,,,,PIPER-PA28R-200,28R-7435106,1973,"1200,0",,1975-07-03,10,,,,,
SE-GIZ,2007-04-26,Exported,Finland,PIPER-PA28-180,28-7505015,1974,"1110,0",,1975-06-06,4,,,,,
SE-GKB,1983-04-05,Exported,Norway,CESSNA-F172M,1210,1974,"1045,0",,1975-02-27,1,Senast registrerad ägare,503772.0,Saab Nyge Aero AB,Box 321 611 27 NYKÖPING Sweden,1982-03-29
SE-GKC,,,,CESSNA-F150M,1216,1975,"725,0",2027-04-05,1975-08-20,1,Registrerad ägare,732652.0,Idre Flyg Handelsbolag,Sweden,2025-10-07
SE-GKD,,,,CESSNA-F172M,F17201228,1974,"1045,0",,1975-04-23,1,,,,,
SE-GKE,,,,CESSNA-F172M,F17201230,1974,"1045,0",2027-04-29,1975-04-11,1,,,,,
SE-GKF,,,,CESSNA-F172M,F17201231,1974,"1045,0",2027-07-08,1975-06-17,1,Registrerad ägare,502525.0,Eslövs Flygklubb,Box 215 241 23 ESLÖV Sweden,1979-08-21
SE-GKO,2003-03-07,Total write-off,,CESSNA-F172M,F17201223,1974,"1045,0",,1975-05-23,1,Senast registrerad ägare,504812.0,Optand Flygplanuthyrning AB,Box 237 831 23 ÖSTERSUND Sweden,1995-11-24
SE-GKR,2005-06-15,Exported,Turkey,CESSNA-337A,337-0365,1966,"1905,0",,1975-02-28,1,Senast registrerad ägare,503933.0,Håkan Nyman AB,Kullgatan 7 774 35 AVESTA Sweden,2000-10-25
SE-GKT,2018-03-26,Exported,Finland,CESSNA-F172M,F172-1329,1975,"1045,0",2015-09-03,1975-06-02,2,Senast registrerad delägare,534681.0,M&M For Sale Oy,Kasperinkatu 14 FI-15680 LAHTI Finland,2015-01-08
SE-GKT,2018-03-26,Exported,Finland,CESSNA-F172M,F172-1329,1975,"1045,0",2015-09-03,1975-06-02,2,Senast registrerad ägare,534682.0,MBA-Autokorjaamo Oy,Malininkatu 4 FI-15100 LAHTI Finland,2015-01-08
SE-GKU,1985-06-12,Exported,Denmark,CESSNA-402B,402B-0824,1975,"2860,0",,1975-06-09,1,Senast registrerad ägare,505169.0,Ama-Flyg I Göteborg HB,Box 2027 43820 LANDVETTER Sweden,1984-01-13
SE-GKV,1983-06-30,Owners request,,CESSNA-402B,402B-0875,1975,"2860,0",,1975-06-02,1,Senast registrerad ägare,505169.0,Ama-Flyg I Göteborg HB,Box 2027 43820 LANDVETTER Sweden,1982-05-19
SE-GKY,,,,CESSNA-F172M,F17201215,1974,"1045,0",2027-06-16,1975-05-14,1,,,,,
SE-GKZ,,,,CESSNA-F172M,F17201332,1975,"1045,0",2027-03-08,1975-08-29,1,Registrerad ägare,597335.0,South Sweden Flight Academy AB,Stora Nygatan 23 211 37 MALMÖ Sweden,2018-01-11
SE-GLA,1990-10-29,Exported,United States of America,PIPER-PA31T,31T-7520031,1975,"4080,0",,1975-06-05,1,Senast registrerad ägare,503914.0,Kungsair I Norrköping AB,Kungsängens Flygplats 601 73 NORRKÖPING Sweden,1975-07-03
SE-GLB,1989-03-06,Owners request,,PIPER-PA31T,31T-7400002,1973,"4080,0",,1975-05-29,1,Senast registrerad ägare,500453.0,AB Nord-Flyg,Sweden,1981-12-17
SE-GLC,,,,PIPER-PA28-180,28-7505241,1975,"1110,0",2027-05-29,1976-01-19,1,Registrerad ägare,503771.0,Ensio Invest AB,Box 4146 181 04 LIDINGÖ Sweden,2011-10-04
SE-GLD,1994-11-17,Exported,Denmark,PIPER-PA28-151,28-7515428,1975,"1055,0",,1975-10-02,1,Senast registrerad ägare,505226.0,Ingenjörsfirma Beve HB,Fernhemsvägen 9 633 69 Skogstorp Sweden,1990-03-19
SE-GLE,2022-01-04,Exported,Turkey,PIPER-PA31,31-7512056,1975,"2948,0",2022-03-11,1975-10-03,1,Senast registrerad ägare,500450.0,Jonair Affärsflyg AB,Västra Esplanaden 2 903 26 Umeå Sweden,1984-06-27
SE-GLF,1985-11-07,Owners request,,PIPER-PA28-180,28-7505244,1975,"1090,0",,1975-09-04,1,Senast registrerad ägare,502609.0,Västerås Flygklubb,Flygplatsen Johannisberg 725 91 VÄSTERÅS Sweden,1976-03-01
SE-GLH,2020-10-06,Exported,Germany,PIPER-PA28-181,28-7790159,1976,"1157,0",2021-04-09,1977-03-04,1,Senast registrerad ägare,502548.0,Örnsköldsviks Motorflygklubb,Tallvägen 2 892 51 Domsjö Sweden,1977-10-26
SE-GLL,1983-04-07,Exported,,PIPER-PA36-285,36-7660026,1975,"1995,0",,1976-03-11,1,Senast registrerad ägare,504081.0,Laroy Flyg AB,Box 24124 400 22 GÖTEBORG Sweden,1976-03-11
SE-GLM,1993-03-05,Destroyed,,PIPER-PA28-235,28-7610036,1975,"1360,0",,1975-12-18,1,Senast registrerad ägare,502895.0,Trollhättans Flygklubb,Sweden,1990-05-28
SE-GLN,1990-07-17,Exported,United States of America,PIPER-PA36-285/375,36-7660025,1975,"2180,0",,1976-03-01,1,Senast registrerad ägare,504081.0,Laroy Flyg AB,Box 24124 400 22 GÖTEBORG Sweden,1976-03-01
SE-GLR,2009-10-26,Total write-off,,PIPER-PA28-181,28-7690040,1975,"1157,0",,1976-02-03,1,Senast registrerad ägare,502511.0,Kristianstads Flygklubb,Degebergavägen 116-3 297 92 EVERÖD Sweden,1978-08-04
SE-GLS,,,,PIPER-PA28-181,28-7690076,1975,"1157,0",,1976-03-05,1,,,,,
SE-GLU,2014-06-25,Scrapped,,PIPER-PA28-151,28-7615031,1975,"1055,0",2013-04-22,1976-03-26,1,Senast registrerad ägare,502562.0,SAS Flygklubb i Sverige,Sweden,1976-03-26
SE-GLX,1995-07-25,Exported,Germany,PIPER-PA28-151,28-7615121,1976,"1055,0",,1976-05-07,1,,,,,
SE-GLZ,1997-06-19,Exported,United States of America,PIPER-PA32-300,32-7340178,1973,"1540,0",,1975-07-04,1,Senast registrerad ägare,503780.0,AirCo Flying Service/Tradonor AB,Bidalite lyckeborg 306 385 95 TORSÅS Sweden,1997-05-27
SE-GMA,2021-07-20,Exported,Germany,CESSNA-F172M,F17201463,1976,"1045,0",2014-04-16,1976-06-03,1,,,,,
SE-GMC,,,,CESSNA-F172M,F17201456,1976,"1045,0",2027-05-02,1976-05-10,1,,,,,
SE-GMD,,,,CESSNA-F172M,F17201430,1975,"1045,0",2027-02-10,1976-03-11,1,Registrerad ägare,707675.0,Preflight AB,Flygspanarvägen 5 611 92 Nyköping Sweden,2024-06-11
SE-GME,,,,CESSNA-F177RG,F177RG0143,1976,"1270,0",2026-08-11,2020-12-22,1,Registrerad ägare,735370.0,MDJ Crew Consulting AB,Lotsvägen 16 184 92 ÅKERSBERGA Sweden,2025-08-06
SE-GMF,,,,EAA-F150 M,1288-1119,1976,"725,0",2026-08-31,1976-06-17,1,,,,,
SE-GMG,1986-03-26,Exported,United Kingdom,CESSNA-402B,1046,1976,"2860,0",,1976-05-17,1,Senast registrerad ägare,505166.0,Liz-Air HB,Box 8 26042 MÖLLE Sweden,1981-02-25
SE-GMH,1989-03-16,Exported,United Kingdom,CESSNA-404,404-0012,1976,"3810,0",,1989-02-21,1,Senast registrerad ägare,503925.0,Swedair AB,Box 33 190 45 STOCKHOLM-ARLANDA Sweden,1989-02-21
SE-GMI,2008-06-24,Exported,Iceland,CESSNA-A185F,18502583,1976,"1520,0",2009-04-14,1976-03-22,3,,,,,
SE-GMK,,,,CESSNA-U206F,U20603256,1976,"1633,0",2023-06-11,1976-05-10,1,,,,,
SE-GMM,2009-12-23,Non-airworthy,,CESSNA-F337G,F33700077,1976,"2100,0",,1976-06-11,1,Senast registrerad ägare,502981.0,Kustbevakningen,Box 536 371 23 KARLSKRONA Sweden,1989-02-01
SE-GMN,2017-04-28,Exported,France,CESSNA-FRA150M,FRA1500286,1975,"750,0",2017-07-01,1976-04-29,1,,,,,
SE-GMO,2007-01-19,Non-airworthy,,CESSNA-402B,402BO809,1974,"2860,0",,1976-02-27,1,Senast registrerad ägare,504388.0,Grafström Aviation AB,Geijersvägen 3 184 51 ÖSTERSKÄR Sweden,1979-06-13
SE-GMP,1985-06-19,Exported,Germany,CESSNA-404,404-0006,1976,"3810,0",,1976-11-15,1,Senast registrerad ägare,504135.0,Falcon Air AB,Box 36 230 32 MALMÖ-STURUP Sweden,1983-06-10
SE-GMR,1986-11-19,Exported,Denmark,CESSNA-F150M,1310,1976,"725,0",,1976-05-20,1,,,,,
SE-GMS,,,,CESSNA-F150M,1315,1976,"725,0",2027-04-23,1976-06-01,1,Registrerad ägare,504368.0,Gillberg Förvaltning AB,Backmansvägen 6 672 30 ÅRJÄNG Sweden,1991-09-26
SE-GMT,,,,CESSNA-F150M,1320,1976,"725,0",2027-06-17,1976-06-01,1,,,,,
SE-GMU,,,,CESSNA-F172M,F17201481,1976,"1045,0",2027-05-11,1976-07-23,3,,,,,
SE-GMV,1993-07-19,Exported,Denmark,CESSNA-F172M,F17201486,1976,"1045,0",,1976-09-21,1,,,,,
SE-GMX,1984-03-28,Exported,United Kingdom,CESSNA-404,0004,1976,"3810,0",,1976-11-17,1,Senast registrerad ägare,503925.0,Swedair AB,Box 33 190 45 STOCKHOLM-ARLANDA Sweden,1977-02-10
SE-GMZ,1984-10-23,Destroyed,,CESSNA-F337G,337-0079,1976,"2100,0",,1976-10-27,1,Senast registrerad ägare,502697.0,Generaltullstyrelsen,Bevakningsbyrån 10310 STOCKHOLM Sweden,1976-11-17
SE-GNA,,,,PIPER-PA31,31-7612034,1976,"3100,0",2027-05-09,1976-02-13,1,Registrerad ägare,722511.0,Navajo Aviation AB,Sweden,2024-07-25
SE-GNC,1992-01-30,Exported,Denmark,PIPER-PA32R-300,32R-7680134,1976,"1633,0",,1976-04-23,2,Senast registrerad delägare,503958.0,Ge-Kås Lagerförsäljning Göran Karlsson AB,31060 ULLARED Sweden,1983-04-15
SE-GNC,1992-01-30,Exported,Denmark,PIPER-PA32R-300,32R-7680134,1976,"1633,0",,1976-04-23,2,Senast registrerad ägare,504029.0,Ro-To Bilaktiebolag,Sweden,1983-04-15
SE-GNE,2005-02-02,Exported,Spain,PIPER-PA28-181,28-7690148,1976,"1157,0",,1976-05-21,1,,,,,
SE-GNF,,,,PIPER-PA28-181,28-7690149,1976,"1157,0",2027-02-14,1976-04-07,1,,,,,
SE-GNG,,,,PIPER-PA28-151,28-7615216,1976,"1055,0",2027-05-29,1976-06-21,1,,,,,
SE-GNH,,,,PIPER-PA28-181,28-7690226,1976,"1157,0",,1976-06-16,1,Registrerad ägare,504030.0,Björkman Flyg AB,Sandhamnsgatan 52 B 11528 STOCKHOLM Sweden,1976-06-16
SE-GNI,1999-05-07,Exported,Netherlands,PIPER-PA31-350,31-7652083,1976,"3175,0",,1976-08-11,1,Senast registrerad ägare,503780.0,AirCo Flying Service/Tradonor AB,Bidalite lyckeborg 306 385 95 TORSÅS Sweden,1999-05-05
SE-GNL,,,,PIPER-PA28-151,28-7615280,1976,"1055,0",2027-04-05,1977-02-02,1,Registrerad ägare,597335.0,South Sweden Flight Academy AB,Stora Nygatan 23 211 37 MALMÖ Sweden,2024-12-16
SE-GNM,1992-11-23,Total write-off,,PIPER-PA28-235,28-7610066,1975,"1360,0",,1976-03-05,1,Senast registrerad ägare,504154.0,Silver Air AB,Santasaari Sandövägen 3 953 95 Nikkala Sweden,1981-04-16
SE-GNN,,,,PIPER-PA28-181,28-7690347,1976,"1157,0",2027-05-04,1976-06-30,2,Registrerad ägare,502556.0,Ovans Siljans Flygklubb,Flygplatsvägen 21 792 91 MORA Sweden,2010-09-15
SE-GNN,,,,PIPER-PA28-181,28-7690347,1976,"1157,0",2027-05-04,1976-06-30,2,Registrerad delägare,503592.0,Frivilliga Flygkåren,Hässlögatan 20 721 31 VÄSTERÅS Sweden,2010-09-15
SE-GNP,1999-07-15,Exported,United States of America,PIPER-PA28-235,28-7310107,1973,"1360,0",,1976-05-18,1,Senast registrerad ägare,505220.0,Pip-Air  HB,Sandåsgatan 4  4 Tr 11327 STOCKHOLM Sweden,1982-02-25
SE-GNR,,,,PIPER-PA32R-300,32R-7680252,1976,"1633,0",2019-11-01,1976-05-21,2,,,,,
SE-GNS,2017-07-31,Exported,United Kingdom,PIPER-PA28-151,28-7615340,1976,"1055,0",2017-07-29,1976-12-15,1,Senast registrerad ägare,502546.0,Hultsfreds Flygklubb,PL Flygplatsen 577 91 HULTSFRED Sweden,1979-12-14
SE-GNU,,,,PIPER-PA28-181,28-7690466,1976,"1157,0",,1976-08-31,1,Registrerad ägare,504653.0,Lid Air AB,Box 4146 181 04 LIDINGÖ Sweden,1994-10-19
SE-GNV,,,,PIPER-PA32R-300,32R-7680221,1976,"1633,0",2026-04-24,1977-04-26,1,Registrerad ägare,502521.0,Ljungbyheds Flygklubb,Bonnarp 689 B 264 53 LJUNGBYHED Sweden,2007-08-31
SE-GNY,1994-06-10,Exported,Denmark,PIPER-PA28-151,28-7715089,1976,"1055,0",,1977-04-26,1,Senast registrerad ägare,502630.0,Östra Sörmlands Flygklubb,Box 78 646 21 GNESTA Sweden,1990-09-11
SE-GOA,,,,CESSNA-A185F,18502603,1974,"1520,0",2026-09-20,1976-05-17,1,Registrerad ägare,720106.0,GOA Flygförening,Sweden,2024-07-26
SE-GOB,,,,CESSNA-F172M,1175,1974,"1045,0",2027-04-26,1994-03-11,1,Registrerad ägare,502597.0,Uddevalla Flygklubb,Rörkärr 14 451 94 UDDEVALLA Sweden,2009-10-16
SE-GOF,1983-07-12,Exported,Denmark,CESSNA-F172M,1435,1976,"1045,0",,1976-05-17,1,Senast registrerad ägare,503925.0,Swedair AB,Box 33 190 45 STOCKHOLM-ARLANDA Sweden,1981-11-25
SE-GOG,1983-02-02,Destroyed,,CESSNA-U206F,U20603186,1976,"1633,0",,1976-06-03,1,Senast registrerad ägare,500029.0,Fiskflyg AB,Strömgatan 43 982 60 Porjus Sweden,1976-06-03
SE-GOH,,,,CESSNA-A185F,18503079,1976,"1520,0",2025-07-18,1976-08-04,1,,,,,
SE-GOI,1983-01-31,Total write-off,,CESSNA-F172K,0773,1970,"1045,0",,1976-09-14,1,Senast registrerad ägare,502560.0,Roslagens Flygklubb,Flygfiskvägen 20 761 41 NORRTÄLJE Sweden,1976-09-14
SE-GOK,1995-10-24,Exported,Denmark,CESSNA-F337F,F33700030,1971,"2100,0",,1976-12-16,1,,,,,
SE-GOL,,,,CESSNA-A185F,18502900,1975,"1520,0",,1976-06-17,3,,,,,
SE-GON,,,,CESSNA-172M,17267511,1976,"1043,0",2011-09-27,1976-09-10,1,,,,,
SE-GOO,2000-04-17,Destroyed,,CESSNA-U206F,U20603491,1976,"1633,0",,1978-06-05,1,,,,,
SE-GOP,2005-08-23,Total write-off,,CESSNA-U206G,U20603528,1976,"1633,0",,1977-06-22,1,Senast registrerad ägare,502650.0,Östersunds Fallskärmsklubb,Optands flygfält 130 831 92 ÖSTERSUND Sweden,2002-10-15
SE-GOR,2011-03-21,Exported,Finland,CESSNA-F172M,F17201050,1973,"1045,0",2010-04-08,1976-12-17,1,Senast registrerad ägare,502574.0,Sollefteå Flygklubb,Sweden,1991-09-26
SE-GOT,1986-01-09,Exported,Denmark,CESSNA-414,414-0067,1970,"2885,0",,1975-12-18,1,Senast registrerad ägare,502729.0,Örebro Air AB,Täby Flygplats 70500 ÖREBRO Sweden,1977-06-14
SE-GOU,1989-07-24,Exported,Denmark,CESSNA-R172K,R1722236,1977,"1157,0",,1977-05-25,1,Senast registrerad ägare,500011.0,Lapplandsflyg LAP-AIR AB,Umeå Flygplats 90422 Umeå Sweden,1977-05-25
SE-GOV,1992-02-14,Exported,Norway,CESSNA-F172N,F17201599,1977,"1045,0",,1978-04-18,1,Senast registrerad ägare,502967.0,Skövde Motorflygklubb,Skövde Flygplats 541 91 SKÖVDE Sweden,1988-06-29
SE-GOY,2014-02-03,Exported,Russian Federation,CESSNA-A185F,18503170,1976,"1520,0",2014-11-26,1976-12-21,1,Senast registrerad ägare,504456.0,Scanvac Control AB,Lindskärsvägen 22 725 92 VÄSTERÅS Sweden,1994-02-04
SE-GOZ,,,,CESSNA-A185F,18502994,1976,"1520,0",,1976-08-06,1,,,,,
SE-GPB,1983-02-01,Total write-off,,PIPER-PA28-151,28-7715237,1976,"1055,0",,1977-08-25,1,Senast registrerad ägare,502598.0,Umeå Flygklubb,Sweden,1977-10-07
SE-GPC,2002-10-07,Exported,Norway,PIPER-PA28-151,28-7715241,1976,"1055,0",,1977-03-04,1,,,,,
SE-GPD,,,,PIPER-PA28-151,28-7715242,1976,"1055,0",2026-04-30,1977-04-21,1,Registrerad ägare,535293.0,Midtjysk Flyveklub,Fyrrely 13 DK-7451 SUNDS Denmark,2017-03-24
SE-GPE,,,,PIPER-PA28-181,28-7790232,1977,"1157,0",2026-10-13,1977-10-14,2,Registrerad ägare,502618.0,Älvdalens Flygklubb,"Ryssa Bygata 124, 792 92 Mora Sweden",2010-07-30
SE-GPE,,,,PIPER-PA28-181,28-7790232,1977,"1157,0",2026-10-13,1977-10-14,2,Registrerad delägare,503592.0,Frivilliga Flygkåren,Hässlögatan 20 721 31 VÄSTERÅS Sweden,2010-07-30
SE-GPF,,,,PIPER PA-18-150,18-7709057,1976,"795,0",2027-06-30,1977-05-24,4,,,,,
SE-GPG,2006-05-02,Exported,Finland,PIPER PA-18-150,18-7709068,1977,"795,0",2006-03-31,1977-05-11,1,Senast registrerad ägare,503446.0,Kuopion Ilmailuyhdistus r.y.,Pb 416 FI-70101 KUOPIO Finland,2005-06-29
SE-GPH,,,,PIPER-PA28-161,28-7716116,1977,"1055,0",2027-05-13,1977-05-11,1,Registrerad ägare,502454.0,Nissadalens Aeroclub,Sweden,1985-04-25
SE-GPI,1988-10-11,Destroyed,,PIPER-PA28-181,28-7790261,1976,"1157,0",,1977-08-16,1,Senast registrerad ägare,502583.0,Sundsvalls Flygsällskap,Flygplatsen 1323 860 30 SÖRBERGE Sweden,1983-06-03
SE-GPK,1985-02-06,Total write-off,,PIPER-PA28-181,28-7790312,1976,"1157,0",,1977-10-13,1,Senast registrerad ägare,502600.0,Uppsala Flygklubb,Sundbro Flygplats 743 05 BÄLINGE Sweden,1982-05-24
SE-GPL,,,,PIPER-PA28-181,28-7790291,1976,"1157,0",2027-06-07,1977-08-31,1,,,,,
SE-GPN,,,,PIPER-PA28-161,28-7716051,1977,"1055,0",2025-12-21,1977-05-10,1,Registrerad ägare,629175.0,Sviby Aviation Ab,Åland Islands,2020-10-09
SE-GPO,2006-02-27,Exported,Spain,PIPER-PA28-181,28-7790373,1977,"1157,0",,1977-06-17,2,,,,,
SE-GPR,2007-01-15,Non-airworthy,,PIPER-PA28-161,28-7716120,1977,"1055,0",,1977-08-31,1,Senast registrerad ägare,505109.0,Sundsvalls Flygsällskap Ekonomisk Förening,Flygplatsen 1323 86030 SÖRBERGE Sweden,1996-07-25
SE-GPS,1990-09-05,Exported,Finland,PIPER-PA28-161,28-7716103,1977,"1055,0",,1977-06-07,1,Senast registrerad ägare,502767.0,Norra Smålands Flygklubb,Ränneslätt 1 575 91  Eksjö Sweden,1981-04-01
SE-GPT,2023-08-31,Exported,Germany,PIPER-PA28R-201,28R-7737014,1977,"1247,0",2024-03-29,1977-03-25,1,Senast registrerad ägare,505053.0,Two Arrows AB,Hospitalsgatan 15 602 27  NORRKÖPING Sweden,2009-03-10
SE-GPU,,,,PIPER-PA28-161,28-7716200,1977,"1107,0",2027-02-12,1977-07-13,1,Registrerad ägare,502521.0,Ljungbyheds Flygklubb,Bonnarp 689 B 264 53 LJUNGBYHED Sweden,2004-12-08
SE-GPX,,,,PIPER-PA34-200T,34-7770290,1977,"1999,0",2026-06-18,1977-10-06,1,Registrerad ägare,542402.0,Vigo Andersson Entreprenadmaskiner AB,Tunbytorpsgatan 17 721 37 VÄSTERÅS Sweden,2017-02-01
SE-GPY,1996-05-29,Exported,United States of America,PIPER-PA34-200T,34-7770010,1976,"1999,0",,1976-10-27,1,Senast registrerad ägare,500076.0,Kallax Flyg AB,Vargbackenvägen 1 942 94 Sikfors Sweden,1993-08-05
SE-GRA,,,,DE HAVILLAND DH-104 DOVE 6,04437,1953,"3990,0",1985-06-30,1972-06-21,1,Registrerad ägare,502768.0,Svenska Fallskärmsklubben Aros,ZMB 737-M Billo 106 46 Stockholm Sweden,1982-03-29
SE-GRD,2008-04-15,Exported,Serbia,LAKE-LA4-200,499,1972,"1180,0",,1976-03-02,2,,,,,
SE-GRE,,,,BEECH-A23-24,MA-164,1966,"1155,0",2026-10-09,1975-11-28,2,,,,,
SE-GRG,,,,MAULE-M5-210C,6166C,1976,"1045,0",,1976-04-09,2,,,,,
SE-GRI,1987-04-16,Exported,Norway,DE HAVILLAND DHC-6-300,299,1971,"5670,0",,1976-05-07,1,Senast registrerad ägare,503855.0,Sydaero AB,Hangarvägen 6 621 41 VISBY Sweden,1985-10-02
SE-GRK,2023-12-06,Exported,Belgium,DE HAVILLAND-DHC-1,C1-0104-619,1950,"955,0",2022-06-30,1977-03-31,1,Senast registrerad ägare,615169.0,F1 - TwinComanche Vintage Flying AB,Sweden,2021-07-26
SE-GRL,2020-07-24,Exported,Lithuania,LAKE-LA4-200,837,1977,"1179,0",2021-02-11,2018-05-14,1,Senast registrerad ägare,599205.0,Lake 4U AB,Hällstigen 10 135 61 TYRESÖ Sweden,2018-05-14
SE-GRN,2003-11-06,Exported,Denmark,LAKE-LA4-200,778,1976,"1179,0",,1973-11-16,1,,,,,
SE-GRO,2007-01-15,Non-airworthy,,MAULE-M5-235C,7069C,1977,"1045,0",,1977-06-22,1,Senast registrerad ägare,504617.0,AB Öst-Flyg,Åsvägen 23 393 65 KALMAR Sweden,1998-04-20
SE-GRS,2010-02-12,Total write-off,,LAKE-LA4-200,826,1977,"1179,0",,1984-10-24,1,Senast registrerad ägare,503223.0,Hansen Maritime A S,Hessavejen 75 NO-N-6006 Ålesund Norway,1997-07-17
SE-GRV,,,,MAULE-M5-235C,7080C,1977,"1150,0",,1977-07-06,1,,,,,
SE-GRX,1986-06-05,Exported,Canada,DE HAVILLAND DHC-6-300,413,1974,"5670,0",,1977-02-10,1,Senast registrerad ägare,503855.0,Sydaero AB,Hangarvägen 6 621 41 VISBY Sweden,1985-10-02
SE-GRZ,,,,PIPER-PA32R-300,32R-7680231,1976,"1633,0",2027-07-11,1976-05-18,1,Registrerad ägare,502811.0,Västerås General Aviation,Sweden,1983-01-10
SE-GSC,1994-06-20,Exported,Denmark,ROCKWELL COMMANDER-112,487,1976,"1200,0",,1977-11-02,1,Senast registrerad ägare,504258.0,Intersafe AB,Box 70 44722 VÅRGÅRDA Sweden,1989-06-29
SE-GSD,1984-11-30,Exported,United Kingdom,ROCKWELL COMMANDER-112TC,13106,1976,"1293,0",,1977-10-06,1,,,,,
SE-GSE,,,,ROCKWELL COMMANDER-112B,508,1976,"1270,0",2027-07-04,1977-02-16,1,,,,,
SE-GSF,,,,ROCKWELL COMMANDER-112B,537,1977,"1270,0",2027-06-09,1978-04-19,1,,,,,
SE-GSH,2002-01-10,Exported,United States of America,ROCKWELL COMMANDER-112B,544,1977,"1225,0",,1978-02-28,1,,,,,
SE-GSM,1999-05-17,Exported,United Kingdom,ROCKWELL COMMANDER-114,14121,1976,"1425,0",,1976-11-26,1,Senast registrerad ägare,503883.0,Mellbergs Maskin AB,Valskog 731 97 KÖPING Sweden,1977-02-09
SE-GSO,1990-08-30,Exported,France,FAIRCHILD-SA227-AC,AC-458,1981,"6350,0",,1981-10-26,1,Senast registrerad ägare,505327.0,Airbiz 6 Co KB,,1990-07-30
SE-GSP,1990-05-03,Exported,United Kingdom,ROCKWELL COMMANDER-114,14375,1978,"1425,0",,1979-02-22,1,,,,,
SE-GSR,1991-05-03,Exported,Finland,TWIN COMMANDER-690A,11204,1974,"4650,0",,1981-04-21,1,Senast registrerad ägare,504356.0,Dragonen AB,Box 859 75108 UPPSALA Sweden,1990-01-19
SE-GSS,,,,TWIN COMMANDER-690C,11613,1980,"4683,0",2027-04-04,2007-07-06,1,Registrerad ägare,500465.0,Wermlandsflyg AB,Bergebyvägen 49B 685 93 Torsby Sweden,2021-10-29
SE-GST,,,,ROCKWELL COMMANDER-S2R-T34,1723R,1973,"2720,0",,1979-04-23,1,Registrerad ägare,503897.0,Söderala Flyg AB,Mohed 6590 826 61 SÖDERALA Sweden,1979-04-23
SE-GSV,,,,P ROBIN-R2100A,157,1978,"775,0",,1978-09-07,1,,,,,
SE-GSX,1991-01-29,Exported,Germany,P ROBIN-DR400/180R,1298,1978,"1000,0",,1978-04-19,1,Senast registrerad ägare,502625.0,Örebro Segelflygklubb,"Flygfältsvägen 3, Örebro flygplats 705 94 ÖREBRO Sweden",1978-05-11
SE-GSY,,,,EAA-ROBIN HR 200/100,107-1058,1977,"780,0",2027-05-31,1977-07-19,1,,,,,
SE-GTB,1989-12-27,Destroyed,,MORANE SAULNIER-RALLYE180T,2684,1976,"950,0",,1976-06-09,1,,,,,
SE-GTC,1996-11-15,Exported,Norway,MORANE SAULNIER-RALLYE235E,12798,1976,"1200,0",,1977-03-30,1,Senast registrerad ägare,502949.0,Gtc Flygklubb,Sweden,1987-09-22
SE-GTD,2010-01-05,Owners request,,MORANE SAULNIER-MS880B,2908,1977,"770,0",,1977-06-23,1,,,,,
SE-GTG,,,,MORANE SAULNIER-RALLYE180T,2969,1977,"950,0",2027-07-26,1977-08-25,2,,,,,
SE-GTH,1985-11-11,Exported,Norway,MORANE SAULNIER-RALLYE180T,2973,1977,"950,0",,1978-01-26,1,Senast registrerad ägare,505176.0,Flygfirma Nilsson & Co HB,Box 654 441 18 ALINGSÅS Sweden,1978-01-26
SE-GTI,2023-05-08,Exported,Ukraine,MORANE SAULNIER-MS893E,12846,1977,"1050,0",2023-06-03,1977-07-13,1,Senast registrerad ägare,504986.0,Aeronom AB,Åbyvägen 3 702 27 ÖREBRO Sweden,2013-03-22
SE-GTK,1988-01-19,Total write-off,,CESSNA-F172H,0677,1969,"1045,0",,1976-04-26,1,Senast registrerad ägare,502453.0,Alingsås Flygklubb,Flygfältsvägen 22 441 92 ALINGSÅS Sweden,1976-04-26
SE-GTL,,,,CESSNA-172N,17269254,1977,"1089,0",2027-06-08,1978-02-03,1,Registrerad ägare,502626.0,Örestens Flygklubb,Box 2111 51102 SKENE Sweden,1989-11-16
SE-GTM,2007-01-15,Non-airworthy,,CESSNA-U206G,U20603731,1977,"1633,0",,1977-04-12,1,Senast registrerad ägare,503892.0,AB Aerokontakt,Bromma Flygplats 168 67 BROMMA Sweden,1990-11-23
SE-GTN,2023-05-02,Exported,Ukraine,MORANE SAULNIER-RALLYE180T,3133,1978,"950,0",2023-05-23,1978-06-21,1,Senast registrerad ägare,504986.0,Aeronom AB,Åbyvägen 3 702 27 ÖREBRO Sweden,2012-04-16
SE-GTO,,,,EAA-TSC-1A2 Teal,31-560,1975,"998,0",2026-06-30,1992-01-15,3,,,,,
SE-GTP,,,,MORANE SAULNIER-RALLYE180T,3092,1978,"950,0",2026-06-30,1978-06-07,1,Registrerad ägare,502481.0,Feringe Segelflygklubb,Sweden,1979-06-20
SE-GTR,1988-04-22,Exported,Finland,MAULE-M5-235C,7181C,1978,"1045,0",,1978-06-16,2,,,,,
SE-GTS,1991-10-22,Exported,Ireland,MORANE SAULNIER-MS893E,13083,1978,"1050,0",,1978-04-18,1,Senast registrerad ägare,505176.0,Flygfirma Nilsson & Co HB,Box 654 441 18 ALINGSÅS Sweden,1991-10-16
SE-GTT,1983-10-11,Exported,Germany,MORANE SAULNIER-MS893E,13084,1978,"1050,0",,1978-04-18,1,Senast registrerad ägare,505176.0,Flygfirma Nilsson & Co HB,Box 654 441 18 ALINGSÅS Sweden,1983-03-17
SE-GTU,1983-11-11,Exported,United States of America,DE HAVILLAND DHC-6-300,275,1969,"5670,0",,1978-03-22,1,Senast registrerad ägare,503855.0,Sydaero AB,Hangarvägen 6 621 41 VISBY Sweden,1982-11-01
SE-GTX,1985-02-13,Exported,United Kingdom,PITTS-S2A,2137,1977,"715,0",,1977-06-10,1,,,,,
SE-GTY,1997-05-30,Exported,Estonia,CESSNA-310K,310K-0161,1966,"2360,0",,1978-07-19,1,Senast registrerad ägare,504095.0,Roplan AB,Skyttbrinksvägen 20 147 39 TUMBA Sweden,1985-12-18
SE-GTZ,,,,PIPER PA-18-150,18-494,1950,"795,0",2027-05-12,1976-09-01,1,,,,,
SE-GUA,2021-05-27,Scrapped,,PIPER-PA23-250,27-4523,1970,"2360,0",2021-05-10,1977-03-29,1,Senast registrerad ägare,537824.0,Aztec Aviation AB,Sweden,2016-10-27
SE-GUD,2016-09-30,Exported,Poland,CESSNA-F172H,F172-0491,1968,"1045,0",2017-08-07,1977-06-22,1,,,,,
SE-GUE,1986-08-25,Exported,Germany,BELLANCA-8GCBC,200-76,1976,"975,0",,1977-06-10,1,Senast registrerad ägare,502630.0,Östra Sörmlands Flygklubb,Box 78 646 21 GNESTA Sweden,1977-06-10
SE-GUF,2006-04-07,Exported,Germany,CESSNA-U206G,U20603596,1976,"1587,0",,1977-07-27,1,Senast registrerad ägare,503228.0,Air Service Berlin CFH GmbH,Flughafen Berlin- Schönefeld Gebäude G-005 DE-D-12521 Berlin Germany,1997-10-24
SE-GUM,1993-04-28,Exported,Germany,CESSNA-172N,17268212,1977,"1045,0",,1978-02-22,1,Senast registrerad ägare,504419.0,Ingvar Bondesson Bil AB,Skördevägen 15 43254 VARBERG Sweden,1993-03-29
SE-GUN,2007-01-15,Non-airworthy,,CESSNA-A185E,185-1461,1968,"1520,0",,1978-03-07,1,Senast registrerad ägare,505420.0,Fjällflyg HB,Box 170 98123 KIRUNA Sweden,1981-10-27
SE-GUO,2007-01-15,Non-airworthy,,AERO COMMANDER-680,535,1957,"3175,0",,1978-06-29,1,Senast registrerad ägare,503880.0,Swedline Express AB,Flygplatsen 577 91 HULTSFRED Sweden,1986-04-23
SE-GUP,2010-03-31,Total write-off,,CESSNA-F172H,F172-0672,1969,"1045,0",,1978-04-19,1,Senast registrerad ägare,502597.0,Uddevalla Flygklubb,Rörkärr 14 451 94 UDDEVALLA Sweden,2000-01-25
SE-GUR,1994-02-16,Exported,Hungary,AERO COMMANDER-500A,1113-55,1962,"2835,0",,1978-07-17,1,Senast registrerad ägare,504308.0,Aerolem AB,Box 7014 81107 SANDVIKEN Sweden,1991-08-20
SE-GUS,,,,BELLANCA-7GCBC,1029/78,1978,"750,0",2016-07-31,1978-07-20,1,Registrerad ägare,502558.0,Piteå Flygklubb,Box 75 941 22 PITEÅ Sweden,2022-06-17
SE-GUT,2012-11-07,Exported,Norway,CESSNA-FR172J,FR17200373,1973,"1157,0",2013-09-20,1978-06-05,2,,,,,
SE-GUU,1986-01-10,Exported,Denmark,BEECH-B90,LJ 470,1969,"4375,0",,1978-05-22,1,Senast registrerad ägare,504200.0,Malmö Aviation Traffic AB,Box 37 201 20 MALMÖ Sweden,1985-09-10
SE-GUV,,,,BELLANCA-8KCAB,409/78,1978,"816,0",2027-05-22,1978-08-11,1,Registrerad ägare,502923.0,Decathlon Ideéll Förening,Sweden,1987-01-07
SE-GUX,1985-11-28,Total write-off,,BELLANCA-7GCBC,1033-78,1978,"750,0",1986-07-31,1978-08-02,1,Senast registrerad ägare,502874.0,Västerås Segelflygklubb,Sweden,1985-03-04
SE-GUY,2020-10-05,Exported,Norway,BELLANCA-8GCBC,228-76,1976,"975,0",,1978-06-28,2,,,,,
SE-GUZ,2018-07-03,Exported,Lithuania,GRUMMAN AMERICAN-AA5B,AA5B-0831,1978,"1090,0",2018-06-26,1978-09-15,1,Senast registrerad ägare,502781.0,Säve Flygklubb,Sweden,1980-12-12
SE-GVA,2020-12-01,Exported,Ukraine,PIPER-PA28R-201,28R-7837027,1977,"1247,0",2021-04-28,1978-01-13,1,,,,,
SE-GVB,,,,PIPER-PA28-161,28-7816195,1977,"1055,0",2026-10-27,1978-09-29,1,,,,,
SE-GVD,2003-05-12,Exported,United Kingdom,PIPER-PA28-161,28-7816196,1977,"1055,0",,1978-02-03,1,Senast registrerad ägare,503361.0,A.M. Blatch Electrical Contractors Ltd.,Hardwick Narrows Ind Estate Unit 7 Enterprise Way  Kings Lynn GB-PE30 4LJ Norfolk United Kingdom,2002-09-30
SE-GVE,,,,PIPER-PA28-161,28-7816164,1977,"1055,0",2027-07-10,1978-04-20,1,,,,,
SE-GVF,1992-12-15,Total write-off,,PIPER-PA28-161,28-7816165,1977,"1055,0",,1978-04-05,1,Senast registrerad ägare,502598.0,Umeå Flygklubb,Sweden,1978-10-26
SE-GVG,2002-08-29,Total write-off,,PIPER-PA28-181,28-7890202,1977,"1157,0",,1978-01-13,1,Senast registrerad ägare,502577.0,Stockholms Flygklubb,Sweden,1981-12-29
SE-GVH,,,,PIPER-PA38-112,38-78A0053,1978,"760,0",,1978-05-16,1,Registrerad ägare,502483.0,Flygcentrum Skolflyg Fsab AB,Bromma Flygplats 16167 BROMMA Sweden,1980-09-23
SE-GVI,2020-03-17,Exported,Germany,PIPER-PA32RT-300,32R-7885129,1978,"1635,0",2021-02-26,1978-05-29,1,Senast registrerad ägare,503771.0,Ensio Invest AB,Box 4146 181 04 LIDINGÖ Sweden,2002-05-07
SE-GVK,1995-08-23,Total write-off,,PIPER-PA28-151,28-7715115,1976,"1055,0",,1978-02-10,1,Senast registrerad ägare,502620.0,Ängelholms Flygklubb,Margretetorpsvägen 447 262 91 ÄNGELHOLM Sweden,1979-01-12
SE-GVL,1990-07-17,Exported,United States of America,PIPER-PA36-375,36-7802005,1978,"2180,0",,1978-05-12,1,Senast registrerad ägare,504081.0,Laroy Flyg AB,Box 24124 400 22 GÖTEBORG Sweden,1978-05-12
SE-GVM,1990-07-17,Exported,United States of America,PIPER-PA36-375,36-7802007,1978,"2180,0",,1978-05-30,1,Senast registrerad ägare,504081.0,Laroy Flyg AB,Box 24124 400 22 GÖTEBORG Sweden,1978-05-30
SE-GVN,1990-04-20,Exported,Germany,PIPER-PA34-200T,34-7870205,1978,"2073,0",,1978-04-20,1,Senast registrerad ägare,505164.0,HB Twin Seven  Cederberg & Co,Box 76 232 02 ÅKARP Sweden,1979-03-09
SE-GVO,1993-06-21,Exported,United States of America,PIPER-PA31,31-7712102,1977,"2948,0",,1977-11-03,1,Senast registrerad ägare,502787.0,Oltronix AB,Sorterargatan 14 16226 VÄLLINGBY Sweden,1978-06-27
SE-GVP,1984-01-16,Exported,Denmark,PIPER-PA28R-201T,28R-7803246,1978,"1315,0",,1978-04-20,1,Senast registrerad ägare,505180.0,Automatcenter Waholm HB,Box 93112 54130 SKÖVDE Sweden,1982-08-25
SE-GVR,,,,PIPER-PA28R-200,28R-7535014,1974,"1200,0",2027-02-24,1978-02-23,1,,,,,
SE-GVS,,,,PIPER-PA28-161,28-7816436,1978,"1055,0",2026-07-15,1978-05-25,2,Registrerad ägare,502598.0,Umeå Flygklubb,Sweden,2010-09-15
SE-GVS,,,,PIPER-PA28-161,28-7816436,1978,"1055,0",2026-07-15,1978-05-25,2,Registrerad delägare,503592.0,Frivilliga Flygkåren,Hässlögatan 20 721 31 VÄSTERÅS Sweden,2010-09-15
SE-GVT,,,,PIPER-PA28-161,28-7816435,1978,"1055,0",2026-10-02,1978-09-28,2,Registrerad ägare,502869.0,Lidköpings Motorflygklubb,Hovby Flygplats 5 531 92 LIDKÖPING Sweden,2010-09-27
SE-GVT,,,,PIPER-PA28-161,28-7816435,1978,"1055,0",2026-10-02,1978-09-28,2,Registrerad delägare,503592.0,Frivilliga Flygkåren,Hässlögatan 20 721 31 VÄSTERÅS Sweden,2010-09-27
SE-GVU,2007-01-15,Non-airworthy,,PIPER-PA28-181,28-7890467,1978,"1157,0",,1978-12-22,1,Senast registrerad ägare,502512.0,Kronobergs Flygklubb,Växjö Flygplats 355 93 VÄXJÖ Sweden,1984-08-17
SE-GVV,2020-02-19,Exported,United Kingdom,PIPER-PA28R-201,28R-7837213,1978,"1247,0",2019-09-07,1978-05-19,1,Senast registrerad ägare,617314.0,Abbotsinch Aviation LTD,"1/1, 51 Gardner Street GB-G11 5DA Glasgow United Kingdom",2020-02-18
SE-GVX,,,,PIPER-PA28-181,28-7890524,1978,"1157,0",2018-08-25,1978-11-16,1,,,,,
SE-GVY,,,,PIPER-PA28-181,28-7890427,1978,"1157,0",2018-06-25,1978-04-27,1,,,,,
SE-GVZ,2022-04-07,Exported,United States of America,PIPER-PA31,31-7812079,1978,"2948,0",2019-12-21,1978-05-11,4,,,,,
SE-GXA,1996-09-25,Exported,Denmark,PIPER-PA32RT-300,32R-7885087,1978,"1635,0",,1978-09-14,1,Senast registrerad ägare,504689.0,Agroteknik Och Transport- Maskiner Sverige AB,Box 170 24123 ESLÖV Sweden,1992-11-26
SE-GXB,2006-06-01,Exported,Norway,CESSNA-U206G,U20604497,1978,"1633,0",,1979-03-23,1,Senast registrerad ägare,504355.0,Vflight AB,Jönköpings Flygplats 555 93 Jönköping Sweden,1990-05-29
SE-GXC,1990-07-12,Destroyed,,CESSNA-U206G,U20604989,1979,"1633,0",,1979-07-05,1,,,,,
SE-GXI,2026-05-19,Total write-off,,MOONEY-M20J,24-0844,1979,"1243,0",2025-10-25,1986-05-05,1,Senast registrerad ägare,504989.0,ITplan Flyg AB,Hammerstavägen 104 122 60 ENSKEDE Sweden,2005-04-27
SE-GXK,1985-11-28,Exported,United States of America,BEECH-C90,LJ-868,1979,"4375,0",,1979-11-06,1,Senast registrerad ägare,503893.0,Biltema I Linköping AB,Fack 58101 LINKÖPING Sweden,1979-11-06
SE-GXN,1986-02-19,Exported,Switzerland,DE HAVILLAND DHC-6-300,657,1979,"5670,0",,1980-01-21,1,Senast registrerad ägare,503925.0,Swedair AB,Box 33 190 45 STOCKHOLM-ARLANDA Sweden,1986-01-22
SE-GXO,1996-12-17,Total write-off,,DE HAVILLAND-DH-82A,82869,1932,"830,0",1997-09-30,1980-07-09,1,,,,,
SE-GXP,1997-03-20,Total write-off,,BELLANCA-7GCBC,1154/79,1979,"750,0",1996-02-29,1979-09-04,1,Senast registrerad ägare,503806.0,Texo AB,Box 602 34324 ÄLMHULT Sweden,1995-03-28
SE-GXR,1989-07-24,Exported,Norway,BELLANCA-8KCAB,553-79,1979,"820,0",,1979-09-17,1,Senast registrerad ägare,505162.0,Bas Biluthyrning HB,Box 126 29500 BROMÖLLA Sweden,1987-01-13
SE-GXT,1998-04-02,Exported,United States of America,CESSNA-TU206G,U20605506,1980,"1633,0",,1980-03-20,1,,,,,
SE-GXU,2016-07-28,Exported,Finland,MAULE-M5-235C,7324C,1980,"1045,0",2016-09-04,1980-08-13,1,Senast registrerad ägare,505384.0,Kelux Försäljning & Förvaltning KB,Box 1344 172 27 SUNDBYBERG Sweden,2008-09-23
SE-GXV,1991-03-27,Exported,United States of America,SWEARINGEN SA226-T,T-283,1977,"5660,0",,1980-03-13,1,Senast registrerad ägare,505163.0,HB Gösta Perssons Byggnadsfirma,Box 138 271 23 YSTAD Sweden,1990-01-09
SE-GXX,1989-08-08,Exported,United States of America,DE HAVILLAND DHC-2 MK I,630,1954,"2315,0",,1980-07-09,1,Senast registrerad ägare,502953.0,Expert Haninge AB,Malmskogen 58272 LINKÖPING Sweden,1987-11-16
SE-GXY,2006-02-13,Exported,United Kingdom,CESSNA-182P,18263554,1975,"1340,0",,1980-03-19,1,Senast registrerad ägare,505104.0,Enköpings Flygsällskap Ek För,Sweden,1992-04-10
SE-GXZ,1995-01-18,Exported,Denmark,CESSNA-182P,18262478,1974,"1340,0",,1980-07-15,4,,,,,
SE-GYA,1994-01-24,Exported,Zaire (formerly),CESSNA-F337G,F33700080,1977,"2100,0",,1977-04-13,1,Senast registrerad ägare,504329.0,Zel-Aaren Innovation AB,Frälsegårdsgatan 31 504 94 BORÅS Sweden,1989-02-08
SE-GYB,2022-05-20,Owners request,,CESSNA-F172N,F17201552,1977,"1045,0",,1977-06-16,1,Senast registrerad ägare,502441.0,Västerås Stad,Box 1150 721 29 Västerås Sweden,2022-05-19
SE-GYC,1987-09-11,Exported,United Kingdom,CESSNA-441,441-0035,1978,"4470,0",,1978-08-23,1,Senast registrerad ägare,503925.0,Swedair AB,Box 33 190 45 STOCKHOLM-ARLANDA Sweden,1979-10-29
SE-GYD,1985-09-04,Exported,Denmark,CESSNA-F152,1481,1978,"758,0",,1978-04-25,1,Senast registrerad ägare,503925.0,Swedair AB,Box 33 190 45 STOCKHOLM-ARLANDA Sweden,1983-01-17
SE-GYE,,,,CESSNA-F172N,F17201687,1978,"1157,0",2027-03-29,1978-06-02,1,,,,,
SE-GYH,2023-07-27,Exported,Czech Republic,CESSNA-F172N,F172-1700,1978,"1045,0",2024-03-09,1978-07-05,1,Senast registrerad ägare,504986.0,Aeronom AB,Åbyvägen 3 702 27 ÖREBRO Sweden,2010-08-31
SE-GYI,2002-11-15,Exported,Spain,CESSNA-F182Q,F182-0072,1978,"1338,0",,1978-04-10,1,Senast registrerad ägare,504747.0,Motorlandet AB,Fritjof Thuns Väg 5 184 31 ÅKERSBERGA Sweden,2000-04-25
SE-GYM,1988-05-16,Exported,Germany,CESSNA-404,404-0106,1977,"3810,0",,1978-03-08,1,Senast registrerad ägare,500217.0,Skyways Express AB,Jönköpings Flygplats 555 93 Jönköping Sweden,1978-03-08
SE-GYN,1987-07-27,Exported,Ireland,CESSNA-404,404-0237,1978,"3810,0",,1985-07-15,1,Senast registrerad ägare,500217.0,Skyways Express AB,Jönköpings Flygplats 555 93 Jönköping Sweden,1985-07-15
SE-GYO,,,,CESSNA-F172N,F17201740,1978,"1045,0",2027-05-30,1978-10-04,2,Registrerad ägare,502544.0,Flygklubben Nordvingen,Box 146 982 21 GÄLLIVARE Sweden,2010-09-08
SE-GYO,,,,CESSNA-F172N,F17201740,1978,"1045,0",2027-05-30,1978-10-04,2,Registrerad delägare,503592.0,Frivilliga Flygkåren,Hässlögatan 20 721 31 VÄSTERÅS Sweden,2010-09-08
SE-GYP,1991-11-29,Exported,United States of America,CESSNA-402C,402C0010,1978,"3105,0",,1979-02-01,1,Senast registrerad ägare,502981.0,Kustbevakningen,Box 536 371 23 KARLSKRONA Sweden,1989-04-03
SE-GYR,2002-06-11,Exported,Norway,CESSNA-U206G,U20604218,1978,"1633,0",,1978-05-17,1,,,,,
SE-GYT,2012-03-16,Exported,United Kingdom,CESSNA-F172N,F17201780,1978,"1045,0",2012-04-24,1979-01-30,1,Senast registrerad ägare,502525.0,Eslövs Flygklubb,Box 215 241 23 ESLÖV Sweden,1999-08-30
SE-GYV,2011-03-18,Exported,France,CESSNA-F152,F152-1586,1979,"758,0",2011-04-30,1979-05-09,1,Senast registrerad ägare,502873.0,Föreningen Västeråsflyg,Sweden,2000-11-20
SE-GYX,2017-03-14,Exported,Poland,CESSNA-F172N,F17201794,1979,"1157,0",2017-08-04,1979-06-13,1,,,,,
SE-GYY,2025-02-10,Exported,Republic of North Macedonia,CESSNA-F172N,F17201820,1979,"1045,0",2025-01-07,1979-06-28,1,Senast registrerad ägare,674211.0,RENT-A-PLANE S.R.L.,"Room 1, bl.C1.3, Entrance D, 4th floor, apt 62 Bdul Timisoara Boulevard, No.89 RO-61327 Bucharest Romania",2022-03-01
SE-GYZ,,,,CESSNA-F172N,F17201791,1979,"1045,0",2026-10-16,1979-04-17,2,,,,,
SE-GZA,1989-06-05,Exported,Belgium,CESSNA-404,404-0020,1976,"3810,0",,1989-05-02,1,Senast registrerad ägare,503925.0,Swedair AB,Box 33 190 45 STOCKHOLM-ARLANDA Sweden,1989-05-02
SE-GZB,1984-06-07,Exported,Finland,CESSNA-404,404-0014,1976,"3810,0",,1977-04-21,1,Senast registrerad ägare,503925.0,Swedair AB,Box 33 190 45 STOCKHOLM-ARLANDA Sweden,1979-06-15
SE-GZE,1993-07-01,Exported,Denmark,CESSNA-FRA150M,FRA1500287,1976,"750,0",,1976-09-10,1,Senast registrerad ägare,504759.0,Pd Consult AB,Rolsberga 19 24194 ESLÖV Sweden,1993-06-01
SE-GZG,1994-08-11,Exported,Finland,CESSNA-404,404-0033,1977,"3810,0",,1989-02-08,1,Senast registrerad ägare,504278.0,Airborne of Sweden AB,Box 111 842 22 SVEG Sweden,1989-04-20
SE-GZH,1996-11-01,Exported,Finland,CESSNA-404,404-0046,1977,"3810,0",,1977-04-13,1,Senast registrerad ägare,504278.0,Airborne of Sweden AB,Box 111 842 22 SVEG Sweden,1990-08-28
SE-GZK,1984-02-23,Total write-off,,CESSNA-F150M,1385,1977,"725,0",,1978-08-28,1,Senast registrerad ägare,500217.0,Skyways Express AB,Jönköpings Flygplats 555 93 Jönköping Sweden,1979-06-29
SE-GZL,1995-11-09,Exported,Germany,CESSNA-F172N,F172-1581,1977,"1045,0",,1977-03-29,1,Senast registrerad ägare,504660.0,Andersson Aircraft AB,Box 166 611 24 NYKÖPING Sweden,1995-10-10
SE-GZM,2020-04-06,Exported,United Kingdom,CESSNA-FR172K,FR17200600,1977,"1155,0",2021-02-27,1977-05-03,1,,,,,
SE-GZO,,,,CESSNA-210M,21061767,1977,"1725,0",,1977-08-05,1,Registrerad ägare,502728.0,Lthf Aviation Ek För,Box 215 241 23 ESLÖV Sweden,1985-08-20
SE-GZP,2008-01-22,Exported,Poland,CESSNA-F150M,1287,1976,"725,0",,1976-09-21,1,,,,,
SE-GZR,,,,CESSNA-F182P,F18200018,1976,"1338,0",2018-08-24,1977-05-17,1,,,,,
SE-GZS,,,,CESSNA-150J,F150-70373,1969,"725,0",2026-09-26,1977-03-24,1,,,,,
SE-GZT,,,,CESSNA-FA150K,FA1500027,1970,"725,0",2020-05-06,1977-03-24,1,,,,,
SE-GZU,,,,CESSNA-FR172G,FR172-0178,1970,"1155,0",2011-10-12,1977-03-24,1,,,,,
SE-GZV,2012-10-02,Total write-off,,CESSNA-FR172E,FR17200005,1968,"1045,0",,1977-08-31,1,,,,,
SE-HAA,,,,AIRBUS HELICOPTERS-AS350B3,9205,2022,"2250,0",2027-04-15,2026-02-25,1,Registrerad ägare,749052.0,HBG France SAS,Aérodrome d'Annemasse rue Germain Sommeiller FR-74100 Annemasse France,2026-06-25
SE-HAB,,,,AIRBUS HELICOPTERS-AS350B3,9360,2023,"2250,0",2027-04-15,2026-02-25,1,Registrerad ägare,749053.0,Coptering S.L.,"C/Numancia 185, 3°2a ES-08034 Barcelona Spain",2026-06-26
SE-HAC,,,,AIRBUS HELICOPTERS-AS350B3,9222,2022,"2250,0",2027-04-09,2026-02-25,1,Registrerad ägare,500012.0,HeliAir Sweden AB,Lycksta Gård 1 725 94 VÄSTERÅS Sweden,2026-02-25
SE-HAJ,2019-05-22,Exported,United States of America,SIKORSKY-S76C,760510,2000,"5307,0",2016-02-01,2006-09-28,1,Senast registrerad ägare,502778.0,Sjöfartsverket,601 78 Norrköping Sweden,2015-06-30
SE-HAL,2012-06-26,Owners request,,AGUSTA BELL-47G-2,016,1955,"1110,0",2006-07-31,1984-10-29,1,,,,,
SE-HAP,1983-09-20,Destroyed,,BELL-47J,1439,1957,"1270,0",1981-03-31,1957-05-20,1,,,,,
SE-HAV,2019-12-23,Exported,United States of America,SIKORSKY-S76C,760377,1991,"5307,0",2016-03-14,2005-04-06,1,Senast registrerad ägare,502778.0,Sjöfartsverket,601 78 Norrköping Sweden,2015-06-30
SE-HBO,1983-11-21,Total write-off,,AGUSTA BELL-AB206A,8113,1969,"1360,0",,1969-07-15,1,Senast registrerad ägare,503989.0,Lapplandsflyg i Kiruna AB,Umeå Flygplats 904 22 UMEÅ Sweden,1976-01-22
SE-HBP,,,,BELL-47G-5,7954,1969,"1295,0",1974-09-30,1969-09-19,1,Registrerad ägare,504338.0,Heli AB,Malmskogen 58272 LINKÖPING Sweden,1987-02-18
SE-HBR,1984-04-17,Exported,Finland,AGUSTA BELL-AB206A,8165,1969,"1360,0",,1969-10-10,1,Senast registrerad ägare,500119.0,Patria Helicopters AB,Box 116 190 46 Stockholm-Arlanda Sweden,1984-03-05
SE-HBU,1982-11-25,Exported,Norway,AGUSTA BELL-AB206A,8228,1970,"1360,0",,1970-07-31,1,,,,,
SE-HBW,1984-06-18,Exported,United Kingdom,AGUSTA BELL-AB206B,8242,1970,"1450,0",,1970-10-26,1,Senast registrerad ägare,504112.0,Jämtlands Aero AB,Box 453 831 26 Östersund Sweden,1974-01-21
SE-HBZ,1982-11-08,Destroyed,,HUGHES-269B,202,1966,"760,0",,1966-05-17,1,Senast registrerad ägare,503821.0,Heliflyg AB,Klippan 1 C 414 51 GÖTEBORG Sweden,1979-09-20
SE-HCA,,,,BELL-47G-2,1492,1956,"1110,0",2027-06-30,1956-10-05,1,,,,,
SE-HCB,,,,AGUSTA BELL-47J-2,1026,1958,"1295,0",1998-07-31,1993-07-26,3,,,,,
SE-HCC,,,,BELL-47G-2,2448,1959,"1110,0",2026-10-31,2006-05-03,1,Registrerad ägare,718804.0,RCAS International AB,"Norra Hamnpromenaden 3, lgh 1502 181 66 LIDINGÖ Sweden",2024-05-14
SE-HCG,1983-06-30,Destroyed,,AGUSTA BELL-AB206B,8037,1968,"1450,0",,1968-03-29,1,Senast registrerad ägare,500011.0,Lapplandsflyg LAP-AIR AB,Umeå Flygplats 90422 Umeå Sweden,1968-03-29
SE-HCJ,2024-04-15,Exported,Brazil,AIRBUS HELICOPTERS-EC130T2,8243,2016,"2500,0",2024-08-08,2016-07-05,1,Senast registrerad ägare,688942.0,Infrakraft Holding AB,Gustaf Anders gata 15E 65340 Karlstad Sweden,2022-10-03
SE-HCM,2008-11-17,Total write-off,,HUGHES-269B,980388,1969,"760,0",,1969-05-14,1,Senast registrerad ägare,504916.0,Ex-Change Parts i Borlänge AB,"Sveavägen 166, plan 3 113 46 Stockholm Sweden",2008-11-10
SE-HCN,2005-02-08,Destroyed,,HUGHES-269B,980389,1969,"760,0",,1986-12-17,1,,,,,
SE-HCR,1987-01-13,Destroyed,,HUGHES-269B,36-0237,1966,"760,0",,1967-11-06,1,Senast registrerad ägare,504257.0,Skyline Helikopter AB,Älvgatan 652 25 KARLSTAD Sweden,1985-04-11
SE-HCU,1993-11-22,Exported,Hungary,HUGHES-269B,116-0277,1966,"760,0",,1989-09-22,1,,,,,
SE-HCW,2006-04-25,Total write-off,,HUGHES-269B,116-0276,1966,"760,0",,1967-03-09,1,,,,,
SE-HDD,2007-01-16,Non-airworthy,,AEROSPATIALE-SE3130,1177,1958,"1500,0",1986-08-31,1963-05-29,1,Senast registrerad ägare,504748.0,Helikoptertjänst i Kittelfjäll AB,Storgatan 28 921 31 LYCKSELE Sweden,1996-03-12
SE-HDL,2000-03-31,Exported,Netherlands,HUGHES-269C,110084,1971,"930,0",,1971-05-12,1,,,,,
SE-HDR,1988-01-10,,,AGUSTA BELL-AB204B,3042,1963,"3400,0",,1963-10-01,1,Senast registrerad ägare,503925.0,Swedair AB,Box 33 190 45 STOCKHOLM-ARLANDA Sweden,1984-11-05
SE-HDU,1989-06-12,Exported,Norway,HUGHES-369HE,890108E,1969,"1155,0",,1986-06-05,1,Senast registrerad ägare,505294.0,Ove Walther Flygservice KB,Stenhagsvägen 24 922 62 TAVELSJÖ Sweden,1989-06-05
SE-HEB,1984-03-08,Destroyed,,BELL-47G-5,25044,1971,"1295,0",1982-03-31,1974-02-27,1,Senast registrerad ägare,503897.0,Söderala Flyg AB,Mohed 6590 826 61 SÖDERALA Sweden,1981-06-26
SE-HEE,2007-01-16,Non-airworthy,,AGUSTA BELL-AB206B,8285,1971,"1450,0",,1971-07-08,1,Senast registrerad ägare,500011.0,Lapplandsflyg LAP-AIR AB,Umeå Flygplats 90422 Umeå Sweden,1971-07-08
SE-HEH,2007-02-16,Destroyed,,BELL-206B,734,1971,"1451,0",,1973-02-06,1,Senast registrerad ägare,500011.0,Lapplandsflyg LAP-AIR AB,Umeå Flygplats 90422 Umeå Sweden,2001-02-09
SE-HEI,,,,AGUSTA BELL-AB206B,8348,1973,"1450,0",2027-05-29,1973-03-08,1,Registrerad ägare,529091.0,HeiX AB,Sweden,2013-07-22
SE-HEJ,2014-10-24,Exported,United States of America,SIKORSKY-S76C,760604,2005,"5307,0",2015-02-01,2006-04-05,1,Senast registrerad ägare,500145.0,SMA Helicopter Rescue AB,,2006-04-05
SE-HEL,2013-09-06,Scrapped,,AGUSTA BELL-AB206B,8332,1972,"1450,0",2011-06-30,1972-11-28,1,Senast registrerad ägare,500179.0,Walthers Flygservice AB,Box 4093 904 03 Umeå Sweden,2013-08-21
SE-HEM,2019-02-13,Destroyed,,AGUSTA BELL-AB206B,8329,1972,"1450,0",,1972-07-25,1,Senast registrerad ägare,500145.0,SMA Helicopter Rescue AB,,1972-07-25
SE-HEO,2013-11-11,Destroyed,,BELL-47G-2,600,1952,"1110,0",2014-06-30,1974-03-15,1,Senast registrerad ägare,504789.0,A.T.R. Maskin i Nord AB,Agronomvägen 40 954 41 SÖDRA SUNDERBYN Sweden,2002-06-20
SE-HET,1998-03-17,Exported,United Kingdom,AEROSPATIALE-SA315B,2348,1973,"1950,0",,1973-12-20,1,Senast registrerad ägare,503828.0,AB Peractio,Västanå 104 896 91 HUSUM Sweden,1973-12-20
SE-HEV,,,,ENSTROM-F28A,085,1972,"975,0",,1972-09-01,1,,,,,
SE-HEX,,,,ENSTROM-F28A,084,1972,"975,0",2010-05-31,1972-09-01,1,,,,,
SE-HEY,1995-01-23,Exported,United States of America,HUGHES-369HS,110291S,1971,"1155,0",,1972-06-15,1,Senast registrerad ägare,500096.0,Malmskogens Aerocenter AB,Mörnersgatan 4 18 582 25 Linköping Sweden,1995-01-10
SE-HFC,1987-03-02,Destroyed,,HUGHES-269C,300011,1970,"860,0",,1973-04-24,1,Senast registrerad ägare,500453.0,AB Nord-Flyg,Sweden,1973-04-24
SE-HFD,1995-09-05,Exported,Finland,HUGHES-369HS,1190219S,1969,"1155,0",,1973-07-12,1,Senast registrerad ägare,503740.0,Saab Helikopter AB,Box 326 61127 NYKÖPING Sweden,1995-08-24
SE-HFE,1992-04-13,Exported,United States of America,HUGHES-369HS,630490S,1973,"1155,0",,1989-10-13,1,Senast registrerad ägare,504174.0,Heli Parts AB,Malmskogen 58272 LINKÖPING Sweden,1992-04-13
SE-HFF,,,,HUGHES-269C,830229,1973,"930,0",2026-07-24,2000-04-28,1,Registrerad ägare,726430.0,Bergslagen Rental AB,Sweden,2024-11-18
SE-HFG,1990-01-19,Exported,Netherlands,HUGHES-269C,740327,1974,"930,0",,1974-11-18,1,Senast registrerad ägare,503821.0,Heliflyg AB,Klippan 1 C 414 51 GÖTEBORG Sweden,1979-09-20
SE-HFK,1990-03-01,Exported,Germany,HUGHES-269C,840340,1974,"930,0",,1975-04-09,1,Senast registrerad ägare,503821.0,Heliflyg AB,Klippan 1 C 414 51 GÖTEBORG Sweden,1990-02-19
SE-HFL,,,,HUGHES-369HS,740618S,1974,"1155,0",,1975-04-15,1,,,,,
SE-HFN,2007-01-16,Non-airworthy,,HUGHES-269C,750420,1975,"930,0",,1975-09-22,1,Senast registrerad ägare,504074.0,Mora-Helikopter AB,Box 235 792 24 MORA Sweden,1975-11-21
SE-HFO,1994-05-16,Exported,United Kingdom,HUGHES-369HS,1090203S,1969,"1155,0",,1976-01-30,1,Senast registrerad ägare,505294.0,Ove Walther Flygservice KB,Stenhagsvägen 24 922 62 TAVELSJÖ Sweden,1990-08-15
SE-HFP,1984-05-28,Total write-off,,HUGHES-269C,360477,1976,"930,0",,1976-06-11,1,Senast registrerad ägare,504112.0,Jämtlands Aero AB,Box 453 831 26 Östersund Sweden,1979-06-25
SE-HFT,2010-11-15,Exported,United States of America,HUGHES-369HS,150692S,1975,"1155,0",2011-07-06,1992-01-23,1,Senast registrerad ägare,500470.0,Dala Helikopter DH AB,Nybrogatan 35 4 tr 114 39 STOCKHOLM Sweden,1996-02-12
SE-HFU,,,,ENSTROM-F28A,310,1975,"975,0",,1976-06-17,1,,,,,
SE-HFV,2007-01-16,Non-airworthy,,ENSTROM-F28A,296,1975,"975,0",,1976-04-02,1,Senast registrerad ägare,505221.0,Roslagens Helikopterflyg HB,Sikvägen 76200 RIMBO Sweden,1982-10-19
SE-HFX,2003-05-13,Destroyed,,ENSTROM-F28A,116,1974,"975,0",,2001-03-22,1,,,,,
SE-HFZ,2007-01-16,Non-airworthy,,ENSTROM-F28A,108,1973,"975,0",,1974-06-18,1,,,,,
SE-HGA,1989-03-30,Owners request,,BELL-204B,2056,1967,"3855,0",,1975-03-27,1,Senast registrerad ägare,504488.0,Scandinavian Helicopter Group AB,Box 24124 400 22 GÖTEBORG Sweden,1988-09-09
SE-HGB,1983-09-16,Exported,Norway,AGUSTA BELL-AB206B,8257,1970,"1450,0",,1975-02-27,1,Senast registrerad ägare,500119.0,Patria Helicopters AB,Box 116 190 46 Stockholm-Arlanda Sweden,1982-12-15
SE-HGC,,,,BELL-47G-4,3346,1965,"1340,0",1996-11-30,1994-12-01,2,,,,,
SE-HGD,1998-09-17,Total write-off,,AGUSTA BELL-AB206B,8478,1975,"1450,0",,1975-07-24,1,Senast registrerad ägare,500480.0,Jämtlands Flyg AB,Lugnviksvägen 5 831 52 Östersund Sweden,1996-02-08
SE-HGF,1984-05-23,Exported,Switzerland,AGUSTA BELL-AB206B,8515,1976,"1450,0",,1976-07-20,1,,,,,
SE-HGI,1983-08-18,Exported,Germany,AGUSTA BELL-AB206B,8507,1975,"1450,0",,1983-07-12,1,Senast registrerad ägare,500119.0,Patria Helicopters AB,Box 116 190 46 Stockholm-Arlanda Sweden,1983-07-12
SE-HGK,1985-03-21,Exported,Germany,AGUSTA BELL-AB206B,8549,1977,"1450,0",,1977-08-18,1,Senast registrerad ägare,504112.0,Jämtlands Aero AB,Box 453 831 26 Östersund Sweden,1979-06-25
SE-HGL,1986-08-29,Total write-off,,BELL-206L,45012,0,"1812,0",,1976-02-04,1,Senast registrerad ägare,500119.0,Patria Helicopters AB,Box 116 190 46 Stockholm-Arlanda Sweden,1976-02-04
SE-HGM,1992-12-09,Exported,Germany,AGUSTA-A109A,7139,1978,"2600,0",,1985-01-10,1,Senast registrerad ägare,500467.0,Airlift Helicopter Sweden AB,Flygfältet 5 824 92 Hudiksvall Sweden,1985-01-17
SE-HGN,,,,ENSTROM-280C,1123,1978,"1065,0",2017-04-22,2007-07-31,2,,,,,
SE-HGO,1986-01-10,Total write-off,,HUGHES-369D,870180D,1977,"1360,0",,1978-06-20,1,Senast registrerad ägare,504008.0,Heliflyg Nordic AB,Malmskogen 58220 LINKÖPING Sweden,1984-09-27
SE-HGP,1998-11-26,Exported,United States of America,ENSTROM-F28C,421,1978,"1065,0",,1981-09-21,1,Senast registrerad ägare,504307.0,Accresco Finans AB,Box 4145 42204 HISINGS BACKA Sweden,1998-01-23
SE-HGR,1985-07-16,Exported,United Kingdom,AGUSTA BELL-AB206B,8534,1977,"1450,0",,1977-12-29,1,Senast registrerad ägare,503908.0,Fenix Outdoor AB,Box 209 89125 ÖRNSKÖLDSVIK Sweden,1977-12-29
SE-HGS,1988-12-12,Exported,United Kingdom,AGUSTA BELL-AB206A,8169,1969,"1360,0",,1977-01-11,1,Senast registrerad ägare,505277.0,KB Vip,Box 332 79170 FALUN Sweden,1988-09-05
SE-HGU,1985-05-06,Exported,Denmark,AGUSTA BELL-AB206B,8499,1975,"1450,0",,1976-02-20,1,Senast registrerad ägare,502776.0,Jtl Helikopterflyg AB,Villa Fortuna 23200 ARLÖV Sweden,1984-08-29
SE-HGV,1989-08-16,Exported,France,AGUSTA BELL-AB206B,8303,1971,"1450,0",,1975-06-19,1,Senast registrerad ägare,504537.0,Rotor Konsult i Borlänge AB,Skärsjö 13 781 93 BORLÄNGE Sweden,1989-07-13
SE-HGX,,,,AGUSTA BELL-AB206B,8555,1978,"1450,0",2026-08-14,2008-05-14,1,Registrerad ägare,505129.0,Flygvapenmuseum Helikopter (FVMH),Sweden,2011-03-29
SE-HGY,1995-03-09,Exported,Norway,AEROSPATIALE-SA315B,2443,1976,"1950,0",,1976-06-16,1,Senast registrerad ägare,503828.0,AB Peractio,Västanå 104 896 91 HUSUM Sweden,1976-06-16
SE-HGZ,,,,SIKORSKY S-55T,55-1252,1958,"3270,0",,1975-04-11,1,Registrerad ägare,500076.0,Kallax Flyg AB,Vargbackenvägen 1 942 94 Sikfors Sweden,2014-04-03
SE-HHA,1990-03-01,Exported,Germany,HUGHES-269C,1000053,1970,"930,0",,1976-07-09,1,Senast registrerad ägare,503821.0,Heliflyg AB,Klippan 1 C 414 51 GÖTEBORG Sweden,1990-02-19
SE-HHB,1989-03-01,Exported,Germany,HUGHES-269C,160465,1976,"930,0",,1976-12-08,1,Senast registrerad ägare,503984.0,Östersunds Helikopter AB,Göviken Box 453 831 26 ÖSTERSUND Sweden,1981-02-18
SE-HHC,1989-03-01,Exported,Germany,HUGHES-269C,760519,1976,"930,0",,1977-02-28,1,Senast registrerad ägare,503821.0,Heliflyg AB,Klippan 1 C 414 51 GÖTEBORG Sweden,1984-08-16
SE-HHD,1994-09-21,Exported,Netherlands,HUGHES-269C,650413,1975,"930,0",,1977-03-04,1,Senast registrerad ägare,500096.0,Malmskogens Aerocenter AB,Mörnersgatan 4 18 582 25 Linköping Sweden,1994-04-20
SE-HHE,1995-12-05,Total write-off,,HUGHES-269C,470588,1977,"930,0",,1977-06-15,1,Senast registrerad ägare,503828.0,AB Peractio,Västanå 104 896 91 HUSUM Sweden,1978-11-30
SE-HHF,,,,HUGHES-369D,1160049D,1976,"1360,0",,1977-03-22,1,Registrerad ägare,504338.0,Heli AB,Malmskogen 58272 LINKÖPING Sweden,1987-02-18
SE-HHG,1984-05-29,Total write-off,,HUGHES-369D,1260059D,1976,"1360,0",,1977-03-30,1,,,,,
SE-HHI,1982-12-27,Exported,Norway,HUGHES-269B,690426,1969,"760,0",,1977-10-18,1,Senast registrerad ägare,501519.0,SAAB AB,581 88 Linköping Sweden,1982-07-20
SE-HHK,1990-08-03,Exported,Germany,HUGHES-269C,770615,1977,"930,0",,1977-11-11,1,Senast registrerad ägare,500453.0,AB Nord-Flyg,Sweden,1979-04-25
SE-HHM,1984-07-26,Destroyed,,ENSTROM-F28A,117,1974,"975,0",,1977-03-09,1,,,,,
SE-HHN,,,,ENSTROM-F28A,295,1975,"975,0",,1976-09-23,1,Registrerad ägare,502551.0,Norsborgs Bensin & Service AB,Södertäljevägen 14563 NORSBORG Sweden,1977-09-13
SE-HHO,2014-09-24,Exported,Russian Federation,ENSTROM-F28A,379,1977,"975,0",2014-11-18,1977-06-30,1,,,,,
SE-HHP,1987-11-17,Total write-off,,ENSTROM-280C,1080,1977,"1065,0",,1977-06-20,1,Senast registrerad ägare,500119.0,Patria Helicopters AB,Box 116 190 46 Stockholm-Arlanda Sweden,1985-10-25
SE-HHT,,,,ENSTROM-F28C,429,1978,"1065,0",2027-05-09,1978-06-08,1,Registrerad ägare,642428.0,Linding i Söderhamn AB,Ljusnevägen 2 826 61 Söderala Sweden,2021-02-22
SE-HHX,2001-09-13,Exported,Norway,HUGHES-269C,1270654,1977,"930,0",,1978-08-23,1,Senast registrerad ägare,504896.0,Aerokonsult i Norr AB,Flygplatsen 933 91 Arvidsjaur Sweden,1999-12-13
SE-HHY,1985-11-27,Total write-off,,SIKORSKY S-55T,55-1186,1958,"3270,0",,1977-04-20,1,Senast registrerad ägare,500145.0,SMA Helicopter Rescue AB,,1977-04-20
SE-HHZ,1990-02-08,Exported,United Kingdom,Air & Space 18 A,18-22,1965,"815,0",,1977-07-12,1,Senast registrerad ägare,502487.0,Gerber & Hesslow AB,Box 2152 10340 STOCKHOLM Sweden,1977-07-12
SE-HIA,2006-06-08,Exported,Norway,AEROSPATIALE-AS350BA,1017,1978,"2100,0",,2003-06-03,1,Senast registrerad ägare,504676.0,Mogmac AB,Handöl 1187 830 15 DUVED Sweden,2003-06-03
SE-HIC,,,,Air & Space 18 A,18-73,1966,"815,0",,1978-09-26,1,,,,,
SE-HID,1994-12-19,Exported,United Kingdom,Air & Space 18 A,18-14,1965,"815,0",,1980-09-02,1,Senast registrerad ägare,505278.0,Swedish Air Consult HB,Box 5094 25005 HELSINGBORG Sweden,1992-08-28
SE-HIE,1994-12-19,Exported,United Kingdom,Air & Space 18 A,18-63,1966,"815,0",,1980-11-14,1,Senast registrerad ägare,505278.0,Swedish Air Consult HB,Box 5094 25005 HELSINGBORG Sweden,1992-08-28
SE-HII,,,,AGUSTA BELL-AB206B,8290,1971,"1450,0",2026-10-31,1978-11-16,1,Registrerad ägare,500029.0,Fiskflyg AB,Strömgatan 43 982 60 Porjus Sweden,2017-10-16
SE-HIK,2001-12-07,Exported,United States of America,HILLER-UH12B,676,1954,"1135,0",2001-11-30,1978-12-21,1,Senast registrerad ägare,504577.0,Doktor Olle Myrin AB,Attundafältet 16  Plan 4 183 34 TÄBY Sweden,1999-07-29
SE-HIL,1987-03-17,Exported,United Kingdom,ENSTROM-F28C,431,1978,"1065,0",,1978-11-21,1,Senast registrerad ägare,502775.0,Piteå Helikopterflyg HB,Sikfors 5264 94200 ÄLVSBYN Sweden,1979-12-17
SE-HIM,2002-03-08,Owners request,,BELL-206B,2544,1978,"1451,0",,1979-05-14,1,Senast registrerad ägare,500501.0,Polismyndigheten,Box 12256 102 26 Stockholm Sweden,1979-08-20
SE-HIN,,,,HUGHES-269C,1280749,1978,"930,0",2026-07-24,1979-02-01,1,Registrerad ägare,586864.0,FBO Karlstad AB,Sweden,2021-05-26
SE-HIO,,,,ENSTROM-F28C,425,1978,"1065,0",,1979-03-23,1,Registrerad ägare,500232.0,Roslagens Helikopterflyg AB,Sikvägen 761 41 Norrtälje Sweden,1987-04-02
SE-HIP,1985-11-27,Total write-off,,AEROSPATIALE-AS350B,1079,1979,"1900,0",,1979-05-23,1,Senast registrerad ägare,500145.0,SMA Helicopter Rescue AB,,1979-05-23
SE-HIS,1985-09-26,Total write-off,,HUGHES-269C,800030,1970,"860,0",,1979-03-29,1,Senast registrerad ägare,504080.0,Härjedalens Fjällflyg AB,Fjällnäs 17 840 98 TÄNNDALEN Sweden,1983-02-24
SE-HIT,2001-06-15,Exported,United States of America,BELL-205A1,30286,1979,"4309,0",,1979-05-21,1,Senast registrerad ägare,504532.0,B.sterner Trading AB,Stegesund 18599 VAXHOLM Sweden,1999-05-18
SE-HIU,2007-01-16,Non-airworthy,,AGUSTA BELL-AB206B,8537,1978,"1450,0",,1979-07-06,1,Senast registrerad ägare,500467.0,Airlift Helicopter Sweden AB,Flygfältet 5 824 92 Hudiksvall Sweden,1983-04-28
SE-HIV,1987-01-09,Destroyed,,HUGHES-269C,590790,1979,"930,0",,1979-09-04,1,Senast registrerad ägare,504112.0,Jämtlands Aero AB,Box 453 831 26 Östersund Sweden,1984-10-25
SE-HIX,1986-03-26,Total write-off,,HUGHES-369D,1180391D,1978,"1360,0",,1980-01-18,1,Senast registrerad ägare,503984.0,Östersunds Helikopter AB,Göviken Box 453 831 26 ÖSTERSUND Sweden,1980-01-18
SE-HIY,1985-10-21,Exported,United Kingdom,ENSTROM-280C,1149,1978,"1065,0",,1980-03-05,1,Senast registrerad ägare,500119.0,Patria Helicopters AB,Box 116 190 46 Stockholm-Arlanda Sweden,1984-05-16
SE-HIZ,2026-02-05,Owners request,,ENSTROM-F28A,225,1974,"975,0",2010-06-30,1980-02-07,1,,,,,
SE-HJA,2007-06-12,Exported,Ukraine,EUROCOPTER-AS350B2,4199,2007,"2250,0",,2007-03-01,1,Senast registrerad ägare,504488.0,Scandinavian Helicopter Group AB,Box 24124 400 22 GÖTEBORG Sweden,2007-03-01
SE-HJB,2007-07-19,Exported,United States of America,EUROCOPTER-AS350B3,4267,2007,"2250,0",,2007-07-17,1,Senast registrerad ägare,504488.0,Scandinavian Helicopter Group AB,Box 24124 400 22 GÖTEBORG Sweden,2007-07-17
SE-HJC,2012-12-14,Exported,Australia,AEROSPATIALE-AS350B1,1940,1986,"2200,0",2012-04-30,2007-04-18,1,Senast registrerad ägare,503693.0,"Nordea Finance Equipment AS, Sverige filial",L848 105 71  STOCKHOLM Sweden,2007-04-18
SE-HJD,2007-08-16,Exported,Ukraine,EUROCOPTER-AS350B2,4287,2007,"2250,0",,2007-08-02,1,Senast registrerad ägare,504488.0,Scandinavian Helicopter Group AB,Box 24124 400 22 GÖTEBORG Sweden,2007-08-02
SE-HJG,2013-02-18,Exported,Turkey,EUROCOPTER-AS350B3,4441,2008,"2250,0",2013-06-15,2008-06-16,1,Senast registrerad ägare,504488.0,Scandinavian Helicopter Group AB,Box 24124 400 22 GÖTEBORG Sweden,2011-05-16
SE-HJI,2008-06-27,Exported,United Kingdom,EUROCOPTER-AS350B3,4454,2008,"2250,0",2009-06-08,2008-06-09,1,Senast registrerad ägare,504488.0,Scandinavian Helicopter Group AB,Box 24124 400 22 GÖTEBORG Sweden,2008-06-09
SE-HJJ,2016-07-28,Exported,United States of America,BELL-206B,3878,1985,"1451,0",,2016-06-01,1,Senast registrerad ägare,500012.0,HeliAir Sweden AB,Lycksta Gård 1 725 94 VÄSTERÅS Sweden,2016-06-01
SE-HJL,2015-10-08,Exported,United Kingdom,EUROCOPTER-AS350B2,4474,2008,"2250,0",2016-06-03,2012-09-20,1,Senast registrerad ägare,505058.0,Barken Timmer AB,Bergsmansvägen 19 777 93 SÖDERBÄRKE Sweden,2012-09-20
SE-HJM,2008-06-25,Exported,Ireland,EUROCOPTER-EC120B,1550,2008,"1715,0",2009-06-30,2008-06-10,1,Senast registrerad ägare,505038.0,Northwestern Helicopters AB,Sweden,2008-06-23
SE-HJO,,,,ROBINSON-R22 BETA,4277,2008,"621,0",2026-08-24,2008-08-19,1,Registrerad ägare,500762.0,Svensk Pilotutbildning AB,Säve Flygplatsväg 16 423 73 Säve Sweden,2016-11-23
SE-HJP,,,,EUROCOPTER-AS350B3,4648,2008,"2250,0",2027-02-16,2009-02-05,1,Registrerad ägare,500029.0,Fiskflyg AB,Strömgatan 43 982 60 Porjus Sweden,2009-03-03
SE-HJR,2015-09-01,Exported,France,CABRI-G2,1011,2010,"700,0",2016-05-26,2010-05-27,1,Senast registrerad ägare,505055.0,Northern Helicopters AB,Säve Flygplatsväg 40 423 73 SÄVE Sweden,2010-11-04
SE-HJS,2010-01-05,Exported,Ukraine,EUROCOPTER-AS350B2,4680,2008,"2250,0",2010-11-03,2009-11-04,1,Senast registrerad ägare,505038.0,Northwestern Helicopters AB,Sweden,2009-11-04
SE-HJT,2010-03-10,Exported,France,EUROCOPTER-EC120B,1530,2008,"1715,0",2011-04-29,2008-03-20,1,Senast registrerad ägare,503693.0,"Nordea Finance Equipment AS, Sverige filial",L848 105 71  STOCKHOLM Sweden,2008-03-20
SE-HJU,2011-08-18,Exported,Austria,EUROCOPTER-AS350B3,4750,2009,"2250,0",2012-02-24,2009-07-02,1,Senast registrerad ägare,504488.0,Scandinavian Helicopter Group AB,Box 24124 400 22 GÖTEBORG Sweden,2011-07-06
SE-HJV,2024-04-04,Exported,Spain,EUROCOPTER-AS350B3,4726,2009,"2250,0",2024-07-07,2009-06-26,1,Senast registrerad ägare,533726.0,AB Skogsflyg Cassel Aero,Berge 102 872 98 NORASTRÖM Sweden,2022-03-08
SE-HJX,,,,AIRBUS HELICOPTERS-AS350B3,9401,2023,"2250,0",2027-06-11,2023-05-31,1,Registrerad ägare,500076.0,Kallax Flyg AB,Vargbackenvägen 1 942 94 Sikfors Sweden,2023-06-02
SE-HJY,2009-02-24,Exported,Ireland,EUROCOPTER-AS350B2,4625,2008,"2250,0",2009-12-19,2008-12-19,1,Senast registrerad ägare,505038.0,Northwestern Helicopters AB,Sweden,2009-01-09
SE-HJZ,,,,EUROCOPTER-EC130B4,3903,2005,"2427,0",2027-04-15,2016-01-25,1,Registrerad ägare,500242.0,Arlanda Helicopter AB,Sjövillan Hus 208 111 49 Stockholm Sweden,2024-06-19
SE-HKA,,,,ENSTROM-280C,1184,1979,"1065,0",2017-09-06,1979-12-19,1,,,,,
SE-HKB,1988-07-27,Exported,United Kingdom,HUGHES-269C,300007,1970,"860,0",,1980-08-18,1,Senast registrerad ägare,504338.0,Heli AB,Malmskogen 58272 LINKÖPING Sweden,1987-02-18
SE-HKC,,,,BELL-206L1,45321,1979,"1837,0",2026-06-28,1980-02-19,1,Registrerad ägare,702873.0,Tvättbjörnen Helikopter AB,Björneborgsgatan 41 854 60 Sundsvall Sweden,2024-05-30
SE-HKD,1984-06-29,Exported,Denmark,BELL-206B,2828,1979,"1451,0",,1980-01-24,1,Senast registrerad ägare,502776.0,Jtl Helikopterflyg AB,Villa Fortuna 23200 ARLÖV Sweden,1981-12-14
SE-HKE,1993-09-16,Total write-off,,AGUSTA BELL-AB206B,8566,1978,"1450,0",,1980-01-24,1,Senast registrerad ägare,504649.0,HR Helicopter Operation AB,Säve Flygplatsväg 38 423 73 SÄVE Sweden,1992-07-02
SE-HKF,2011-03-01,Exported,Norway,HUGHES-269C,890821,1979,"930,0",2009-04-17,1979-10-26,2,,,,,
SE-HKH,1990-01-26,Scrapped,,AEROSPATIALE-AS350B,1202,1979,"1950,0",,1980-03-06,1,Senast registrerad ägare,500145.0,SMA Helicopter Rescue AB,,1980-03-06
SE-HKI,2007-01-16,Non-airworthy,,HILLER-UH12B,743,1955,"1135,0",1990-06-30,1980-01-17,3,,,,,
SE-HKK,,,,AGUSTA BELL-AB206B,8603,1980,"1450,0",2027-06-18,1992-02-20,1,Registrerad ägare,500468.0,Arctic Air AB,Vuoggatjålme 952 938 97 Arjeplog Sweden,0001-01-01
SE-HKL,,,,ENSTROM-280C,1134,1978,"1080,0",,1980-04-18,1,,,,,
SE-HKM,2002-04-05,Scrapped,,HUGHES-269C,1290873,1979,"930,0",,1980-01-30,1,Senast registrerad ägare,503821.0,Heliflyg AB,Klippan 1 C 414 51 GÖTEBORG Sweden,1980-01-30
SE-HKN,1990-03-01,Exported,Germany,HUGHES-269C,1290874,1979,"930,0",,1980-02-18,1,Senast registrerad ägare,503821.0,Heliflyg AB,Klippan 1 C 414 51 GÖTEBORG Sweden,1980-02-18
SE-HKP,,,,BELL-206B,2987,1980,"1451,0",2027-03-30,1990-11-16,1,,,,,
SE-HKR,,,,BELL-206L1,45444,1980,"1837,0",2027-06-07,1980-06-13,1,Registrerad ägare,500232.0,Roslagens Helikopterflyg AB,Sikvägen 761 41 Norrtälje Sweden,2020-03-17
SE-HKS,1983-11-24,Total write-off,,AGUSTA BELL-AB204B,3230,1971,"3855,0",,1980-05-19,1,Senast registrerad ägare,504126.0,Flygcentrum Skolflyg Fsab,Flygplatsen 896 91 HUSUM Sweden,1980-05-19
SE-HKU,1984-01-11,Total write-off,,BELL-205A1,30303,1979,"4310,0",,1980-05-07,1,Senast registrerad ägare,503821.0,Heliflyg AB,Klippan 1 C 414 51 GÖTEBORG Sweden,1980-05-07
SE-HKV,1993-10-25,Destroyed,,HUGHES-369D,300690D,1980,"1360,0",,1980-05-20,1,Senast registrerad ägare,504081.0,Laroy Flyg AB,Box 24124 400 22 GÖTEBORG Sweden,1983-12-16
SE-HKX,1983-05-10,Exported,Germany,ENSTROM-280C,1189,1980,"1065,0",,1980-09-04,1,Senast registrerad ägare,500119.0,Patria Helicopters AB,Box 116 190 46 Stockholm-Arlanda Sweden,1980-09-04
SE-HLA,2002-01-16,Exported,Finland,HUGHES-369D,500718D,1980,"1360,0",,1999-03-02,1,Senast registrerad ägare,500096.0,Malmskogens Aerocenter AB,Mörnersgatan 4 18 582 25 Linköping Sweden,2001-05-21
SE-HLD,1989-05-12,Exported,Canada,BELL-206L1,45537,1980,"1837,0",,1982-04-16,1,Senast registrerad ägare,504488.0,Scandinavian Helicopter Group AB,Box 24124 400 22 GÖTEBORG Sweden,1988-09-09
SE-HLE,2001-08-16,Exported,Norway,BELL-214B1,28054,1980,"5670,0",,1999-03-10,1,Senast registrerad ägare,503821.0,Heliflyg AB,Klippan 1 C 414 51 GÖTEBORG Sweden,1999-10-08
SE-HLF,1989-03-01,Exported,Germany,HUGHES-269C,900970,1980,"930,0",,1981-01-08,1,Senast registrerad ägare,503821.0,Heliflyg AB,Klippan 1 C 414 51 GÖTEBORG Sweden,1982-03-17
SE-HLG,1989-03-01,Exported,,HUGHES-269C,1100990,1980,"930,0",,1981-02-04,1,Senast registrerad ägare,504112.0,Jämtlands Aero AB,Box 453 831 26 Östersund Sweden,1984-02-06
SE-HLH,1986-06-19,Exported,Norway,HUGHES-269C,1100991,1980,"930,0",,1986-06-10,1,Senast registrerad ägare,503740.0,Saab Helikopter AB,Box 326 61127 NYKÖPING Sweden,1986-06-10
SE-HLI,2007-07-20,Exported,United States of America,HUGHES-369D,1200879D,1980,"1360,0",,1981-02-10,1,Senast registrerad ägare,500096.0,Malmskogens Aerocenter AB,Mörnersgatan 4 18 582 25 Linköping Sweden,2006-09-05
SE-HLK,,,,AGUSTA BELL-AB206B,8047,1968,"1360,0",2027-07-01,1992-07-02,1,Registrerad ägare,525109.0,Stav Aviation AB,Stav 8 153 92 HÖLÖ Sweden,2012-09-20
SE-HLL,1984-06-14,Exported,Germany,BELL-206B,1104,1973,"1451,0",,1981-07-24,1,Senast registrerad ägare,503802.0,Hillerstorp Mekaniska Verkstad AB,Brogatan 19 330 33 HILLERSTORP Sweden,1982-08-10
SE-HLP,,,,HUGHES-369D,610986D,1981,"1360,0",,1981-09-22,1,,,,,
SE-HLR,2001-06-13,Exported,Germany,HUGHES-369D,510987D,1981,"1360,0",,1991-04-25,1,Senast registrerad ägare,504746.0,Polarhelikopter i Kiruna AB,Box 170 981 23 KIRUNA Sweden,1994-01-04
SE-HLS,2005-10-17,Scrapped,,AEROSPATIALE-SA360C,1016,1977,"3000,0",,1981-10-30,1,Senast registrerad ägare,500076.0,Kallax Flyg AB,Vargbackenvägen 1 942 94 Sikfors Sweden,2004-02-02
SE-HLT,1984-11-26,Exported,Norway,BELL-205A1,30056,1969,"4310,0",,1981-12-03,1,Senast registrerad ägare,503821.0,Heliflyg AB,Klippan 1 C 414 51 GÖTEBORG Sweden,1981-12-03
SE-HLX,1990-04-12,Scrapped,,AGUSTA BELL-AB206B,8292,1971,"1450,0",,1982-04-06,1,Senast registrerad ägare,500468.0,Arctic Air AB,Vuoggatjålme 952 938 97 Arjeplog Sweden,1986-12-11
SE-HLY,1982-11-26,Owners request,,AGUSTA BELL-AB206A,8176,1970,"1450,0",,1980-06-17,1,Senast registrerad ägare,502531.0,Försvarets Materielverk,115 88 STOCKHOLM Sweden,1980-06-17
SE-HLZ,1982-11-26,Owners request,,AGUSTA BELL-AB206A,8218,1970,"1450,0",,1980-06-17,1,Senast registrerad ägare,502531.0,Försvarets Materielverk,115 88 STOCKHOLM Sweden,1980-06-17
SE-HMB,1982-11-11,Exported,Norway,HUGHES-369D,911067D,1981,"1360,0",,1982-03-08,1,Senast registrerad ägare,501519.0,SAAB AB,581 88 Linköping Sweden,1982-03-08
SE-HMC,1998-07-22,Exported,Lithuania,HILLER-UH12B,735,1954,"1135,0",1997-06-30,1982-07-22,1,Senast registrerad ägare,504715.0,Auto Butler AB,Bromma Flygplats 168 67 BROMMA Sweden,1997-11-07
SE-HMD,1992-08-18,Exported,Germany,HILLER-UH12B,563,1953,"1135,0",1992-08-31,1982-11-22,1,,,,,
SE-HME,1982-10-05,Total write-off,,BELL-47G-3B-1,WAS 184,1967,"1338,0",1983-07-31,1982-07-07,1,Senast registrerad ägare,500472.0,Fjällflygarna i Arjeplog AB,Adolfström 158 938 93 LAISVALL Sweden,1982-07-07
SE-HMG,1984-07-25,Exported,Norway,HUGHES-269C,1083,1982,"930,0",,1982-08-27,1,Senast registrerad ägare,501519.0,SAAB AB,581 88 Linköping Sweden,1982-08-27
SE-HMI,1985-10-31,Exported,Portugal,HUGHES-269C,1084,1982,"930,0",,1982-10-13,1,Senast registrerad ägare,501519.0,SAAB AB,581 88 Linköping Sweden,1982-10-13
SE-HMK,,,,HUGHES-269C,460490,1976,"860,0",,1982-09-17,1,Registrerad ägare,504932.0,Laisviken Förvaltning AB,Box 2075 912 98 KLIMPFJÄLL Sweden,2011-04-13
SE-HML,1985-01-14,Exported,Norway,HILLER-UH12D,1222,1969,"1245,0",1984-09-30,1984-04-09,1,Senast registrerad ägare,504187.0,Gävle Affärsflyg AB,Box 520 80106 GÄVLE Sweden,1984-04-09
SE-HMM,,,,EUROCOPTER-AS350B2,1693,1983,"2250,0",2027-05-17,1983-04-11,1,Registrerad ägare,500076.0,Kallax Flyg AB,Vargbackenvägen 1 942 94 Sikfors Sweden,2014-04-02
SE-HMN,1983-05-19,Exported,Norway,HUGHES-369D,1187D,1982,"1360,0",,1983-03-31,1,Senast registrerad ägare,501519.0,SAAB AB,581 88 Linköping Sweden,1983-03-31
SE-HMO,,,,BELL-206L,46605,1978,"1812,0",2027-05-27,2002-01-25,1,Registrerad ägare,533464.0,Autotjänst-Laitis AB,Chaufförvägen 22 831 48 ÖSTERSUND Sweden,2015-05-28
SE-HMP,1998-12-29,Total write-off,,HUGHES-369D,1100843,1980,"1360,0",,1983-07-01,1,Senast registrerad ägare,500472.0,Fjällflygarna i Arjeplog AB,Adolfström 158 938 93 LAISVALL Sweden,1990-08-14
SE-HMR,1988-07-27,Exported,United Kingdom,HUGHES-269C,1040367,1974,"930,0",,1983-05-04,1,Senast registrerad ägare,504338.0,Heli AB,Malmskogen 58272 LINKÖPING Sweden,1987-02-18
SE-HMS,2001-03-21,Exported,Germany,BELL-205A1,30256,1977,"4309,0",,1983-07-07,1,Senast registrerad ägare,504532.0,B.sterner Trading AB,Stegesund 18599 VAXHOLM Sweden,1999-02-26
SE-HMT,2001-04-09,Exported,United States of America,BELL-205A1,30180,1975,"4309,0",,1983-04-22,1,Senast registrerad ägare,504532.0,B.sterner Trading AB,Stegesund 18599 VAXHOLM Sweden,1999-02-26
SE-HMU,1989-03-01,Exported,Germany,HUGHES-269C,390779,1979,"930,0",,1983-09-02,1,Senast registrerad ägare,503821.0,Heliflyg AB,Klippan 1 C 414 51 GÖTEBORG Sweden,1986-10-28
SE-HMV,1991-03-04,Total write-off,,AEROSPATIALE-AS350B,1626,1983,"1950,0",,1983-06-10,1,Senast registrerad ägare,503821.0,Heliflyg AB,Klippan 1 C 414 51 GÖTEBORG Sweden,1990-01-15
SE-HMX,1993-08-30,Exported,France,HUGHES-269C,1290869,1980,"930,0",,1983-06-17,1,Senast registrerad ägare,505340.0,Rcc-Helicopterschool HB,Sweden,1990-06-29
SE-HMY,,,,HUGHES-269C,1154,1983,"930,0",,1983-09-14,1,Registrerad ägare,504112.0,Jämtlands Aero AB,Box 453 831 26 Östersund Sweden,1984-11-15
SE-HMZ,1987-03-17,Destroyed,,BELL-205A1,4512,1973,"4310,0",,1984-03-09,1,Senast registrerad ägare,504488.0,Scandinavian Helicopter Group AB,Box 24124 400 22 GÖTEBORG Sweden,1984-07-02
SE-HNA,1985-04-29,Exported,Hungary,HUGHES-369E,015E,1983,"1360,0",,1983-10-03,1,Senast registrerad ägare,501519.0,SAAB AB,581 88 Linköping Sweden,1983-10-03
SE-HNB,2003-09-18,Total write-off,,HUGHES-269C,800036,1970,"860,0",,1983-11-03,1,Senast registrerad ägare,504676.0,Mogmac AB,Handöl 1187 830 15 DUVED Sweden,1999-08-18
SE-HNC,1990-02-27,Exported,Netherlands,HUGHES-269C,1100986,1980,"930,0",,1983-11-10,1,Senast registrerad ägare,504338.0,Heli AB,Malmskogen 58272 LINKÖPING Sweden,1987-02-18
SE-HND,2004-08-03,Total write-off,,HUGHES-269C,1155,1983,"930,0",,1983-12-01,1,Senast registrerad ägare,504488.0,Scandinavian Helicopter Group AB,Box 24124 400 22 GÖTEBORG Sweden,2004-01-02
SE-HNE,1986-11-14,Exported,Norway,BELL-206L1,45360,1980,"1837,0",,1986-09-04,1,Senast registrerad ägare,503832.0,Gullbyfors AB,59010 BOXHOLM Sweden,1984-03-16
SE-HNF,1993-08-13,Exported,Germany,AEROSPATIALE-AS350B,1737,1983,"1950,0",,1984-02-13,1,Senast registrerad ägare,503821.0,Heliflyg AB,Klippan 1 C 414 51 GÖTEBORG Sweden,1990-01-15
SE-HNG,1994-10-24,Owners request,,AEROSPATIALE-AS350B,1752,1984,"1950,0",,1984-05-11,1,Senast registrerad ägare,500145.0,SMA Helicopter Rescue AB,,1984-05-11
SE-HNH,1994-04-12,Exported,Hungary,HUGHES-269C,1170650,1977,"930,0",,1994-03-17,1,Senast registrerad ägare,503740.0,Saab Helikopter AB,Box 326 61127 NYKÖPING Sweden,1994-03-17
SE-HNI,1987-06-17,Exported,Finland,HUGHES-269C,700022,1970,"860,0",,1984-05-02,1,Senast registrerad ägare,504338.0,Heli AB,Malmskogen 58272 LINKÖPING Sweden,1987-02-18
SE-HNK,1990-04-26,Exported,Finland,HUGHES-269C,1270662,1977,"930,0",,1990-03-02,1,Senast registrerad ägare,503740.0,Saab Helikopter AB,Box 326 61127 NYKÖPING Sweden,1990-03-02
SE-HNL,2007-01-16,Non-airworthy,,HUGHES-369D,890557D,1979,"1360,0",,1984-05-14,1,Senast registrerad ägare,504257.0,Skyline Helikopter AB,Älvgatan 652 25 KARLSTAD Sweden,1984-05-14
SE-HNM,1990-05-03,Exported,Netherlands,HUGHES-269C,990822,1979,"930,0",,1984-09-17,1,Senast registrerad ägare,504174.0,Heli Parts AB,Malmskogen 58272 LINKÖPING Sweden,1990-02-19
SE-HNN,1988-06-14,Total write-off,,AEROSPATIALE-AS350B,1801,1984,"1900,0",,1985-02-22,1,Senast registrerad ägare,503821.0,Heliflyg AB,Klippan 1 C 414 51 GÖTEBORG Sweden,1985-02-22
SE-HNO,2012-05-31,Exported,Finland,HUGHES-369D,790543D,1979,"1360,0",2012-06-30,2005-06-14,1,Senast registrerad ägare,500012.0,HeliAir Sweden AB,Lycksta Gård 1 725 94 VÄSTERÅS Sweden,2011-10-10
SE-HNP,1998-04-16,Exported,Canada,AEROSPATIALE-AS350B,1816,1985,"1950,0",,1985-06-07,1,Senast registrerad ägare,500145.0,SMA Helicopter Rescue AB,,1985-06-07
SE-HNR,,,,ENSTROM-F28F,739,1985,"1180,0",2010-05-31,1985-08-14,1,Registrerad ägare,604883.0,Lindroths Maskinservice AB,Fabriksgatan 2 330 33 Hillerstorp Sweden,2020-03-09
SE-HNS,1989-02-01,Total write-off,,AEROSPATIALE-AS350B,1508,1981,"1950,0",,1985-01-09,1,Senast registrerad ägare,504334.0,Heli Suede AB,Box 30 Säve Kyrkväg 423 70 SÄVE Sweden,1989-01-31
SE-HNT,2000-05-31,Exported,Germany,HUGHES-369E,146E,1985,"1360,0",,1989-10-16,1,Senast registrerad ägare,504872.0,Lars-Anders AB,Björkvägen 10 920 64 TÄRNABY Sweden,1998-12-28
SE-HNU,2016-06-03,Owners request,,HILLER-UH12B,510,1952,"1135,0",1993-07-31,1985-07-29,1,,,,,
SE-HNV,1986-08-29,Exported,Norway,HUGHES-269C,S 1197,1985,"930,0",,1985-08-26,1,Senast registrerad ägare,503740.0,Saab Helikopter AB,Box 326 61127 NYKÖPING Sweden,1985-08-26
SE-HNX,1990-03-01,Exported,Germany,HUGHES-269C,960542,1976,"930,0",,1988-01-26,1,Senast registrerad ägare,503821.0,Heliflyg AB,Klippan 1 C 414 51 GÖTEBORG Sweden,1990-02-19
SE-HNY,1986-04-03,Exported,Norway,HUGHES-269C,1198,1985,"930,0",,1985-09-18,1,Senast registrerad ägare,503740.0,Saab Helikopter AB,Box 326 61127 NYKÖPING Sweden,1985-09-18
SE-HNZ,2006-06-16,Exported,United Kingdom,HUGHES-369E,0157E,1985,"1360,0",,1987-06-26,1,Senast registrerad ägare,500012.0,HeliAir Sweden AB,Lycksta Gård 1 725 94 VÄSTERÅS Sweden,1988-03-29
SE-HOA,1984-08-17,Exported,United Kingdom,ROBINSON-R22,0066,1980,"590,0",,1980-12-18,1,Senast registrerad ägare,500119.0,Patria Helicopters AB,Box 116 190 46 Stockholm-Arlanda Sweden,1980-12-18
SE-HOB,1985-07-19,Exported,United Kingdom,ROBINSON-R22,0067,1980,"590,0",,1980-12-18,1,Senast registrerad ägare,503908.0,Fenix Outdoor AB,Box 209 89125 ÖRNSKÖLDSVIK Sweden,1982-03-29
SE-HOC,1983-10-05,Exported,Finland,ROBINSON-R22,0068,1980,"590,0",,1980-12-18,1,Senast registrerad ägare,504488.0,Scandinavian Helicopter Group AB,Box 24124 400 22 GÖTEBORG Sweden,1981-02-25
SE-HOD,1983-06-29,Exported,Germany,ROBINSON-R22,0126,1981,"590,0",,1981-05-13,1,Senast registrerad ägare,500119.0,Patria Helicopters AB,Box 116 190 46 Stockholm-Arlanda Sweden,1981-05-13
SE-HOE,1986-10-16,Total write-off,,ROBINSON-R22,0127,1981,"590,0",,1981-06-02,1,Senast registrerad ägare,503908.0,Fenix Outdoor AB,Box 209 89125 ÖRNSKÖLDSVIK Sweden,1982-03-29
SE-HOH,1983-04-14,Exported,Finland,ROBINSON-R22,0131,1981,"590,0",,1981-07-13,1,Senast registrerad ägare,500119.0,Patria Helicopters AB,Box 116 190 46 Stockholm-Arlanda Sweden,1981-07-13
SE-HOJ,2014-10-24,Exported,United States of America,SIKORSKY-S76C,760605,2005,"5307,0",2015-02-01,2006-05-17,1,Senast registrerad ägare,500145.0,SMA Helicopter Rescue AB,,2006-05-17
SE-HOK,,,,BELL-206B,1693,1975,"1451,0",2027-05-20,1987-06-23,1,Registrerad ägare,500232.0,Roslagens Helikopterflyg AB,Sikvägen 761 41 Norrtälje Sweden,2011-12-20
SE-HOL,1994-06-01,Exported,Denmark,BELL-206L,45014,1975,"1812,0",,1993-12-28,1,Senast registrerad ägare,500119.0,Patria Helicopters AB,Box 116 190 46 Stockholm-Arlanda Sweden,1986-01-08
SE-HOM,,,,BELL-206B,2394,1978,"1451,0",2026-12-31,1987-05-08,1,Registrerad ägare,500029.0,Fiskflyg AB,Strömgatan 43 982 60 Porjus Sweden,1987-05-08
SE-HON,,,,BELL-206B,1593,1975,"1451,0",2027-02-26,2004-01-30,1,Registrerad ägare,500232.0,Roslagens Helikopterflyg AB,Sikvägen 761 41 Norrtälje Sweden,2008-07-14
SE-HOO,2007-01-16,Non-airworthy,,ENSTROM-280C,1056,1976,"1065,0",,1987-11-04,1,Senast registrerad ägare,504606.0,Björnerud Gård AB,Björnerud 462 69 FRÄNDEFORS Sweden,1991-06-11
SE-HOP,1994-07-26,Exported,Canada,BELL-206L,45085,1977,"1812,0",,1988-07-05,1,Senast registrerad ägare,504537.0,Rotor Konsult i Borlänge AB,Skärsjö 13 781 93 BORLÄNGE Sweden,1994-07-06
SE-HOR,1997-09-26,Exported,Papua New Guinea,BELL-206L3,51012,1982,"1882,0",,1995-06-29,1,Senast registrerad ägare,500119.0,Patria Helicopters AB,Box 116 190 46 Stockholm-Arlanda Sweden,1995-06-29
SE-HOT,2007-01-16,Non-airworthy,,AGUSTA BELL-AB206B,8094,1968,"1450,0",,1989-01-03,1,Senast registrerad ägare,500119.0,Patria Helicopters AB,Box 116 190 46 Stockholm-Arlanda Sweden,1989-01-03
SE-HOU,1991-10-02,Exported,United States of America,BELL-222U,47548,1986,"3740,0",,1986-05-28,1,Senast registrerad ägare,500119.0,Patria Helicopters AB,Box 116 190 46 Stockholm-Arlanda Sweden,1986-05-28
SE-HOV,1987-02-09,Exported,Albania,BELL-222U,47555,1986,"3740,0",,1986-11-18,1,Senast registrerad ägare,500119.0,Patria Helicopters AB,Box 116 190 46 Stockholm-Arlanda Sweden,1986-11-18
SE-HOX,1990-06-01,Exported,Finland,BELL-206B,1494,1974,"1451,0",,1987-08-27,1,Senast registrerad ägare,500119.0,Patria Helicopters AB,Box 116 190 46 Stockholm-Arlanda Sweden,1990-06-01
SE-HOY,,,,ENSTROM-280C,1064,1977,"1065,0",2012-06-01,1989-03-07,1,,,,,
SE-HOZ,2022-03-28,Exported,Spain,BELL-206B,1827,1975,"1451,0",2022-07-26,1988-05-25,1,Senast registrerad ägare,674217.0,ITELL TELCOM MARBELLA S.L.,"Avda. Ricardo Soriano, nº68Edf. Horizonte Este, Local 7 ES-29601 MARBELLA Spain",2022-03-11
SE-HPA,,,,AGUSTA BELL-47G-4,2511,1966,"1340,0",2027-07-31,1966-02-04,1,,,,,
SE-HPB,1995-03-02,Exported,New Zealand,AGUSTA BELL-AB206B,8002,1967,"1450,0",,1989-04-03,1,Senast registrerad ägare,504537.0,Rotor Konsult i Borlänge AB,Skärsjö 13 781 93 BORLÄNGE Sweden,1994-11-25
SE-HPD,1986-07-14,Exported,Germany,AGUSTA BELL-AB206B,8020,1967,"1450,0",,1967-12-01,1,Senast registrerad ägare,503821.0,Heliflyg AB,Klippan 1 C 414 51 GÖTEBORG Sweden,1967-12-01
SE-HPE,,,,AGUSTA BELL-47G-4,2523,1968,"1340,0",2027-07-09,2000-02-03,3,,,,,
SE-HPF,,,,ROBINSON-R44II,11782,2007,"1134,0",2027-05-19,2026-06-24,1,Registrerad ägare,747785.0,PUF Holding AB,Gränsbovägen 6 152 42 Södertälje Sweden,2026-06-24
SE-HPG,,,,BELL-47G-5A,25081,1972,"1295,0",2006-10-31,1972-06-19,1,Registrerad ägare,500501.0,Polismyndigheten,Box 12256 102 26 Stockholm Sweden,1972-06-19
SE-HPH,2005-09-12,Total write-off,,BELL-206B,1005,1973,"1451,0",,1973-07-11,1,Senast registrerad ägare,500501.0,Polismyndigheten,Box 12256 102 26 Stockholm Sweden,1986-06-23
SE-HPI,1983-10-12,Exported,Finland,BELL-206B,1007,1973,"1451,0",,1973-07-13,1,Senast registrerad ägare,500119.0,Patria Helicopters AB,Box 116 190 46 Stockholm-Arlanda Sweden,1973-07-13
SE-HPJ,2008-05-14,Exported,"Venezuela, Bolivarian Republic of",MBB-BO-105S-CBS5,S762,1987,"2500,0",2008-11-30,2006-12-01,1,Senast registrerad ägare,504909.0,SWT Aero AB,Box 7092 170 07 SOLNA Sweden,2006-12-01
SE-HPK,,,,BELL-206B,1091,1973,"1451,0",2027-07-31,1973-09-05,1,Registrerad ägare,500501.0,Polismyndigheten,Box 12256 102 26 Stockholm Sweden,1980-07-30
SE-HPL,2007-01-16,Non-airworthy,,BELL-206L1,45212,1979,"1837,0",,1979-07-09,1,Senast registrerad ägare,500119.0,Patria Helicopters AB,Box 116 190 46 Stockholm-Arlanda Sweden,2001-07-10
SE-HPM,2020-04-27,Total write-off,,BELL-206L1,45425,1980,"1837,0",2019-10-14,1980-08-27,1,Senast registrerad ägare,599200.0,Alpine Helicopter Sweden AB,Strömsegatan 19 961 67 BODEN Sweden,2018-02-20
SE-HPN,,,,BELL-206L1,45320,1979,"1837,0",2027-06-26,1980-02-21,1,Registrerad ägare,500232.0,Roslagens Helikopterflyg AB,Sikvägen 761 41 Norrtälje Sweden,2008-09-25
SE-HPO,2006-11-21,Exported,United States of America,BELL-206L1,45533,1980,"1837,0",,1981-05-05,1,,,,,
SE-HPP,2003-05-16,Exported,Australia,BELL-206L1,45745,1982,"1837,0",,1982-12-07,1,Senast registrerad ägare,500501.0,Polismyndigheten,Box 12256 102 26 Stockholm Sweden,1993-09-22
SE-HPR,2002-03-08,Owners request,,EUROCOPTER-EC135P2,0189,2001,"2835,0",,2001-08-06,1,Senast registrerad ägare,500501.0,Polismyndigheten,Box 12256 102 26 Stockholm Sweden,2001-08-06
SE-HPS,2007-06-25,Destroyed,,EUROCOPTER-EC135P2,0203,2001,"2835,0",,2001-11-08,1,Senast registrerad ägare,500501.0,Polismyndigheten,Box 12256 102 26 Stockholm Sweden,2001-11-08
SE-HPT,2016-02-02,Exported,Germany,EUROCOPTER-EC135P2+,0207,2001,"2910,0",2017-01-13,2001-11-27,1,Senast registrerad ägare,500501.0,Polismyndigheten,Box 12256 102 26 Stockholm Sweden,2001-11-27
SE-HPU,2015-11-26,Exported,Germany,EUROCOPTER-EC135P2+,0225,2002,"2910,0",2016-11-05,2002-04-19,1,Senast registrerad ägare,500501.0,Polismyndigheten,Box 12256 102 26 Stockholm Sweden,2002-04-19
SE-HPV,2016-02-02,Exported,Germany,EUROCOPTER-EC135P2+,0237,2002,"2910,0",2017-01-13,2002-08-01,1,Senast registrerad ägare,500501.0,Polismyndigheten,Box 12256 102 26 Stockholm Sweden,2002-08-01
SE-HPX,2015-02-09,Exported,Germany,EUROCOPTER-EC135P2+,0240,2002,"2910,0",2016-01-22,2002-08-30,1,Senast registrerad ägare,500501.0,Polismyndigheten,Box 12256 102 26 Stockholm Sweden,2002-08-30
SE-HPY,2015-12-23,Exported,Germany,EUROCOPTER-EC135P2+,0265,2003,"2910,0",2016-12-10,2003-02-21,1,Senast registrerad ägare,500501.0,Polismyndigheten,Box 12256 102 26 Stockholm Sweden,2003-02-21
SE-HPZ,2015-12-23,Exported,Germany,EUROCOPTER-EC135P2+,0282,2003,"2910,0",2016-12-08,2003-05-21,1,Senast registrerad ägare,500501.0,Polismyndigheten,Box 12256 102 26 Stockholm Sweden,2003-05-21
SE-HRA,2004-11-17,Exported,Norway,AEROSPATIALE-SE3130,1268,1959,"1500,0",2002-08-31,1987-03-11,1,Senast registrerad ägare,500479.0,HeliNord Norden AB,Stenberg 101 891 96 Arnäsvall Sweden,2003-02-03
SE-HRB,1990-09-14,Exported,Norway,HUGHES-369E,0177E,1986,"1360,0",,1986-04-03,1,Senast registrerad ägare,503740.0,Saab Helikopter AB,Box 326 61127 NYKÖPING Sweden,1990-04-03
SE-HRC,2004-06-11,Exported,Norway,AEROSPATIALE-SE3130,1128,1957,"1500,0",2001-08-31,1986-06-24,1,Senast registrerad ägare,504748.0,Helikoptertjänst i Kittelfjäll AB,Storgatan 28 921 31 LYCKSELE Sweden,1997-05-15
SE-HRD,1987-03-18,Owners request,,BELL-206L,45058,1976,"1812,0",,1986-04-08,1,Senast registrerad ägare,504488.0,Scandinavian Helicopter Group AB,Box 24124 400 22 GÖTEBORG Sweden,1986-04-08
SE-HRE,2014-10-24,Destroyed,,BELL-206B,642,1971,"1451,0",,1986-06-13,1,Senast registrerad ägare,504553.0,Skokloster Service AB,Box 559 30 102 16 STOCKHOLM Sweden,1992-08-13
SE-HRF,,,,HUGHES-269C,360479,1976,"930,0",2015-06-16,1986-04-22,1,,,,,
SE-HRG,1987-02-09,Exported,Norway,HUGHES-269C,S1226,1986,"930,0",,1986-06-23,1,,,,,
SE-HRH,,,,HUGHES-269C,S 1227,1986,"930,0",2017-04-13,1992-04-13,1,Registrerad ägare,500468.0,Arctic Air AB,Vuoggatjålme 952 938 97 Arjeplog Sweden,2011-04-13
SE-HRI,1987-02-23,Exported,Norway,HUGHES-369D,1200883D,1980,"1360,0",,1986-03-26,1,Senast registrerad ägare,503740.0,Saab Helikopter AB,Box 326 61127 NYKÖPING Sweden,1987-02-18
SE-HRK,2013-05-16,Exported,United States of America,HUGHES-369D,1187D,1982,"1360,0",2011-05-31,1989-06-07,1,Senast registrerad ägare,500012.0,HeliAir Sweden AB,Lycksta Gård 1 725 94 VÄSTERÅS Sweden,2011-10-14
SE-HRL,1999-12-22,Exported,Norway,AGUSTA BELL-AB204B,3231,1971,"3875,0",,1986-09-09,1,Senast registrerad ägare,504532.0,B.sterner Trading AB,Stegesund 18599 VAXHOLM Sweden,1996-06-26
SE-HRM,2018-06-13,Scrapped,,BELL-206B,2323,1978,"1451,0",,1986-07-15,1,Senast registrerad ägare,500242.0,Arlanda Helicopter AB,Sjövillan Hus 208 111 49 Stockholm Sweden,1999-09-08
SE-HRO,2000-06-07,Exported,Norway,AEROSPATIALE-AS350BA,1533,1981,"1950,0",,1986-07-24,1,Senast registrerad ägare,504624.0,Sven Kahlbäck Entreprenad AB,Ope 2551 83192 ÖSTERSUND Sweden,1998-08-25
SE-HRP,2015-02-12,Exported,France,HUGHES-269C,1237,1986,"930,0",2015-03-11,1986-11-07,1,Senast registrerad ägare,505055.0,Northern Helicopters AB,Säve Flygplatsväg 40 423 73 SÄVE Sweden,2009-08-27
SE-HRR,1990-02-06,Destroyed,,AEROSPATIALE-AS350B,1395,1980,"1950,0",,1987-02-23,1,Senast registrerad ägare,500145.0,SMA Helicopter Rescue AB,,1987-02-23
SE-HRS,1994-02-03,Exported,United Kingdom,AEROSPATIALE-AS350B1,1991,1987,"2200,0",,1987-04-10,1,Senast registrerad ägare,504352.0,Hammar Helikopterservice AB,Heliumgatan 43130 MÖLNDAL Sweden,1987-04-29
SE-HRT,1988-08-01,Exported,Norway,AEROSPATIALE-AS350B1,2020,1987,"1950,0",,1987-07-03,1,Senast registrerad ägare,503772.0,Saab Nyge Aero AB,Box 321 611 27 NYKÖPING Sweden,1987-07-03
SE-HRU,1992-08-28,Exported,United Kingdom,EUROCOPTER-AS350B2,2664,1992,"2250,0",,1992-08-05,1,Senast registrerad ägare,503772.0,Saab Nyge Aero AB,Box 321 611 27 NYKÖPING Sweden,1992-08-05
SE-HRV,2009-12-17,Exported,Russian Federation,AEROSPATIALE-SA316B,1227,1964,"2200,0",2010-06-30,2005-06-22,1,Senast registrerad ägare,500479.0,HeliNord Norden AB,Stenberg 101 891 96 Arnäsvall Sweden,2005-07-04
SE-HRX,1998-06-30,Exported,Norway,AEROSPATIALE-SA315B,2578,1980,"1950,0",,1998-01-16,1,Senast registrerad ägare,503828.0,AB Peractio,Västanå 104 896 91 HUSUM Sweden,1987-02-09
SE-HRY,1995-01-23,Exported,New Zealand,BELL-206L,45056,1976,"1812,0",,1987-05-05,1,,,,,
SE-HRZ,1989-01-25,Exported,Germany,HUGHES-369D,790538D,1979,"1360,0",,1987-03-13,1,Senast registrerad ägare,504257.0,Skyline Helikopter AB,Älvgatan 652 25 KARLSTAD Sweden,1987-03-13
SE-HSA,1994-04-14,Exported,Netherlands,BELL-206L,45103,1977,"1812,0",,1987-07-17,1,Senast registrerad ägare,505328.0,Helicopter Arrangemang Bell HB,Ringvägshamnen 7 13335 SALTSJÖBADEN Sweden,1990-11-20
SE-HSB,,,,SCHWEIZER-269C,S1262,1987,"928,0",2013-09-01,1987-04-03,1,Registrerad ägare,505066.0,Norr Helikopter i Vilhelmina AB,Volgsjövägen 31 912 32 VILHELMINA Sweden,2021-08-25
SE-HSC,2002-12-17,Exported,Italy,SCHWEIZER-269C,S1263,1987,"930,0",,1998-03-10,1,Senast registrerad ägare,504873.0,Rehnström Aero AB,Essingetorget 39 112 66 STOCKHOLM Sweden,1998-03-10
SE-HSD,1993-10-21,Exported,United States of America,HUGHES-369HE,1090201E,1969,"1155,0",,1987-03-26,1,Senast registrerad ägare,503821.0,Heliflyg AB,Klippan 1 C 414 51 GÖTEBORG Sweden,1990-01-15
SE-HSE,1994-04-29,Exported,Finland,BELL-206B,2454,1978,"1451,0",,1987-07-30,1,Senast registrerad ägare,500119.0,Patria Helicopters AB,Box 116 190 46 Stockholm-Arlanda Sweden,1991-05-28
SE-HSF,2001-07-31,Exported,France,BELL-222,47040,1980,"3561,0",,2000-07-11,1,Senast registrerad ägare,503279.0,S.A.R.L. Helissy,68 Bis Boulevard Pereire FR-750 17 Paris France,2000-07-11
SE-HSG,2011-08-22,Exported,Russian Federation,MBB-BO105C-CB,439,1980,"2400,0",2012-03-01,1987-05-14,1,Senast registrerad ägare,500251.0,Westhelicopter AB,Nordkalottvägen 14 972 54 Luleå Sweden,2008-08-25
SE-HSH,1997-09-02,Exported,United States of America,BELL-206L,45099,1977,"1812,0",,1987-07-13,1,Senast registrerad ägare,503908.0,Fenix Outdoor AB,Box 209 89125 ÖRNSKÖLDSVIK Sweden,1995-09-19
SE-HSI,2007-11-20,Total write-off,,HUGHES-369D,811041D,1981,"1360,0",,1995-05-22,1,Senast registrerad ägare,500096.0,Malmskogens Aerocenter AB,Mörnersgatan 4 18 582 25 Linköping Sweden,2005-06-01
SE-HSK,1987-10-14,Exported,Norway,SCHWEIZER-269C,S 1278,1987,"930,0",,1987-07-23,1,Senast registrerad ägare,503740.0,Saab Helikopter AB,Box 326 61127 NYKÖPING Sweden,1987-07-23
SE-HSL,1988-01-19,Total write-off,,ROBINSON-R22,682M,1987,"622,0",,1987-09-23,1,Senast registrerad ägare,504240.0,Helicopterbolaget I Mälardalen AB,Hangar 4 Bromma Flygplats 168 67 BROMMA Sweden,1987-09-23
SE-HSN,2003-08-14,Exported,Norway,MCDONNELL DOUGLAS-369E,0181E,1986,"1360,0",,1987-09-11,1,Senast registrerad ägare,503391.0,European Helicopter Center AS,Sandefjord Lufthavn NO-N-3241 SANDEFJORD Norway,2003-08-07
SE-HSO,1988-06-15,Exported,Finland,BELL-206L,45084,1977,"1812,0",,1988-02-29,1,Senast registrerad ägare,504348.0,Njurunda Lyft AB,Pl 7110 86000 NJURUNDA Sweden,1988-02-29
SE-HSP,1991-04-05,Exported,Norway,AEROSPATIALE-SA315B,2604,1981,"1950,0",,1991-04-04,1,Senast registrerad ägare,504334.0,Heli Suede AB,Box 30 Säve Kyrkväg 423 70 SÄVE Sweden,1991-04-04
SE-HSR,1992-03-24,Exported,Norway,MCDONNELL DOUGLAS-369E,0261E,1988,"1360,0",,1990-08-22,1,Senast registrerad ägare,503740.0,Saab Helikopter AB,Box 326 61127 NYKÖPING Sweden,1992-03-05
SE-HST,2022-10-10,Exported,United States of America,SCHWEIZER-269C,S1290,1987,"928,0",2016-07-19,1987-12-14,1,Senast registrerad ägare,527704.0,RR Bil & Maskinteknik HB,Tarsta Bäcktorpsgården 697 91 PÅLSBODA Sweden,2015-04-21
SE-HSU,2001-07-19,Exported,Hungary,SCHWEIZER-269C,1293,1987,"930,0",,1991-01-18,1,Senast registrerad ägare,503938.0,Skåneflyg AB,Snogeholm Karlsro 27593 SJÖBO Sweden,1998-06-22
SE-HSV,1998-01-22,Exported,United Kingdom,BELL-206L,45132,1977,"1812,0",,1988-01-14,1,Senast registrerad ägare,500481.0,Osterman Helicopter i Göteborg AB,Säve Flygplatsväg 38 423 73 Säve Sweden,1996-05-31
SE-HSX,1998-11-20,Exported,United States of America,BELL-205A1,30187,1975,"4309,0",,1988-05-17,1,Senast registrerad ägare,503821.0,Heliflyg AB,Klippan 1 C 414 51 GÖTEBORG Sweden,1988-05-17
SE-HSY,2018-08-16,Exported,United States of America,ENSTROM-280FX,2020,1988,"1180,0",2018-07-24,1988-06-16,1,Senast registrerad ägare,500232.0,Roslagens Helikopterflyg AB,Sikvägen 761 41 Norrtälje Sweden,2001-01-03
SE-HSZ,,,,ENSTROM-280C,1217,1980,"1065,0",,2000-05-15,1,,,,,
SE-HTA,1998-04-20,Exported,Finland,SCHWEIZER-269C,S1316,1988,"930,0",,1988-06-21,1,Senast registrerad ägare,504649.0,HR Helicopter Operation AB,Säve Flygplatsväg 38 423 73 SÄVE Sweden,1997-01-28
SE-HTB,1998-03-30,Exported,United Kingdom,SCHWEIZER-269C,S1317,1988,"930,0",,1988-06-21,1,Senast registrerad ägare,504649.0,HR Helicopter Operation AB,Säve Flygplatsväg 38 423 73 SÄVE Sweden,1997-01-28
SE-HTC,2007-01-16,Non-airworthy,,BELL-206B,3153,1980,"1451,0",,1988-08-26,1,Senast registrerad ägare,500468.0,Arctic Air AB,Vuoggatjålme 952 938 97 Arjeplog Sweden,1988-08-26
SE-HTD,1993-10-15,Exported,United States of America,HUGHES-369HS,230445,1973,"1155,0",,1989-10-19,1,Senast registrerad ägare,503821.0,Heliflyg AB,Klippan 1 C 414 51 GÖTEBORG Sweden,1993-10-14
SE-HTE,1993-10-15,Exported,United States of America,HUGHES-369HS,330454S,1973,"1155,0",,1989-05-09,1,Senast registrerad ägare,503821.0,Heliflyg AB,Klippan 1 C 414 51 GÖTEBORG Sweden,1993-10-14
SE-HTF,1993-10-15,Exported,United States of America,HUGHES-369HS,830505S,1973,"1155,0",,1989-06-27,1,Senast registrerad ägare,503821.0,Heliflyg AB,Klippan 1 C 414 51 GÖTEBORG Sweden,1993-10-14
SE-HTG,1992-02-17,Destroyed,,HUGHES-369HS,1030527,1973,"1155,0",,1989-05-09,1,Senast registrerad ägare,504112.0,Jämtlands Aero AB,Box 453 831 26 Östersund Sweden,1989-05-09
SE-HTH,,,,AEROSPATIALE-SA316B,1836,1971,"2200,0",2015-04-18,2000-05-25,1,Registrerad ägare,500479.0,HeliNord Norden AB,Stenberg 101 891 96 Arnäsvall Sweden,2007-11-27
SE-HTI,1990-08-10,Exported,United Kingdom,BELL-206B,3955,1987,"1451,0",,1988-11-11,1,Senast registrerad ägare,504423.0,Eskil Holmgrens Bil AB,Box 31 182 05 DJURSHOLM Sweden,1990-01-23
SE-HTK,1999-07-23,Exported,United Kingdom,BELL-206L,45091,1977,"1812,0",,1988-12-07,1,Senast registrerad ägare,504301.0,Båsab AB,Foghammarsvägen 49 747 30 ALUNDA Sweden,1999-07-23
SE-HTL,1994-08-11,Exported,Canada,BELL-206L,45139,1977,"1812,0",,1989-01-30,1,Senast registrerad ägare,500242.0,Arlanda Helicopter AB,Sjövillan Hus 208 111 49 Stockholm Sweden,1992-04-01
SE-HTM,1989-04-27,Exported,Norway,MCDONNELL DOUGLAS-369E,0316E,1988,"1995,0",,1989-03-30,1,Senast registrerad ägare,503740.0,Saab Helikopter AB,Box 326 61127 NYKÖPING Sweden,1989-03-30
SE-HTN,1990-11-19,Exported,United States of America,BELL-222,47061,1980,"3780,0",,1989-03-08,1,Senast registrerad ägare,502980.0,Skylift A/S,Jarlsberg Flyplass NO-N-3100 TÖNSBERG Norway,1989-03-08
SE-HTO,1989-09-28,Exported,Finland,SCHWEIZER-269C,S1352,1988,"930,0",,1989-03-14,1,Senast registrerad ägare,503740.0,Saab Helikopter AB,Box 326 61127 NYKÖPING Sweden,1989-03-14
SE-HTP,,,,BELL-206B,1717,1975,"1451,0",2026-08-14,1989-10-17,1,,,,,
SE-HTR,,,,BELL-206L1,45395,1980,"1837,0",2026-10-24,1989-05-11,1,Registrerad ägare,500468.0,Arctic Air AB,Vuoggatjålme 952 938 97 Arjeplog Sweden,2015-02-11
SE-HTS,1994-08-04,Exported,Norway,AEROSPATIALE-AS350B,1849,1985,"1950,0",,1989-07-06,1,Senast registrerad ägare,504491.0,Linjalen I Växjö AB,Bäckgatan 10 35231 VÄXJÖ Sweden,1990-04-20
SE-HTT,1998-06-17,Exported,Australia,BELL-206B,3048,1980,"1451,0",,1988-05-03,1,Senast registrerad ägare,504649.0,HR Helicopter Operation AB,Säve Flygplatsväg 38 423 73 SÄVE Sweden,1998-06-15
SE-HTU,,,,SCHWEIZER-269C,S1353,1988,"928,0",2026-08-30,1989-06-13,1,Registrerad ägare,500468.0,Arctic Air AB,Vuoggatjålme 952 938 97 Arjeplog Sweden,2011-04-13
SE-HTV,,,,BELL-206B,4049,1989,"1451,0",2027-07-13,1989-09-26,1,Registrerad ägare,500468.0,Arctic Air AB,Vuoggatjålme 952 938 97 Arjeplog Sweden,2018-07-13
SE-HTX,1992-06-15,Exported,France,AEROSPATIALE-AS350B1,2017,1987,"2200,0",,1989-05-19,1,Senast registrerad ägare,504488.0,Scandinavian Helicopter Group AB,Box 24124 400 22 GÖTEBORG Sweden,1989-05-19
SE-HTZ,1996-04-10,Total write-off,,HUGHES-369HS,1020421 S,1972,"1155,0",,1995-02-02,1,Senast registrerad ägare,505380.0,Assist Air I Växjö HB,Box 3268 35043 VÄXJÖ Sweden,1995-09-11
SE-HUA,2001-08-22,Destroyed,,ROBINSON-R44,028,1993,"1088,0",,2000-05-25,1,Senast registrerad ägare,500144.0,Helicopter Assistance-Heli Romance AB,Bromma Flygplats 168 67 Bromma Sweden,2000-12-14
SE-HUB,,,,BELL-206L3,51304,1989,"1882,0",2027-01-11,1989-12-13,1,Registrerad ägare,500012.0,HeliAir Sweden AB,Lycksta Gård 1 725 94 VÄSTERÅS Sweden,2025-12-23
SE-HUC,,,,BELL-206L3,51310,1989,"1882,0",2026-06-19,2025-07-15,1,Registrerad ägare,500468.0,Arctic Air AB,Vuoggatjålme 952 938 97 Arjeplog Sweden,2025-07-15
SE-HUD,1993-10-22,Exported,Canada,BELL-206L,45019,1975,"1812,0",,1989-11-20,1,Senast registrerad ägare,504751.0,Bodens Helikopterflyg AB,Gröngatan 5 96145 BODEN Sweden,1993-06-23
SE-HUE,,,,BELL-206L,45009,1976,"1812,0",2012-09-23,1999-01-22,1,Registrerad ägare,503882.0,ProBike Scandinavia AB,Box 2965 187 29 TÄBY Sweden,1999-01-22
SE-HUF,2000-09-18,Exported,Turkey,BELL-206L3,51348,1990,"1882,0",,1994-05-05,1,,,,,
SE-HUG,1991-10-11,Exported,United Kingdom,BELL-206B,4100,1990,"1451,0",,1990-06-06,1,Senast registrerad ägare,504537.0,Rotor Konsult i Borlänge AB,Skärsjö 13 781 93 BORLÄNGE Sweden,1991-10-11
SE-HUH,1991-04-18,Exported,Switzerland,BELL-206B,3067,1980,"1451,0",,1990-01-24,1,Senast registrerad ägare,500119.0,Patria Helicopters AB,Box 116 190 46 Stockholm-Arlanda Sweden,1990-01-24
SE-HUI,2020-09-16,Exported,New Zealand,ENSTROM-280C,1033,1976,"1065,0",2021-04-09,1989-08-07,1,Senast registrerad ägare,532613.0,Helikopterflyg i Umeå AB,Bodviksvägen 13 913 42 OBBOLA Sweden,2014-05-16
SE-HUJ,2018-08-07,Exported,South Africa,BELL-UH1H,70-16299,1970,"4300,0",2017-05-31,2008-10-21,1,Senast registrerad ägare,500232.0,Roslagens Helikopterflyg AB,Sikvägen 761 41 Norrtälje Sweden,2016-02-19
SE-HUK,,,,ENSTROM-F28C,459,1979,"1065,0",2012-11-30,1990-01-31,1,Registrerad ägare,500232.0,Roslagens Helikopterflyg AB,Sikvägen 761 41 Norrtälje Sweden,2002-05-16
SE-HUM,2006-10-09,Exported,United States of America,AEROSPATIALE-SA318C,2189,1970,"1650,0",,1992-10-29,1,,,,,
SE-HUN,2012-10-10,Total write-off,,EUROCOPTER-SA342J,1095,1974,"1900,0",,2003-01-23,1,Senast registrerad ägare,503501.0,Odin Chopper ApS,Frederiksgade 21 1st Floor DK-1265 COPENHAGEN K Denmark,2007-05-03
SE-HUO,2002-01-16,Exported,Finland,AEROSPATIALE-AS350B,1867,1985,"1950,0",,1989-07-24,1,Senast registrerad ägare,503319.0,Wintertestcenter Oy,Olostunturi FI-SF-99300 Muonio Finland,2001-04-30
SE-HUP,2005-11-07,Exported,Austria,SCHWEIZER-269C,S1356,1989,"930,0",,1989-09-21,1,Senast registrerad ägare,504537.0,Rotor Konsult i Borlänge AB,Skärsjö 13 781 93 BORLÄNGE Sweden,2004-07-05
SE-HUR,1993-10-21,Exported,United States of America,HUGHES-369HS,340580S,1974,"1155,0",,1989-11-16,1,Senast registrerad ägare,503821.0,Heliflyg AB,Klippan 1 C 414 51 GÖTEBORG Sweden,1990-03-12
SE-HUS,1995-07-19,Exported,Monaco,AEROSPATIALE-AS350B1,2253,1989,"2200,0",,1989-11-02,1,Senast registrerad ägare,504550.0,Jannair AB I Konkurs,Sweden,1995-07-04
SE-HUT,1992-10-02,Exported,Norway,AEROSPATIALE-AS350B1,1966,1986,"2200,0",,1989-12-21,1,Senast registrerad ägare,504488.0,Scandinavian Helicopter Group AB,Box 24124 400 22 GÖTEBORG Sweden,1991-09-15
SE-HUU,2017-08-22,Exported,New Zealand,HUGHES-369D,1090594D,1979,"1360,0",2017-11-18,1989-11-29,1,Senast registrerad ägare,500012.0,HeliAir Sweden AB,Lycksta Gård 1 725 94 VÄSTERÅS Sweden,2011-10-10
SE-HUV,1992-07-01,Exported,Germany,AEROSPATIALE-AS350B,1749,1984,"1950,0",,1989-06-21,1,,,,,
SE-HUX,1990-01-03,Exported,Italy,HUGHES-369HS,250709S,1975,"1155,0",,1989-12-01,1,Senast registrerad ägare,504174.0,Heli Parts AB,Malmskogen 58272 LINKÖPING Sweden,1989-12-01
SE-HUY,1990-03-20,Exported,Finland,SCHWEIZER-269C,1277,1987,"930,0",,1990-01-11,1,Senast registrerad ägare,503740.0,Saab Helikopter AB,Box 326 61127 NYKÖPING Sweden,1990-01-11
SE-HUZ,1993-10-21,Exported,United States of America,HUGHES-369HS,1150780S,1976,"1155,0",,1990-03-05,1,Senast registrerad ägare,503821.0,Heliflyg AB,Klippan 1 C 414 51 GÖTEBORG Sweden,1990-09-13
SE-HVA,2007-01-16,Non-airworthy,,HUGHES-369HS,610323S,1971,"1155,0",,1990-01-30,1,Senast registrerad ägare,500481.0,Osterman Helicopter i Göteborg AB,Säve Flygplatsväg 38 423 73 Säve Sweden,1991-12-09
SE-HVB,1997-06-18,Exported,United Kingdom,BELL-212,31191,1981,"5080,0",,1995-09-28,1,Senast registrerad ägare,500119.0,Patria Helicopters AB,Box 116 190 46 Stockholm-Arlanda Sweden,1995-09-28
SE-HVE,2021-05-05,Exported,Norway,BELL-206B,2949,1980,"1451,0",2022-05-18,1990-02-27,1,Senast registrerad ägare,500232.0,Roslagens Helikopterflyg AB,Sikvägen 761 41 Norrtälje Sweden,2019-11-13
SE-HVF,1991-02-15,Exported,Finland,BELL-206L,45013,1975,"1812,0",,1991-02-07,1,Senast registrerad ägare,500119.0,Patria Helicopters AB,Box 116 190 46 Stockholm-Arlanda Sweden,1991-02-07
SE-HVG,1998-03-19,Exported,Germany,BELL-206L3,51454,1991,"1882,0",,1993-12-21,1,,,,,
SE-HVH,1999-05-27,Exported,Denmark,BELL-206L,45339,1979,"1882,0",,1991-12-10,1,Senast registrerad ägare,503744.0,GE Capital AB,Vendevägen 89 182 32 DANDERYD Sweden,1999-05-26
SE-HVI,,,,BELL-206L3,51407,1990,"1882,0",2026-12-31,1990-12-19,1,Registrerad ägare,500029.0,Fiskflyg AB,Strömgatan 43 982 60 Porjus Sweden,1990-12-19
SE-HVJ,2019-07-22,Destroyed,,BELL-206L3,51259,1988,"1882,0",2019-06-17,2013-06-12,1,Senast registrerad ägare,533897.0,Rotor Service Norden AB,Strömgatan 43 982 60 Porjus Sweden,2015-02-18
SE-HVK,1993-04-07,Exported,United States of America,BELL-206L3,51544,1991,"1882,0",,1992-02-26,1,Senast registrerad ägare,500119.0,Patria Helicopters AB,Box 116 190 46 Stockholm-Arlanda Sweden,1993-04-05
SE-HVL,1997-12-08,Exported,Spain,BELL-412,33092,1983,"5260,0",,1993-05-25,1,Senast registrerad ägare,500119.0,Patria Helicopters AB,Box 116 190 46 Stockholm-Arlanda Sweden,1997-11-12
SE-HVM,2025-09-24,Total write-off,,AGUSTA BELL-AB204B,3211,1968,"3400,0",,1993-06-17,1,Senast registrerad ägare,504909.0,SWT Aero AB,Box 7092 170 07 SOLNA Sweden,2001-05-17
SE-HVN,2007-11-19,Total write-off,,AEROSPATIALE-AS350B1,2157,1988,"2200,0",,1990-03-30,1,Senast registrerad ägare,500479.0,HeliNord Norden AB,Stenberg 101 891 96 Arnäsvall Sweden,2003-12-09
SE-HVO,1993-02-22,Destroyed,,ENSTROM-F28A,287,1975,"975,0",,1990-11-22,1,,,,,
SE-HVP,1997-05-14,Exported,United States of America,ENSTROM-280C,1156,1978,"1065,0",,1992-04-15,1,Senast registrerad ägare,504295.0,Helimeck AB,Pl 3157 945 93 SJULSMARK Sweden,1992-04-15
SE-HVR,1998-03-31,Total write-off,,SCHWEIZER-269C,S1419,1989,"930,0",,1990-03-12,1,Senast registrerad ägare,504579.0,HT Helikoptertransport AB,Box 42 Mälby Gård 749 51 GRILLBY Sweden,1990-06-15
SE-HVS,,,,SCHWEIZER-269C,S1418,1989,"928,0",2026-06-27,1990-03-12,1,Registrerad ägare,536673.0,Linköpings Helikopter AB,Sweden,2016-03-23
SE-HVT,1993-12-27,Exported,Germany,BELL-205A1,30291,1979,"4309,0",,1990-04-25,1,Senast registrerad ägare,504507.0,Viking Helikopter AB,Muraregatan 3 65228 KARLSTAD Sweden,1990-04-25
SE-HVU,2017-08-09,Exported,Israel,SCHWEIZER-269C,S1446,1990,"928,0",2016-12-01,1990-05-16,2,Senast registrerad ägare,500076.0,Kallax Flyg AB,Vargbackenvägen 1 942 94 Sikfors Sweden,2008-06-10
SE-HVV,1991-02-26,Exported,France,HUGHES-369D,811035D,1981,"1360,0",,1990-11-20,1,Senast registrerad ägare,503996.0,Linköpings Helikopterutveckling AB,Malmskogen 58272 LINKÖPING Sweden,1990-11-20
SE-HVX,1997-08-12,Exported,United Kingdom,ROBINSON-R22,1368,1990,"622,0",,1990-05-23,1,Senast registrerad ägare,504853.0,HelikopterTornet AB,Persuddevägen 48 B 135 52 TYRESÖ Sweden,1997-05-21
SE-HVY,2016-06-23,Exported,United States of America,HUGHES-369D,970188D,1977,"1360,0",,1990-08-09,1,,,,,
SE-HVZ,2007-01-16,Non-airworthy,,ROBINSON-R22,0436,1984,"622,0",,1991-06-05,1,Senast registrerad ägare,504416.0,Helicopter Assistanse Rentaco AB,Bromma Flygplats 168 67 BROMMA Sweden,1999-04-26
SE-HXA,2007-01-16,Non-airworthy,,AUTOGYRO-HUMLAN,001,1969,"295,0",2000-10-31,1975-05-22,1,,,,,
SE-HXE,2007-01-16,Non-airworthy,,AUTOGYRO-HUMLAN,003,1972,"295,0",1987-05-31,1976-09-21,1,,,,,
SE-HXG,1997-02-19,Scrapped,,AUTOGYRO-HUMLAN,04-57,1978,"295,0",1997-02-28,1982-08-31,1,,,,,
SE-HXH,,,,AUTOGYRO-HUMLAN,05-54,1978,"295,0",1995-06-30,1989-06-13,1,,,,,
SE-HXK,,,,HOLLMAN HA-2M SPORTSTER,65-60,1998,"545,0",2017-05-31,2003-10-02,1,,,,,
SE-HXN,,,,AUTOGYRO HA-2M SPORTSTER,121-70,1992,"0,0",2005-09-30,1999-06-30,1,,,,,
SE-HXO,,,,AUTOGYRO-HUMLAN,14-56,1988,"295,0",1993-12-31,1988-12-28,1,,,,,
SE-HXT,,,,AUTOGYRO-HUMLAN,22-135,1984,"295,0",2012-05-31,2011-05-06,1,,,,,
SE-HYB,,,,AUTOGYRO-HUMLAN,112-419,1986,"285,0",2004-09-30,1992-08-19,1,,,,,
SE-HYH,,,,MCCULLOCH J-2,012-721,1972,"680,0",1995-08-31,1989-08-30,1,,,,,
SE-HYI,,,,AUTOGYRO-HUMLAN,104-437,1991,"248,0",2000-09-30,1999-06-30,1,,,,,
SE-HYL,,,,BARNETT-J4B,2-830,1995,"400,0",2010-11-30,2002-05-16,1,,,,,
SE-HYM,,,,AUTOGYRO-HUMLAN,55-138,1997,"295,0",,2012-10-22,1,,,,,
SE-HYN,2023-03-21,Scrapped,,BABY-BELLE,172-894,1998,"680,0",2004-10-31,2001-10-17,1,,,,,
SE-HYR,,,,Sycamore Mk1,ZYCA 20-1116,2000,"590,0",2017-03-31,2001-09-06,1,,,,,
SE-HYT,,,,HILLER-UH12B,51-16364-1232,1956,"1135,0",2026-09-30,2005-01-25,1,,,,,
SE-HYV,2013-10-07,Exported,Czech Republic,Heli-Sport CH-7 Kompress,96-1152,2005,"450,0",2013-11-30,2010-10-01,1,,,,,
SE-HYX,,,,REVOLUTION-MINI-500,461-1332,1998,"381,0",,2014-09-08,1,,,,,
SE-HYY,2024-08-15,Exported,Hungary,Sparrowhawk III,SO200029Q-1378,2008,"680,0",2022-01-31,2011-04-20,1,,,,,
SE-HYZ,,,,SAFARI 400,S-2125-1182,2025,"750,0",,2026-02-16,1,,,,,
SE-HZB,,,,BELL-206L3,51235,1988,"1882,0",2027-06-19,2013-12-16,1,Registrerad ägare,536082.0,First European Aviation Company Sp. z o.o.,Ul. Księżycowa 1 PL-01-934 Warszawa Poland,2024-02-15
SE-HZC,,,,AIRBUS HELICOPTERS-AS350B3,9907,2026,"2250,0",2027-04-28,2026-04-16,1,Registrerad ägare,505068.0,Scandair Helicopter AB,Sweden,2026-04-16
SE-HZD,,,,AIRBUS HELICOPTERS-AS350B3,9795,2025,"2250,0",2027-01-27,2025-12-23,1,Registrerad ägare,503542.0,Executive Helicopter Maintenance Limited,"Barratoor, Kylebrack IE-H62 HF80 Loughrea Co. Galway Ireland",2025-12-23
SE-HZE,,,,AIRBUS HELICOPTERS-AS350B3,9946,2026,"2250,0",2027-06-16,2026-06-15,1,Registrerad ägare,505068.0,Scandair Helicopter AB,Sweden,2026-06-15
SE-HZF,,,,AIRBUS HELICOPTERS-AS350B3,9920,2026,"2250,0",2027-05-26,2026-05-20,1,Registrerad ägare,503542.0,Executive Helicopter Maintenance Limited,"Barratoor, Kylebrack IE-H62 HF80 Loughrea Co. Galway Ireland",2026-05-20
SE-HZG,2026-07-15,Exported,Canada,AIRBUS HELICOPTERS-AS350B3,9825,2025,"2250,0",,2026-06-04,1,Senast registrerad ägare,504903.0,Savback Helicopters AB,Borggårdsvägen 12 612 75 HÄLLESTAD Sweden,2026-06-04
SE-HZH,,,,ROBINSON-R66,0737,2016,"1225,0",2026-09-13,2025-07-01,1,Registrerad ägare,500076.0,Kallax Flyg AB,Vargbackenvägen 1 942 94 Sikfors Sweden,2025-07-01
SE-HZJ,,,,AGUSTA-AB139,31050,2006,"6800,0",,2025-10-15,1,Registrerad ägare,504916.0,Ex-Change Parts i Borlänge AB,"Sveavägen 166, plan 3 113 46 Stockholm Sweden",2025-10-15
SE-HZM,,,,BELL-505,65530,2023,"1669,0",2027-01-22,2024-01-19,1,Registrerad ägare,500232.0,Roslagens Helikopterflyg AB,Sikvägen 761 41 Norrtälje Sweden,2024-01-19
SE-HZO,,,,BELL-205A1,30265,1978,"4309,0",2026-09-22,2025-04-28,1,Registrerad ägare,500012.0,HeliAir Sweden AB,Lycksta Gård 1 725 94 VÄSTERÅS Sweden,2025-04-28
SE-HZT,,,,MBB-BK117 D-3,20171,2017,"3800,0",2027-01-29,2024-05-16,1,Registrerad ägare,500469.0,Storm Heliworks AB,Lägervägen 2 832 56 Frösön Sweden,2026-05-19
SE-HZV,,,,BELL-407,56469,2025,"2381,0",2026-12-03,2025-12-03,1,Registrerad ägare,500232.0,Roslagens Helikopterflyg AB,Sikvägen 761 41 Norrtälje Sweden,2025-12-03
SE-HZX,,,,EUROCOPTER-EC135T1,0120,1999,"2720,0",,2025-04-03,1,Registrerad ägare,504916.0,Ex-Change Parts i Borlänge AB,"Sveavägen 166, plan 3 113 46 Stockholm Sweden",2025-04-03
SE-HZY,,,,MBB-BK 117 C-2,9274,2009,"3585,0",,2025-05-16,1,Registrerad ägare,504916.0,Ex-Change Parts i Borlänge AB,"Sveavägen 166, plan 3 113 46 Stockholm Sweden",2025-05-16
SE-HZZ,,,,AGUSTA BELL-AB206B,8554,1978,"1450,0",2027-03-30,2013-08-21,1,,,,,
SE-IAA,,,,PIPER-PA31-350,31-7952113,1979,"3175,0",,1984-02-01,1,Registrerad ägare,503914.0,Kungsair I Norrköping AB,Kungsängens Flygplats 601 73 NORRKÖPING Sweden,1984-02-01
SE-IAC,2004-04-30,Exported,Spain,PIPER-PA31,31-7812095,1978,"2948,0",,1978-09-06,1,Senast registrerad ägare,503398.0,Airmara S.L.,CL Alcaraban 12 ES-ES-11500 Puerto Santa Maria Spain,2004-01-29
SE-IAD,2004-04-16,Exported,United Kingdom,PIPER-PA28-161,28-7816599,1978,"1055,0",,1978-11-30,1,Senast registrerad ägare,502602.0,Varbergs Flygklubb,Getterövägen 2 432 93 VARBERG Sweden,1985-04-11
SE-IAE,2007-01-16,Non-airworthy,,PIPER-PA32RT-300T,32R-7887183,1978,"1633,0",,1978-10-12,1,Senast registrerad ägare,502681.0,Botkyrka Flygklubb,Box 89 146 21 TULLINGE Sweden,1991-06-03
SE-IAF,1983-02-23,Total write-off,,PIPER-PA38-112,38-79A0016,1978,"760,0",,1979-02-23,1,Senast registrerad ägare,505173.0,Chalmers Flygklubb KB,Säve Flygplats 2010 423 70 SÄVE Sweden,1979-08-01
SE-IAG,1989-03-01,Total write-off,,PIPER-PA38-112,38-79A0138,1978,"760,0",,1979-02-12,1,Senast registrerad ägare,505416.0,Gästrike Flyg HB,Överhärdesåsen 5 818 91 VALBO Sweden,1986-03-24
SE-IAH,2003-03-21,Exported,Lithuania,PIPER-PA38-112,38-78A0694,1978,"760,0",,1979-02-22,1,,,,,
SE-IAI,2005-03-09,Scrapped,,PIPER-PA38-112,38-78A0690,1978,"760,0",,1978-11-08,1,Senast registrerad ägare,500762.0,Svensk Pilotutbildning AB,Säve Flygplatsväg 16 423 73 Säve Sweden,1991-07-08
SE-IAK,1990-12-20,Owners request,,PIPER-PA38-112,38-78A0607,1978,"760,0",,1978-11-07,1,Senast registrerad ägare,503919.0,Motorflygskolan Bodås AB,Box 20139 16120 BROMMA Sweden,1978-11-07
SE-IAL,2004-12-02,Exported,Spain,PIPER-PA28-161,28-7816652,1978,"1055,0",,1978-12-20,1,,,,,
SE-IAM,2019-07-10,Exported,United Kingdom,PIPER-PA28-161,28-7816651,1978,"1055,0",2018-10-19,1979-08-24,1,Senast registrerad ägare,533644.0,Tellus Aviation Academy Sweden AB,Rotevägen 8 611 92 NYKÖPING Sweden,2017-02-10
SE-IAN,2017-01-12,Exported,South Africa,PIPER-PA38-112,38-78A0400,1978,"760,0",,1978-11-07,1,Senast registrerad ägare,503771.0,Ensio Invest AB,Box 4146 181 04 LIDINGÖ Sweden,1996-05-31
SE-IAO,1994-09-28,Exported,Denmark,PIPER PA-18-150,18-7809141,1978,"795,0",1990-07-31,1979-05-11,1,Senast registrerad ägare,503862.0,Stockholms Aero Asa Reklamflyg AB,Roburvägen 24 18133 LIDINGÖ Sweden,1981-09-01
SE-IAP,2006-01-05,Total write-off,,PIPER-PA28-181,28-7990094,1978,"1157,0",,1978-11-30,1,Senast registrerad ägare,503049.0,Värmlands Flygklubb,Våldalen 580 655 91 KARLSTAD Sweden,1999-06-21
SE-IAR,2017-01-12,Exported,South Africa,PIPER-PA38-112,38-79A0265,1978,"760,0",,1979-02-01,1,Senast registrerad ägare,503771.0,Ensio Invest AB,Box 4146 181 04 LIDINGÖ Sweden,2002-05-07
SE-IAS,2006-12-01,Exported,Norway,PIPER-PA31,31-7912028,1978,"2948,0",,1979-05-11,1,Senast registrerad ägare,503471.0,Blom Geomatics AS,Postboks 451 NO-N-1303 SANDVIKA Norway,2006-05-15
SE-IAT,1987-05-06,Total write-off,,PIPER-PA32RT-300,32R-7985075,1979,"1635,0",,1979-04-23,1,,,,,
SE-IAU,,,,PIPER-PA28RT-201T,28R-7931046,1979,"1315,0",2027-02-03,1979-04-23,1,,,,,
SE-IAV,1990-07-17,Exported,United States of America,PIPER-PA36-375,36-7902012,1979,"2180,0",,1979-04-23,1,Senast registrerad ägare,504081.0,Laroy Flyg AB,Box 24124 400 22 GÖTEBORG Sweden,1981-08-18
SE-IAX,2018-07-31,Destroyed,,PIPER-PA28-161,28-7916290,1979,"1055,0",2009-06-01,1979-11-07,1,Senast registrerad ägare,502630.0,Östra Sörmlands Flygklubb,Box 78 646 21 GNESTA Sweden,2006-11-17
SE-IAY,2000-08-22,Exported,Denmark,PIPER-PA28RT-201,28R-7918101,1979,"1247,0",,1979-05-03,1,,,,,
SE-IAZ,1994-07-28,Exported,Germany,PIPER-PA34-200T,34-7970122,1979,"1999,0",,1979-04-23,1,Senast registrerad ägare,504377.0,Aerostar AB,Box 18 13106 NACKA Sweden,1992-08-06
SE-IBA,1983-09-16,Exported,Norway,CESSNA-F182Q,0114,1979,"1338,0",,1979-06-21,1,Senast registrerad ägare,503939.0,Kesab Sprinkler K-E Sandberg AB,Murmästarvägen 39-41 127 35 SKÄRHOLMEN Sweden,1979-06-21
SE-IBB,1985-01-10,Exported,Netherlands,CESSNA-FR182,FR182-0029,1979,"1406,0",,1979-04-25,1,,,,,
SE-IBC,,,,CESSNA-FR182,FR18200039,1979,"1406,0",2027-06-17,1987-11-09,1,Registrerad ägare,504167.0,Ipasco Modicam AB,Trädgårdsgatan 4 263 61 VIKEN Sweden,1987-11-09
SE-IBD,2015-04-08,Destroyed,,CESSNA-F172N,F17201695,1978,"1157,0",2009-06-30,1979-02-14,4,,,,,
SE-IBG,,,,CESSNA-F172N,F17201862,1979,"1157,0",2027-05-15,1979-11-23,1,Registrerad ägare,503470.0,Örebro Flygklubb,Örebro Flygplats 705 94 ÖREBRO Sweden,2023-11-06
SE-IBH,1990-12-03,Total write-off,,CESSNA-F152,F15201671,1979,"758,0",,1979-06-30,1,Senast registrerad ägare,502600.0,Uppsala Flygklubb,Sundbro Flygplats 743 05 BÄLINGE Sweden,1979-07-30
SE-IBK,2003-12-08,Total write-off,,CESSNA-F182Q,F18200147,1980,"1338,0",,1980-11-06,1,Senast registrerad ägare,504052.0,SVAFAB Stockholm Valve & Fitting AB,Box 6067 192 06 SOLLENTUNA Sweden,1980-11-25
SE-IBM,1990-08-24,Exported,United States of America,CESSNA-441,441-0210,1981,"4470,0",,1981-06-03,1,Senast registrerad ägare,503854.0,Basair AB,Box 219 16126 BROMMA Sweden,1989-01-12
SE-IBN,1987-06-30,Exported,Germany,CESSNA-404,0668,1980,"3810,0",,1980-12-04,1,Senast registrerad ägare,503925.0,Swedair AB,Box 33 190 45 STOCKHOLM-ARLANDA Sweden,1987-06-25
SE-IBO,2005-12-16,Exported,Germany,CESSNA-340A,340A0613,1979,"2715,0",,1979-09-14,1,Senast registrerad ägare,504055.0,OSM Aviation Academy AB,Hässlögatan 2 E 721 31 VÄSTERÅS Sweden,2001-02-20
SE-IBR,2001-10-05,Exported,Slovenia,CESSNA-F152,F15201756,1980,"758,0",,1980-06-17,1,Senast registrerad ägare,504055.0,OSM Aviation Academy AB,Hässlögatan 2 E 721 31 VÄSTERÅS Sweden,1997-03-11
SE-IBT,2005-04-22,Total write-off,,CESSNA-F152,F15201761,1980,"758,0",,1980-06-15,1,Senast registrerad ägare,504055.0,OSM Aviation Academy AB,Hässlögatan 2 E 721 31 VÄSTERÅS Sweden,1980-07-22
SE-IBU,2012-04-13,Exported,Lithuania,CESSNA-F172N,F1721923,1979,"1045,0",2012-05-05,1980-02-29,1,Senast registrerad ägare,502478.0,Eskilstuna Motorflygklubb,Flygbasvägen 11 635 06  Eskilstuna Sweden,1988-06-06
SE-IBV,2024-07-11,Exported,Poland,CESSNA-F172N,F17201948,1979,"1045,0",2025-02-05,1980-07-28,2,Senast registrerad ägare,502587.0,Svegs Flygklubb,Flygplatsvägen 3 842 93 SVEG Sweden,2010-07-30
SE-IBV,2024-07-11,Exported,Poland,CESSNA-F172N,F17201948,1979,"1045,0",2025-02-05,1980-07-28,2,Senast registrerad delägare,503592.0,Frivilliga Flygkåren,Hässlögatan 20 721 31 VÄSTERÅS Sweden,2010-07-30
SE-IBX,2010-01-05,Exported,Slovakia,CESSNA-F172N,F17201964,1980,"1045,0",2010-05-27,1980-04-01,1,Senast registrerad ägare,505131.0,Motorflygarna Uppsala Flygklubb,Sundbro 425 743 82 BÄLINGE Sweden,2008-02-08
SE-IBY,1986-06-04,Exported,Finland,CESSNA-402C,402C-0114,1979,"3105,0",,1979-10-10,1,Senast registrerad ägare,500217.0,Skyways Express AB,Jönköpings Flygplats 555 93 Jönköping Sweden,1984-09-13
SE-IBZ,1985-08-27,Exported,Mali,CESSNA-404,404-0444,1979,"3810,0",,1980-01-03,1,Senast registrerad ägare,503925.0,Swedair AB,Box 33 190 45 STOCKHOLM-ARLANDA Sweden,1980-01-03
SE-ICA,,,,PIPER PA-18-150,18-7909083,1979,"795,0",2027-06-30,1981-10-08,1,,,,,
SE-ICB,1985-01-22,Destroyed,,PIPER-PA38-112,38-78A0600,1978,"760,0",,1979-01-30,1,Senast registrerad ägare,505416.0,Gästrike Flyg HB,Överhärdesåsen 5 818 91 VALBO Sweden,1979-01-30
SE-ICC,1983-02-15,Total write-off,,PIPER-PA38-112,38-79A0526,1979,"760,0",,1979-05-28,1,Senast registrerad ägare,503772.0,Saab Nyge Aero AB,Box 321 611 27 NYKÖPING Sweden,1979-05-28
SE-ICD,1995-12-13,Exported,Germany,PIPER-PA38-112,38-79A0528,1979,"760,0",,1980-06-02,1,,,,,
SE-ICE,,,,PIPER-PA38-112,38-79A0744,1979,"760,0",,1979-05-04,1,Registrerad ägare,500762.0,Svensk Pilotutbildning AB,Säve Flygplatsväg 16 423 73 Säve Sweden,1991-07-08
SE-ICF,2006-05-22,Exported,Austria,PIPER-PA38-112,38-79A0745,1979,"760,0",,1980-04-30,1,,,,,
SE-ICG,2001-11-16,Exported,Lithuania,PIPER-PA38-112,38-79A0746,1979,"760,0",,1980-10-10,1,,,,,
SE-ICK,1982-12-03,Exported,Denmark,PIPER-PA28RT-201,28R-7918092,1979,"1247,0",,1979-05-15,1,Senast registrerad ägare,505164.0,HB Twin Seven  Cederberg & Co,Box 76 232 02 ÅKARP Sweden,1979-06-19
SE-ICL,,,,PIPER-PA28-181,28-7990371,1979,"1157,0",2027-04-21,1979-09-05,1,Registrerad ägare,505131.0,Motorflygarna Uppsala Flygklubb,Sundbro 425 743 82 BÄLINGE Sweden,2008-02-08
SE-ICM,,,,PIPER-PA28-181,28-7990372,1979,"1157,0",2027-06-04,1980-11-20,1,Registrerad ägare,502596.0,Söderslätts Flygklubb,Sweden,2015-10-21
SE-ICR,1995-08-07,Exported,Norway,PIPER-PA28RT-201,28R-7918251,1979,"1247,0",,1980-06-17,1,,,,,
SE-ICS,1991-02-18,Exported,Finland,PIPER-PA31T,31T-7920094,1979,"4080,0",,1979-11-30,1,Senast registrerad ägare,503846.0,AB Kinnarps Kontorsmöbler,Kinnarp 521 93 FALKÖPING Sweden,1981-12-30
SE-ICT,2005-06-21,Exported,Norway,PIPER-PA28-161,28-7916470,1979,"1055,0",,1979-07-09,1,Senast registrerad ägare,502479.0,Falbygdens Flygklubb,Falköpings Flygplats 521 91 FALKÖPING Sweden,1982-02-10
SE-ICV,,,,PIPER-PA28-181,28-7990482,1979,"1157,0",2027-04-07,1980-07-21,1,,,,,
SE-ICZ,,,,PIPER PA-18-150,18-8009016-1237,1979,"795,0",2026-07-31,1980-05-13,1,,,,,
SE-IDA,2024-09-30,Exported,Czech Republic,PIPER PA-18-150,18-8009015,1979,"795,0",2025-07-31,1980-02-25,1,,,,,
SE-IDB,1994-06-23,Exported,Denmark,PIPER-PA28-236,28-8011043,1978,"1360,0",,1979-02-14,1,Senast registrerad ägare,502493.0,Halmstad Flygklubb,Gamla Kustvägen 2 302 42 Halmstad Sweden,1983-01-14
SE-IDC,1992-03-12,Exported,Estonia,PIPER-PA31-350,31-8052040,1979,"3175,0",,1980-02-18,1,Senast registrerad ägare,504682.0,Trygg-Flyg Erik Trygg AB,Stockholm-Skavsta Flygplats 611 92 NYKÖPING Sweden,1992-01-03
SE-IDD,1988-05-17,Non-airworthy,,PIPER-PA34-200T,34-8070074,1979,"2085,0",,1980-01-18,2,Senast registrerad ägare,502472.0,Allan Persson Castings AB,Guldbaggevägen 3 231 76 Beddingestrand Sweden,1980-03-20
SE-IDD,1988-05-17,Non-airworthy,,PIPER-PA34-200T,34-8070074,1979,"2085,0",,1980-01-18,2,Senast registrerad delägare,503867.0,Ingenjörsfirman Allan Persson AB,Box 1059 212 10 MALMÖ Sweden,1980-03-20
SE-IDE,1990-06-13,Exported,Denmark,PIPER-PA28RT-201,28R-8018024,1980,"1247,0",,1980-02-25,1,Senast registrerad ägare,505295.0,Trans-Rent Flyguthyrning KB,Industrivägen 12 96138 BODEN Sweden,1987-01-26
SE-IDF,,,,PIPER-PA28-151,28-7415243,1974,"1055,0",2026-02-17,1980-03-20,1,,,,,
SE-IDG,,,,PIPER-PA28-161,28-8016259,1980,"1055,0",2026-04-30,1980-04-23,1,,,,,
SE-IDK,2012-08-31,Exported,Denmark,PIPER-PA28-181,28-8190161,1981,"1157,0",2012-06-01,1981-04-08,1,Senast registrerad ägare,504567.0,Viareds Flyg AB,Vindgatan 504 64 BORÅS Sweden,1991-11-15
SE-IDL,1986-07-14,Exported,Finland,PIPER-PA28-161,28-8016293,1980,"1055,0",,1980-10-03,1,,,,,
SE-IDM,1996-12-03,Exported,United States of America,PIPER-PA31T,31T-8020059,1980,"4080,0",,1980-04-30,1,Senast registrerad ägare,504456.0,Scanvac Control AB,Lindskärsvägen 22 725 92 VÄSTERÅS Sweden,1989-03-01
SE-IDN,1984-01-03,Total write-off,,PIPER-PA28-161,28-8016325,1980,"1055,0",,1980-11-20,1,Senast registrerad ägare,502600.0,Uppsala Flygklubb,Sundbro Flygplats 743 05 BÄLINGE Sweden,1981-02-04
SE-IDP,1998-12-28,Exported,United Kingdom,PIPER-PA28-161,28-8116084,1980,"1055,0",,1981-06-05,1,Senast registrerad ägare,503780.0,AirCo Flying Service/Tradonor AB,Bidalite lyckeborg 306 385 95 TORSÅS Sweden,1998-12-09
SE-IDR,2021-03-02,Scrapped,,PIPER-PA31,31-7712085,1977,"2948,0",2013-12-31,1989-10-16,1,Senast registrerad ägare,500140.0,North Express AB,,2007-01-18
SE-IDS,,,,PIPER-PA28-181,28-8190090,1980,"1157,0",,1981-04-03,1,Registrerad ägare,505173.0,Chalmers Flygklubb KB,Säve Flygplats 2010 423 70 SÄVE Sweden,1981-05-18
SE-IDT,2010-11-29,Total write-off,,PIPER-PA32R-301T,32R-8129026,1981,"1633,0",2010-06-29,1989-09-22,1,Senast registrerad ägare,505101.0,Alfaflight-Flygpilen Ek För,Hembyvägen 16 181 48 LIDINGÖ Sweden,2009-07-30
SE-IDU,1987-01-07,Total write-off,,PIPER-PA31-350,31-8152036,1980,"3175,0",,1982-12-23,1,Senast registrerad ägare,504282.0,Z-Aircharter AB,Box 851 781 28 BORLÄNGE Sweden,1986-02-20
SE-IDV,1985-10-09,Exported,United States of America,PIPER-PA60-601P,61P-0854-8163451,1981,"2725,0",,1981-02-27,1,Senast registrerad ägare,503772.0,Saab Nyge Aero AB,Box 321 611 27 NYKÖPING Sweden,1983-06-07
SE-IDY,,,,PIPER-PA28-161,28-8116220,1981,"1055,0",2026-12-09,1981-04-04,1,Registrerad ägare,731340.0,GMS Air Aviation Limited,"Nikodimou Mylona 22 CY-7600 Athiainou, Larnaca Cyprus",2025-04-17
SE-IEA,1986-01-21,Exported,United Kingdom,GULFSTREAM AMERICAN-GA-7,GA7-0111,1979,"1725,0",,1979-11-30,1,Senast registrerad ägare,504210.0,A.T.S. Produkter AB,Vävskedsgatan 4 416 59 GÖTEBORG Sweden,1985-11-27
SE-IEB,1985-11-27,Exported,Denmark,PIPER-PA31,31-7401266,1974,"2948,0",,1979-11-09,1,Senast registrerad ägare,504233.0,Swedish Business Flight   EAC AB,Box 33 230 32 MALMÖ-STURUP Sweden,1985-04-16
SE-IEC,2009-10-27,Exported,Lithuania,CESSNA-172N,17270709,1978,"1043,0",2010-08-03,1980-01-31,1,,,,,
SE-IED,2021-12-08,Exported,United States of America,CESSNA-A185F,185-03320,1977,"1520,0",2022-04-27,1996-06-24,1,,,,,
SE-IEE,,,,GRUMMAN AMERICAN-AA5B,1140,1979,"1090,0",,1979-11-02,1,Registrerad ägare,502685.0,Lunair HB,Sweden,1979-11-02
SE-IEG,1986-04-17,Exported,United States of America,FAIRCHILD-F27-F,072,1960,"17870,0",,1980-05-23,1,Senast registrerad ägare,505214.0,AB Elektroplanering & Co KB,Box 6093 102 32 STOCKHOLM Sweden,1982-12-21
SE-IEK,1998-11-20,Total write-off,,MAULE-M5-235C,7319C,1980,"1045,0",,1980-07-29,1,,,,,
SE-IEL,1986-11-12,Exported,Denmark,MAULE-M5-235C,7325C,1980,"1045,0",,1980-07-29,1,Senast registrerad ägare,502467.0,Borås Segelflygklubb,Vindgatan 9 504 94 BORÅS Sweden,1980-11-25
SE-IEP,1988-08-11,Exported,Denmark,BELLANCA-8KCAB,595-80,1980,"816,0",,1980-04-25,1,Senast registrerad ägare,504253.0,Etab Euro Teknik AB,Kvistgatan 111 931 58 SKELLEFTEÅ Sweden,1987-03-13
SE-IER,,,,PIPER J3C-65,19861-566,1946,"555,0",2026-08-31,1980-09-11,1,,,,,
SE-IES,1990-01-12,Exported,United States of America,BEECH-E90,LW 339,1980,"4580,0",,1980-09-16,1,Senast registrerad ägare,504382.0,Swedewings AB,Box 709 931 27 SKELLEFTEÅ Sweden,1987-01-20
SE-IEU,2011-11-23,Destroyed,,BELLANCA-8KCAB,563-79,1979,"816,0",2009-06-30,1980-06-11,1,Senast registrerad ägare,503424.0,Citabria - Divisionen,Sweden,2004-09-02
SE-IEV,2007-01-16,Non-airworthy,,MAULE-M5-235C,7330C,1980,"1045,0",,1980-07-23,1,,,,,
SE-IEX,,,,MAULE-M5-235C,7332C,1980,"1045,0",,1980-07-23,1,,,,,
SE-IEY,1987-01-15,Exported,Canada,CONVAIR-580,372,1956,"26379,0",,1980-12-10,1,Senast registrerad ägare,502687.0,Scanbee Kungsair AB & Co KB,Box 72 19050 STOCKHOLM-ARLANDA Sweden,1981-01-27
SE-IFA,1995-06-01,Exported,Slovenia,CESSNA-F172N,F172-2014,1980,"1045,0",,1981-10-06,1,Senast registrerad ägare,504660.0,Andersson Aircraft AB,Box 166 611 24 NYKÖPING Sweden,1995-03-27
SE-IFB,2008-04-17,Exported,United Kingdom,CESSNA-F172N,F172-2005,1980,"1045,0",2008-12-31,1981-10-05,1,Senast registrerad ägare,503614.0,Scanhro Aviation Ltd,East Winch Airfield Gayton Road  East Winch GB-PE32 1LG King´s Lynn United Kingdom,2007-05-07
SE-IFC,2014-03-11,Exported,Ukraine,CESSNA-172RG,172RG0397,1980,"1202,0",2014-07-17,1980-06-10,1,Senast registrerad ägare,504055.0,OSM Aviation Academy AB,Hässlögatan 2 E 721 31 VÄSTERÅS Sweden,1999-10-15
SE-IFD,2022-10-12,Total write-off,,CESSNA-F172N,F172-1864,1979,"1045,0",,1980-01-03,1,Senast registrerad ägare,504986.0,Aeronom AB,Åbyvägen 3 702 27 ÖREBRO Sweden,2004-08-05
SE-IFE,1994-07-13,Exported,Denmark,CESSNA-F172N,F17202026,1980,"1045,0",,1981-09-18,1,,,,,
SE-IFF,2010-08-30,Exported,Finland,CESSNA-F172N,F172-1969,1980,"1045,0",2010-12-19,1980-05-21,4,,,,,
SE-IFG,1986-06-16,Exported,Norway,CESSNA-F172N,1929,1979,"1045,0",,1980-01-24,1,Senast registrerad ägare,504161.0,Ariel Investment AB,Box 8110 700 08 ÖREBRO Sweden,1985-09-05
SE-IFH,1994-06-29,Exported,Iceland,CESSNA-402C,402C0355,1980,"3105,0",,1981-01-30,1,Senast registrerad ägare,504278.0,Airborne of Sweden AB,Box 111 842 22 SVEG Sweden,1985-02-11
SE-IFL,2005-04-06,Exported,Denmark,CESSNA-F172P,F172-2074,1980,"1089,0",,1981-05-05,1,Senast registrerad ägare,503431.0,H F Aero Service,Söndervang 8  Skelund DK-9560 Hadsund Denmark,2004-12-21
SE-IFN,1997-03-18,Total write-off,,CESSNA-FA152,FA1520377,1981,"760,0",,1981-04-27,1,Senast registrerad ägare,504055.0,OSM Aviation Academy AB,Hässlögatan 2 E 721 31 VÄSTERÅS Sweden,1996-03-22
SE-IFO,1985-09-09,Exported,Gabon,CESSNA-404,404-0845,1981,"3810,0",,1981-09-10,1,Senast registrerad ägare,503925.0,Swedair AB,Box 33 190 45 STOCKHOLM-ARLANDA Sweden,1981-09-10
SE-IFR,,,,CESSNA-FR182,FR18200047,1980,"1406,0",2027-06-03,1980-05-08,1,Registrerad ägare,505016.0,A.I.A. Invest AB,Tingshögsvägen 3 261 62 GLUMSLÖV Sweden,2006-12-28
SE-IFT,2000-07-05,Exported,United States of America,CESSNA-F337H,F33700086,1978,"2100,0",,1980-05-19,1,Senast registrerad ägare,503835.0,Asarums Industrier AB,Södra Industrivägen 2 374 50 ASARUM Sweden,1988-03-17
SE-IFX,2018-03-07,Exported,Finland,CESSNA-F152,F15201802,1980,"758,0",2017-07-26,1980-11-12,2,,,,,
SE-IFY,1990-03-28,Exported,Finland,CESSNA-F152,F15201804,1980,"758,0",,1981-03-25,1,Senast registrerad ägare,503772.0,Saab Nyge Aero AB,Box 321 611 27 NYKÖPING Sweden,1990-03-21
SE-IFZ,,,,CESSNA-F152,F15201805,1980,"758,0",2027-05-08,1980-11-12,1,Registrerad ägare,502525.0,Eslövs Flygklubb,Box 215 241 23 ESLÖV Sweden,2014-07-24
SE-IGA,1994-10-10,Exported,Finland,CESSNA-180B,50512,1959,"1200,0",,1980-11-10,1,Senast registrerad ägare,504485.0,Widlöf Consult AB,Sandstensvägen 43 811 52 Sandviken Sweden,1990-02-02
SE-IGB,2001-06-12,Exported,Russian Federation,PIPER-PA31P,31P-7300167,1973,"3540,0",,1980-08-18,1,Senast registrerad ägare,504548.0,Vta I Västerås AB,Hässlögatan 20 72131 VÄSTERÅS Sweden,1995-12-07
SE-IGC,2003-01-09,Exported,United States of America,CESSNA-172N,17272979,1979,"1045,0",,1980-09-22,1,Senast registrerad ägare,504388.0,Grafström Aviation AB,Geijersvägen 3 184 51 ÖSTERSKÄR Sweden,2001-06-15
SE-IGD,1993-10-05,Exported,Hungary,MAULE-M5-235C,7336C,1980,"1045,0",,1980-09-11,1,Senast registrerad ägare,504308.0,Aerolem AB,Box 7014 81107 SANDVIKEN Sweden,1993-08-05
SE-IGE,2007-01-17,Non-airworthy,,CESSNA-FR172F,FR17200098,1969,"1135,0",,1981-06-16,1,Senast registrerad ägare,505209.0,Stenbergs Vilt Flyg KB,Årosjokk 1065 981 99 KIRUNA Sweden,1981-06-16
SE-IGF,1986-08-29,Exported,Finland,MAULE-M4-210C,1047C,1967,"1045,0",,1981-06-12,1,Senast registrerad ägare,502836.0,Kalix Flygklubb,Sweden,1983-12-08
SE-IGG,2007-01-17,Non-airworthy,,BELLANCA-8KCAB,605-80,1980,"816,0",,1980-09-26,1,,,,,
SE-IGK,,,,SAAB-91B,91227,1953,"1165,0",2026-09-30,1981-06-17,1,,,,,
SE-IGL,,,,SAAB-91B,91.262,1953,"1165,0",2027-05-31,2010-05-31,1,Registrerad ägare,505049.0,NEriks Audio AB,Rodervägen 16 763 60 SILJANSNÄS Sweden,2010-05-31
SE-IGM,,,,SAAB-91B,91.256,1953,"1165,0",2027-03-31,1980-11-10,1,,,,,
SE-IGN,1992-10-23,Total write-off,,BELLANCA-8KCAB,310-77,1977,"816,0",,1980-11-26,1,Senast registrerad ägare,504055.0,OSM Aviation Academy AB,Hässlögatan 2 E 721 31 VÄSTERÅS Sweden,1986-05-14
SE-IGO,,,,SAAB-91B,91.228,1953,"1165,0",2026-07-31,1980-12-02,1,,,,,
SE-IGP,1998-11-04,Destroyed,,SAAB-91B,91209,1952,"1165,0",1999-07-31,1980-11-12,3,,,,,
SE-IGR,,,,SAAB-91B,91.208,1952,"1165,0",2002-06-29,1980-12-04,1,,,,,
SE-IGT,2007-02-16,Total write-off,,CESSNA-TU206G,U20605593,1980,"1633,0",,1981-05-19,1,,,,,
SE-IGU,2011-01-21,Total write-off,,CESSNA-F150H,F150-0294,1968,"725,0",2011-06-08,1981-05-12,1,,,,,
SE-IGV,1988-12-12,Exported,United States of America,BEECH-200,BB-844,1981,"5670,0",,1981-05-26,1,Senast registrerad ägare,503778.0,Th Strålfors AB,Box 138 341 23 LJUNGBY Sweden,1981-08-18
SE-IGX,1989-08-23,Scrapped,,PIPER-PA28-140,28-7725074,1976,"975,0",,1981-03-10,1,Senast registrerad ägare,502720.0,Tomelilla Flygklubb,Ullstorp 14 Box Box 97 273 22 TOMELILLA Sweden,1986-09-22
SE-IGY,1998-06-23,Exported,United States of America,CESSNA-210L,21059663,1972,"1725,0",,1981-05-15,1,Senast registrerad ägare,505360.0,Skyliner Aviation HB,S. Limmanäsvägen 50 439 74 Fjärås Sweden,1988-10-07
SE-IGZ,1984-04-17,Exported,United States of America,FAIRCHILD-F27-J,51,1959,"19050,0",,1981-03-24,1,Senast registrerad ägare,505214.0,AB Elektroplanering & Co KB,Box 6093 102 32 STOCKHOLM Sweden,1981-03-24
SE-IHA,1991-07-29,Exported,Finland,CESSNA-F152,F15201839,1980,"758,0",,1981-05-12,1,Senast registrerad ägare,504298.0,Sky Drivers AB,Box 353 18424 ÅKERSBERGA Sweden,1991-07-29
SE-IHB,1992-11-13,Exported,Denmark,CESSNA-182R,18267924,1981,"1405,0",,1983-05-25,2,Senast registrerad ägare,504657.0,Svenska Civilflygskolan AB,Box 20181 16102 BROMMA Sweden,1992-06-11
SE-IHC,2006-11-06,Exported,Czech Republic,CESSNA-172RG,172RG0802,1981,"1202,0",,1981-05-25,1,Senast registrerad ägare,502523.0,Ludvika Flygklubb,Källbottenvägen 25 771 92 LUDVIKA Sweden,1982-11-24
SE-IHD,1995-02-22,Exported,United States of America,CESSNA-180K,180-53192,1981,"1270,0",,1981-09-01,1,Senast registrerad ägare,505374.0,Z Aviation KB,Fleminggatan 89 11245 STOCKHOLM Sweden,1994-05-10
SE-IHF,,,,CESSNA-172RG,172RG0413,1980,"1202,0",2027-04-04,1981-10-01,1,Registrerad ägare,536382.0,Jerry Nerstrand AB,Backamo Sandkullen 462 459 91 LJUNGSKILE Sweden,2020-10-26
SE-IHG,2000-09-26,Exported,Slovenia,CESSNA-F152,F152-1920,1982,"758,0",,1982-07-02,1,Senast registrerad ägare,504055.0,OSM Aviation Academy AB,Hässlögatan 2 E 721 31 VÄSTERÅS Sweden,1996-03-22
SE-IHI,,,,CESSNA-F172P,F17202167,1982,"1089,0",2026-09-28,1982-10-05,1,Registrerad ägare,502549.0,Norrköpings Automobil & Flygklubb,Slakthusvägen 10 602 28 NORRKÖPING Sweden,1985-07-02
SE-IHK,1998-02-16,Exported,United States of America,CESSNA-T210N,21064352,1981,"1815,0",,1982-05-03,1,Senast registrerad ägare,504055.0,OSM Aviation Academy AB,Hässlögatan 2 E 721 31 VÄSTERÅS Sweden,1996-03-22
SE-IHM,1983-04-07,Exported,Switzerland,CESSNA-425,425-0134,1981,"3720,0",,1982-03-11,1,Senast registrerad ägare,503844.0,Halens AB,501 87 BORÅS Sweden,1982-03-24
SE-IHN,1998-07-30,Exported,United States of America,CESSNA-414A,414A0659,1982,"3215,0",,1982-07-15,1,Senast registrerad ägare,503851.0,Gunnar Dafgård AB,531 82 KÄLLBY Sweden,1982-07-15
SE-IHO,1985-02-13,Exported,Germany,CESSNA-421C,421C0445,1978,"3380,0",,1982-12-09,1,Senast registrerad ägare,504135.0,Falcon Air AB,Box 36 230 32 MALMÖ-STURUP Sweden,1983-03-02
SE-IHP,1983-05-06,Exported,Finland,CESSNA-402B,402B-0219,1971,"2860,0",,1983-04-25,1,Senast registrerad ägare,503925.0,Swedair AB,Box 33 190 45 STOCKHOLM-ARLANDA Sweden,1983-04-25
SE-IHR,,,,PIPER-PA23-250,27-7554033,1975,"2360,0",2025-08-01,1997-12-22,1,Registrerad ägare,732920.0,IndX2 AB,Sweden,2025-05-27
SE-IHS,1995-04-19,Exported,Germany,CESSNA-F172P,F17202197,1983,"1089,0",,1986-03-20,1,Senast registrerad ägare,504657.0,Svenska Civilflygskolan AB,Box 20181 16102 BROMMA Sweden,1995-02-15
SE-IHT,1986-09-02,Total write-off,,CESSNA-F152,F152-1654,1979,"758,0",,1983-10-10,1,Senast registrerad ägare,502605.0,Värnamo Flygklubb,Sweden,1983-11-17
SE-IHU,1993-05-13,Exported,Denmark,CESSNA-T182,18267773,1980,"1405,0",,1983-10-10,1,Senast registrerad ägare,504700.0,Lundbäck Flyg AB,Box 6010 601 73 NORRKÖPING Sweden,1992-01-13
SE-IHV,,,,CESSNA-R182,R18201867,1982,"1406,0",2026-11-07,1984-06-15,2,,,,,
SE-IHX,1984-04-05,Total write-off,,CESSNA-441,441-O291,1982,"4470,0",,1982-04-26,1,Senast registrerad ägare,503925.0,Swedair AB,Box 33 190 45 STOCKHOLM-ARLANDA Sweden,1982-04-30
SE-IHZ,1985-12-23,Exported,Denmark,CESSNA-T303,T30300143,1982,"2335,0",,1983-04-26,1,Senast registrerad ägare,503925.0,Swedair AB,Box 33 190 45 STOCKHOLM-ARLANDA Sweden,1983-04-26
SE-IIA,2007-09-11,Exported,Estonia,BRITTEN-NORMAN-BN-2A,48,1969,"2995,0",,1981-03-02,1,Senast registrerad ägare,503484.0,Eesti Langevarjuklubi,Regati 1 EE-11911 Tallin Estonia,2006-10-10
SE-IIB,2020-11-10,Exported,Slovenia,BEECH-C90,LJ-723,1977,"4375,0",2021-07-08,1981-03-13,1,Senast registrerad ägare,534930.0,Mora Flyg Kommanditbolag,Box 138 792 22 MORA Sweden,2015-02-27
SE-IIC,1993-07-14,Exported,United States of America,PIPER-PA31-325,31-7400990,1974,"2948,0",,1981-03-27,1,Senast registrerad ägare,504521.0,GUUF Konsult AB,Kullaviks Höjdväg 5 429 35 KULLAVIK Sweden,1993-07-05
SE-IID,,,,PIPER J3C-65,23175,1947,"555,0",2027-01-31,1981-08-11,1,,,,,
SE-IIE,1991-02-12,Exported,Norway,BEECH-100,B-62,1970,"4810,0",,1981-05-13,1,Senast registrerad ägare,504371.0,Business Aircraft Sales Sweden AB,Box 2036 57202 OSKARSHAMN Sweden,1991-01-03
SE-IIF,1999-06-07,Exported,United States of America,CESSNA-TU206G,U20605806,1980,"1633,0",,1981-05-05,1,,,,,
SE-III,2000-02-22,Exported,Switzerland,CESSNA-TU206G,U20606155,1981,"1633,0",,1981-07-21,1,Senast registrerad ägare,503995.0,Omnitrade AB,Box 5149 10243 STOCKHOLM Sweden,1997-07-08
SE-IIK,2011-03-02,Total write-off,,PITTS-S2A,2118,1976,"715,0",,1981-08-12,1,,,,,
SE-IIL,,,,SAAB-91B,91.211,1952,"1165,0",2027-06-30,1981-06-22,1,,,,,
SE-IIM,1983-09-09,Exported,United States of America,SWEARINGEN SA226-T,T-403,1981,"5660,0",,1981-05-21,1,Senast registrerad ägare,501519.0,SAAB AB,581 88 Linköping Sweden,1981-05-21
SE-IIN,,,,CESSNA-172N,17270712,1978,"1157,0",2027-06-01,1981-07-14,1,Registrerad ägare,502967.0,Skövde Motorflygklubb,Skövde Flygplats 541 91 SKÖVDE Sweden,1996-05-23
SE-IIO,,,,REPUBLIC-RC3,120-916,1946,"1430,0",2026-08-31,1981-07-02,1,,,,,
SE-IIP,2007-11-14,Exported,Spain,BEECH-77,WA 263,1981,"760,0",,1981-09-01,1,Senast registrerad ägare,503525.0,Costa Blanca Flight Training Center SL,Avd. San Rafael 23 ES-03580 Alfaz del Pi Spain,2007-10-22
SE-IIR,,,,BEECH-77,WA 264,1981,"760,0",2026-04-18,1981-09-01,1,Registrerad ägare,500496.0,Kungsair Training AB,Sweden,2006-10-12
SE-IIT,,,,CESSNA-172M,17267175,1976,"1045,0",2027-07-16,1981-11-05,2,,,,,
SE-IIU,1991-06-10,Exported,Peru,BEECH-E90,LW-106,1974,"4580,0",,1981-08-12,1,Senast registrerad ägare,500111.0,Bromma Air Maintenance AB,"Hangar 4, Bromma Airport 168 67 Bromma Sweden",1990-04-18
SE-IIV,2024-10-07,Exported,United States of America,PIPER PA-24-260,24-4970,1971,"1450,0",,1982-05-19,2,,,,,
SE-IIX,,,,CESSNA-U206A,U206-0591,1966,"1635,0",2022-07-13,1981-08-20,1,Registrerad ägare,692497.0,Täby Aircraft Maintenance Aktiebolag,Örebro-Bofors Flygplats 705 94 ÖREBRO Sweden,2022-12-13
SE-IIY,1985-12-05,Exported,United States of America,CESSNA-404,404-0101,1977,"3810,0",,1981-09-10,1,Senast registrerad ägare,503861.0,Golden Air AB,Lidköpings Flygplats 53192 LIDKÖPING Sweden,1983-01-18
SE-IIZ,1995-12-08,Destroyed,,MORANE SAULNIER-MS892A-150,10657,1966,"980,0",,1981-11-27,1,Senast registrerad ägare,500083.0,Lycon Engineering AB,Härkeberga 16 745 96 Enköping Sweden,1995-12-07
SE-IKB,,,,CESSNA-140,9624,1946,"660,0",2026-09-30,1982-09-29,1,,,,,
SE-IKD,1994-04-19,Exported,Luxembourg,BEECH-E90,LW-297,1978,"4580,0",,1982-09-07,1,Senast registrerad ägare,504150.0,Aircraft Lease I Vadstena AB,Box 159 592 23 VADSTENA Sweden,1987-04-06
SE-IKE,,,,SAAB-91B2,91.339,1957,"1215,0",2022-06-30,1985-01-02,1,,,,,
SE-IKF,,,,PIPER PA-24-250,24-3591,1964,"1315,0",2027-04-07,1983-05-19,1,,,,,
SE-IKG,1985-07-23,Exported,United Kingdom,CESSNA-TU206G,U20604986,1979,"1633,0",,1982-11-29,1,Senast registrerad ägare,502490.0,Fallskärmsklubben Cirrus Göteborg,Sweden,1982-11-29
SE-IKH,1993-04-26,Exported,Denmark,MOONEY-M20J,24-0619,1978,"1243,0",,1982-11-16,1,,,,,
SE-IKI,,,,SAAB-91D,91.359,1959,"1205,0",1986-04-30,1983-05-03,1,Registrerad ägare,504266.0,Euro Hcb Leasing AB,Box 7272 10389 STOCKHOLM Sweden,1985-01-24
SE-IKK,,,,SAAB-91D,91.363,1959,"1205,0",2026-10-31,1983-03-08,1,,,,,
SE-IKM,1985-03-08,Exported,United States of America,BEECH-E90,LW-283,1978,"4580,0",,1983-01-20,1,Senast registrerad ägare,503894.0,Kungsair Falcon AB,Säve Flygplats 2055 423 70 SÄVE Sweden,1983-01-20
SE-IKN,,,,P ROBIN-R2160D,161,1978,"800,0",2027-02-23,1983-06-03,1,,,,,
SE-IKO,,,,PIPER PA-18,18-2038,1953,"680,0",2027-06-30,1983-04-27,1,,,,,
SE-IKP,1989-03-08,Exported,Denmark,FAIRCH. SWEARINGEN SA226-TC,TC-374,1980,"5670,0",,1983-03-11,1,Senast registrerad ägare,504117.0,Salenia Aviation AB,Box 7826 10397 STOCKHOLM Sweden,1987-10-26
SE-IKR,2018-11-29,Exported,Finland,SAAB-91D,91.417,1960,"1205,0",1996-07-31,1983-06-29,1,Senast registrerad ägare,502916.0,Aero Pals Club,Sweden,1986-12-17
SE-IKS,1987-03-23,Exported,Egypt,AIR TRACTOR-AT400,400-0503,1983,"3540,0",,1983-06-01,1,Senast registrerad ägare,503897.0,Söderala Flyg AB,Mohed 6590 826 61 SÖDERALA Sweden,1983-06-01
SE-IKT,1987-03-23,Exported,Egypt,AIR TRACTOR-AT400,400-0504,1983,"3540,0",,1983-06-01,1,Senast registrerad ägare,503897.0,Söderala Flyg AB,Mohed 6590 826 61 SÖDERALA Sweden,1983-06-01
SE-IKU,1985-09-17,Exported,Germany,CESSNA-421C,0107,1976,"3380,0",,1983-06-29,1,Senast registrerad ägare,504216.0,Ragne Shipping Co AB,Gustav Adolfs Torg 14 11120 STOCKHOLM Sweden,1983-06-29
SE-IKV,,,,PIPER-PA31-350,31-7405148,1973,"3342,0",2015-08-19,1983-05-23,1,Registrerad ägare,533124.0,No1 Flightengineering AB,Bleckåsen 385 835 93 ALSEN Sweden,2014-06-25
SE-IKX,,,,CESSNA-A185E,185-1530,1969,"1520,0",2025-08-07,1984-07-11,2,Registrerad delägare,504316.0,Poro I Norrlångträsk AB,Norrlångträsk 6 93495 KÅGE Sweden,1991-11-26
SE-IKY,1999-06-29,Exported,Norway,DORNIER-228-201,8016,1983,"5980,0",,1984-01-17,1,Senast registrerad ägare,503249.0,Guard Air AS,Postboks 276 NO-N-3201 SANDEFJORD Norway,1998-10-29
SE-IKZ,2002-09-11,Exported,Australia,FAIRCH. SWEARINGEN SA226-TC,TC-383,1980,"5670,0",,1983-09-20,1,Senast registrerad ägare,504829.0,Maxair AB,Box 24 230 32 MALMÖ-STURUP Sweden,1999-06-28
SE-ILB,2005-01-26,Exported,Denmark,SAAB-MFI15-200A,808,1981,"1200,0",2005-05-31,1981-04-14,1,,,,,
SE-ILD,2006-05-29,Exported,Lithuania,PIPER-PA28-161,28-8116293,1981,"1055,0",,1982-05-04,1,Senast registrerad ägare,502869.0,Lidköpings Motorflygklubb,Hovby Flygplats 5 531 92 LIDKÖPING Sweden,1998-04-29
SE-ILE,2019-08-29,Exported,United Kingdom,PIPER-PA28-181,28-8190294,1981,"1157,0",2019-06-14,1983-04-22,1,Senast registrerad ägare,533644.0,Tellus Aviation Academy Sweden AB,Rotevägen 8 611 92 NYKÖPING Sweden,2015-08-13
SE-ILG,,,,PIPER-PA28-161,28-8216224,1982,"1055,0",2026-12-19,1983-05-06,1,Registrerad ägare,693637.0,Young Aviators Sweden (YAS),Sweden,2023-01-10
SE-ILH,1991-06-17,Total write-off,,PIPER-PA28-161,28-8316066,1983,"1055,0",,1983-11-01,1,Senast registrerad ägare,502473.0,Chalmers Flygklubb,Säve Flygplatsväg 28 423 73 SÄVE Sweden,1985-04-23
SE-ILI,1985-09-09,Exported,Denmark,PIPER-PA34-220T,34-8333088,1983,"1999,0",,1983-07-07,1,Senast registrerad ägare,503772.0,Saab Nyge Aero AB,Box 321 611 27 NYKÖPING Sweden,1983-07-07
SE-ILK,1997-10-20,Total write-off,,PIPER-PA38-112,38-78A0536,1978,"760,0",,1983-05-18,1,Senast registrerad ägare,504515.0,Airways Flygutbildning Svenska AB,Sweden,1992-08-13
SE-ILL,2025-02-05,Scrapped,,PIPER-PA31-350,31-7305117,1973,"2948,0",,2023-12-15,1,,,,,
SE-ILM,1986-12-16,Destroyed,,PIPER-PA38-112,38-78A0752,1978,"760,0",,1983-06-29,1,Senast registrerad ägare,504234.0,Martinair AB,Bromma Flygplats 168 67 BROMMA Sweden,1986-08-13
SE-ILN,2007-01-17,Non-airworthy,,PIPER-PA38-112,38-82A100,1982,"760,0",,1982-05-18,1,Senast registrerad ägare,505173.0,Chalmers Flygklubb KB,Säve Flygplats 2010 423 70 SÄVE Sweden,1983-06-09
SE-ILO,,,,PIPER-PA28-140,28-21703,1966,"975,0",2027-07-02,1985-08-13,1,,,,,
SE-ILP,2011-10-05,Exported,Germany,PIPER-PA46-350P,4636258,2000,"1968,0",2011-10-22,2000-03-08,1,Senast registrerad ägare,503601.0,Airplane Charter RT GmbH,Gravenreutherstr. 2 DE-954 45 BAYREUTH Germany,2010-08-02
SE-ILR,2003-02-12,Exported,Luxembourg,PIPER-PA46-500TP,4697047,2001,"2200,0",,2001-05-17,1,Senast registrerad ägare,503772.0,Saab Nyge Aero AB,Box 321 611 27 NYKÖPING Sweden,2001-05-17
SE-ILS,1982-12-10,Exported,Norway,SAAB-MFI15-200A,807,1981,"1200,0",1983-04-30,1981-04-15,1,Senast registrerad ägare,505154.0,Imw Agenturer KB I M Wlassics & Co,Forssaby 640 34 SPARREHOLM Sweden,1981-06-05
SE-ILU,2002-10-15,Exported,Norway,PIPER-PA28-181,2843454,2001,"1157,0",,2002-08-14,1,Senast registrerad ägare,503363.0,Oslo Flyveklubb,Småflyhavna NO-N-2027 Kjeller Norway,2002-10-15
SE-ILV,2013-07-09,Exported,France,PIPER-PA28-181,2843426,2001,"1157,0",2014-03-31,2001-03-07,1,Senast registrerad ägare,504583.0,Air-Unlimited Sweden AB,Sweden,2012-12-19
SE-ILY,,,,PIPER-PA31-350,31-7852051,1978,"3345,0",2018-10-10,1983-10-26,1,Registrerad ägare,698798.0,Swedair Management AB,Tomtebogatan 7A 553 13 Jönköping Sweden,2026-02-13
SE-ILZ,1983-05-04,Exported,Israel,PIPER-PA34-200T,34-7970113,1979,"1999,0",,1982-05-07,2,,,,,
SE-IMA,2014-04-23,Exported,Norway,CESSNA-F152,F15201720,1980,"758,0",2014-10-11,1981-11-05,1,,,,,
SE-IMB,2013-04-16,Exported,Belgium,CESSNA-F150M,F15001425,1977,"725,0",2013-04-10,1981-12-30,1,Senast registrerad ägare,504557.0,B N Flyg & Maskin AB,Fiskarhagsvägen 10 145 90 NORSBORG Sweden,2009-07-15
SE-IMC,1985-06-04,Exported,Norway,PIPER-PA23-250,27-4741,1971,"2360,0",,1982-03-29,1,Senast registrerad ägare,504456.0,Scanvac Control AB,Lindskärsvägen 22 725 92 VÄSTERÅS Sweden,1982-03-29
SE-IMD,1989-03-08,Exported,Denmark,FAIRCH. SWEARINGEN SA226-TC,371,1980,"5670,0",,1982-01-19,1,Senast registrerad ägare,504117.0,Salenia Aviation AB,Box 7826 10397 STOCKHOLM Sweden,1988-12-06
SE-IME,2014-12-29,Exported,Sweden,MFI-9B,038,1965,"575,0",2000-05-31,1982-07-08,1,,,,,
SE-IMF,,,,PIPER PA-18,18-1994-855,1953,"680,0",2026-04-30,1982-04-14,2,,,,,
SE-IMG,2001-02-12,Exported,Germany,PIPER PA-18,18-2006,1953,"680,0",2001-04-30,1982-04-19,1,,,,,
SE-IMH,2010-04-01,Exported,Germany,PIPER J3C-65,12308-1284,1944,"530,0",2011-05-31,1983-03-16,1,,,,,
SE-IMI,1990-06-25,Exported,Egypt,AIR TRACTOR-AT400,400-0435,1982,"3540,0",,1982-05-27,1,Senast registrerad ägare,503897.0,Söderala Flyg AB,Mohed 6590 826 61 SÖDERALA Sweden,1982-05-27
SE-IMK,1990-12-27,Exported,United States of America,AIR TRACTOR-AT400,400-0438,1982,"3540,0",,1982-05-27,1,Senast registrerad ägare,503897.0,Söderala Flyg AB,Mohed 6590 826 61 SÖDERALA Sweden,1982-05-27
SE-IMM,1986-11-03,Destroyed,,DE HAVILLAND DHC-2 MK I,406 (US1209),1952,"2315,0",,1983-01-12,1,Senast registrerad ägare,505208.0,Tammert Aero HB,Gazellvägen 7 98137 KIRUNA Sweden,1983-01-12
SE-IMN,1990-12-27,Exported,United States of America,AIR TRACTOR-AT400,400-0444,1982,"3540,0",,1982-06-23,1,Senast registrerad ägare,503897.0,Söderala Flyg AB,Mohed 6590 826 61 SÖDERALA Sweden,1982-06-23
SE-IMO,1985-04-11,Exported,United Kingdom,SOCATA-TB20,284,1982,"1335,0",,1982-11-23,1,Senast registrerad ägare,505176.0,Flygfirma Nilsson & Co HB,Box 654 441 18 ALINGSÅS Sweden,1982-11-23
SE-IMP,,,,SOCATA-TB10,368,1983,"1150,0",,1984-02-16,1,,,,,
SE-IMR,1998-04-03,Exported,Denmark,SOCATA-TB9,413,1984,"1060,0",,1984-12-10,2,,,,,
SE-IMS,1987-12-22,Exported,France,P ROBIN-R3000/120,106,1985,"900,0",,1985-06-04,1,Senast registrerad ägare,505176.0,Flygfirma Nilsson & Co HB,Box 654 441 18 ALINGSÅS Sweden,1985-06-04
SE-IMT,2009-06-24,Exported,Latvia,SOCATA-TB20,522,1985,"1335,0",2010-06-30,1985-08-08,1,Senast registrerad ägare,502524.0,Luleå-Boden Flygklubb,Flygstationsvägen 4 972 54 LULEÅ Sweden,2005-04-18
SE-IMU,1997-04-29,Exported,Germany,SOCATA-TB10,619,1986,"1150,0",,1986-07-24,1,Senast registrerad ägare,503209.0,Luftsportverein Rietberg e.V.,Germany,1997-02-17
SE-IMV,1987-07-29,Exported,Ireland,MORANE SAULNIER-MS893A,10559,1965,"1050,0",,1987-05-12,1,Senast registrerad ägare,505176.0,Flygfirma Nilsson & Co HB,Box 654 441 18 ALINGSÅS Sweden,1987-05-12
SE-IMX,2021-11-03,Exported,Czech Republic,MORANE SAULNIER-MS893A,10638,1966,"1050,0",2022-09-12,1989-02-21,1,,,,,
SE-IMY,2024-09-06,Destroyed,,SOCATA-TB10,656,1987,"1150,0",2020-09-29,1987-11-04,1,Senast registrerad ägare,502488.0,Gotlands Flygklubb,Hangarvägen 6 621 41 Visby Sweden,2018-09-11
SE-IMZ,1990-07-24,Exported,France,SOCATA-TB10,660,1987,"1150,0",,1988-01-26,1,Senast registrerad ägare,505176.0,Flygfirma Nilsson & Co HB,Box 654 441 18 ALINGSÅS Sweden,1990-06-20
SE-INA,1987-10-29,Exported,Colombia,FAIRCHILD-F27-F,69,1959,"19070,0",,1983-10-14,1,Senast registrerad ägare,504148.0,Swedair I Växjö AB,Box 16 230 32 MALMÖ-STURUP Sweden,1983-10-14
SE-INC,1985-06-20,Exported,Denmark,CESSNA-421C,0045,1976,"3380,0",,1983-11-10,2,Senast registrerad delägare,504052.0,SVAFAB Stockholm Valve & Fitting AB,Box 6067 192 06 SOLLENTUNA Sweden,1983-11-10
SE-INC,1985-06-20,Exported,Denmark,CESSNA-421C,0045,1976,"3380,0",,1983-11-10,2,Senast registrerad ägare,504135.0,Falcon Air AB,Box 36 230 32 MALMÖ-STURUP Sweden,1983-12-06
SE-IND,1985-01-04,Exported,Denmark,CESSNA-421B,0593,1974,"3380,0",,1983-10-25,1,Senast registrerad ägare,503916.0,Silhouette International AB,Södergatan 13 21140 MALMÖ Sweden,1983-10-25
SE-INE,1988-06-09,Exported,Germany,CESSNA-404,404-0079,1977,"3810,0",,1983-10-28,1,Senast registrerad ägare,500217.0,Skyways Express AB,Jönköpings Flygplats 555 93 Jönköping Sweden,1987-12-14
SE-INF,1986-03-14,Exported,Denmark,AMERICAN AVIATION-AA1,0446,1970,"680,0",,1984-07-03,1,,,,,
SE-ING,1993-04-07,Exported,Canada,BEECH-A100,B-163,1973,"5215,0",,1983-12-12,1,Senast registrerad ägare,504106.0,Holmstroem Air AB I Kk,Flygplatsen 57791 HULTSFRED Sweden,1985-03-26
SE-INH,1993-11-18,Exported,United States of America,CESSNA-T310R,310R1345,1978,"2495,0",,1983-12-27,1,Senast registrerad ägare,504055.0,OSM Aviation Academy AB,Hässlögatan 2 E 721 31 VÄSTERÅS Sweden,1983-12-27
SE-INI,2005-03-03,Exported,South Africa,BEECH-200,BB 687,1980,"5670,0",,1983-12-09,1,Senast registrerad ägare,503756.0,SOS Flyg i Sverige AB,Säve Flygplatsväg 423 73 SÄVE Sweden,1986-11-28
SE-INK,1993-02-03,Exported,United States of America,EMBRAER EMB-110 P1,165,1978,"5670,0",,1984-02-10,1,Senast registrerad ägare,503762.0,Auuexus AB,Olof Asklunds Gata 1 42130 VÄSTRA FRÖLUNDA Sweden,1991-09-30
SE-INL,,,,CESSNA-T210N,21064692,1982,"1815,0",,1984-02-23,1,Registrerad ägare,504106.0,Holmstroem Air AB I Kk,Flygplatsen 57791 HULTSFRED Sweden,1987-07-28
SE-INM,2009-12-09,Exported,Canada,BRITTEN-NORMAN-BN-2A,84,1969,"2722,0",2010-06-02,1984-03-13,1,Senast registrerad ägare,502926.0,Smålands Fallskärmsklubb,Sweden,2009-07-31
SE-INN,,,,CESSNA-F172H,F172-556,1968,"1045,0",,1984-03-22,1,,,,,
SE-INO,2002-03-13,Exported,United States of America,CESSNA-U206G,U20605504,1980,"1725,0",,2001-10-17,1,Senast registrerad ägare,504388.0,Grafström Aviation AB,Geijersvägen 3 184 51 ÖSTERSKÄR Sweden,2001-10-17
SE-INR,1988-10-25,Exported,Kenya,PIPER-PA31,31-776,1971,"2948,0",,1984-04-12,1,Senast registrerad ägare,504252.0,Piteåflyget Air Touring AB,Hortlaxvägen 9 944 20 HORTLAX Sweden,1984-04-12
SE-INS,1993-09-03,Exported,United States of America,CESSNA-402B,402B0505,1973,"2860,0",,1984-03-06,1,Senast registrerad ägare,504723.0,Skytop Aviation Sweden AB,Box 50 23032 MALMö-STURUP Sweden,1993-07-07
SE-INT,2015-07-23,Exported,United States of America,CESSNA-U206D,U206-1333,1969,"1633,0",2016-06-30,1984-06-06,1,Senast registrerad ägare,500448.0,Grafair Flight Management AB,Flygplatsinfarten 1 168 67 Bromma Sweden,2008-02-13
SE-INU,1993-08-31,Exported,Germany,CESSNA-172N,17272343,1979,"1055,0",,1984-06-20,1,Senast registrerad ägare,504419.0,Ingvar Bondesson Bil AB,Skördevägen 15 43254 VARBERG Sweden,1993-07-30
SE-INV,1987-03-20,Destroyed,,BEECH-95-B55,TC-1672,1974,"2315,0",,1984-02-24,1,Senast registrerad ägare,505166.0,Liz-Air HB,Box 8 26042 MÖLLE Sweden,1984-02-24
SE-INX,1989-08-08,Exported,United States of America,DE HAVILLAND DHC-2 MK I,1131,1957,"2315,0",,1984-05-03,1,Senast registrerad ägare,504338.0,Heli AB,Malmskogen 58272 LINKÖPING Sweden,1987-02-18
SE-INY,2005-10-04,Exported,Canada,CESSNA-A185E,18502030,1971,"1481,0",,1984-05-22,1,,,,,
SE-INZ,1999-07-01,Scrapped,,SHORT-SD3-30,SH-3097,1984,"10385,0",,1984-06-06,1,Senast registrerad ägare,500711.0,Skyways Enterprise AB,Flygledarevägen 3 423 37 TORSLANDA Sweden,1997-02-03
SE-IOA,1995-04-07,Exported,Denmark,CESSNA-207,20700049,1969,"1725,0",,1984-06-26,1,Senast registrerad ägare,504617.0,AB Öst-Flyg,Åsvägen 23 393 65 KALMAR Sweden,1995-04-03
SE-IOB,1989-06-12,Destroyed,,PIPER-PA28-181,28-7690270,1976,"1157,0",,1984-05-03,1,Senast registrerad ägare,502466.0,Borås Flygklubb,Vindgatan 7 504 64 BORÅS Sweden,1984-05-03
SE-IOC,2003-02-06,Exported,Denmark,SAAB-91D,91441,1962,"1205,0",2003-10-31,1984-06-27,1,,,,,
SE-IOD,2014-03-11,Exported,Finland,CESSNA-F150H,F150-0238,1967,"725,0",2013-09-25,1984-05-24,1,,,,,
SE-IOE,1992-04-03,Exported,Portugal,AIR TRACTOR-AT400,400-0516,1984,"3540,0",,1984-06-15,1,Senast registrerad ägare,503897.0,Söderala Flyg AB,Mohed 6590 826 61 SÖDERALA Sweden,1984-06-15
SE-IOF,1998-03-09,Exported,United States of America,BEECH-58,TH-784,1976,"2455,0",,1984-06-15,1,Senast registrerad ägare,504792.0,Swe Fly AB,Box 627 611 10 NYKÖPING Sweden,1996-11-26
SE-IOG,1991-05-17,Exported,Iceland,BEECH-99,U-124,1969,"4715,0",,1984-10-08,1,Senast registrerad ägare,504603.0,Scanjet Aviation AB,Kungsängens Flygplats 601 73 NORRKÖPING Sweden,1990-06-21
SE-IOH,1994-06-08,Exported,United States of America,FAIRCH. SWEARINGEN SA226-TC,TC-218,1975,"5670,0",,1984-08-01,1,Senast registrerad ägare,500711.0,Skyways Enterprise AB,Flygledarevägen 3 423 37 TORSLANDA Sweden,1993-02-24
SE-IOI,2007-01-17,Non-airworthy,,SAAB-91B2,91.331,1958,"1215,0",1985-11-30,1984-11-05,1,Senast registrerad ägare,502524.0,Luleå-Boden Flygklubb,Flygstationsvägen 4 972 54 LULEÅ Sweden,1984-11-05
SE-IOM,1993-04-29,Exported,United States of America,PIPER-PA32R-301T,32R-8529006,1985,"1633,0",,1985-02-06,1,Senast registrerad ägare,504503.0,Eolus AB,Hembyvägen 16 18148 LIDINGÖ Sweden,1990-06-01
SE-ION,1993-07-16,Exported,Germany,PIPER-PA46-310P,46-8508068,1985,"1860,0",,1985-07-16,1,Senast registrerad ägare,504660.0,Andersson Aircraft AB,Box 166 611 24 NYKÖPING Sweden,1993-03-03
SE-IOO,1994-11-03,Exported,United States of America,PIPER-PA46-310P,4608104,1988,"1860,0",,1988-04-20,1,Senast registrerad ägare,505273.0,Dala Reklamflyg HB,Kårby 41 781 94 BORLÄNGE Sweden,1988-09-08
SE-IOR,1994-01-17,Exported,United States of America,PIPER-PA46-310P,46-8608020,1986,"1860,0",,1986-05-07,2,Senast registrerad ägare,503911.0,Hydraulik Consult AB,Box 8080 16308 SPÅNGA Sweden,1991-01-16
SE-IOR,1994-01-17,Exported,United States of America,PIPER-PA46-310P,46-8608020,1986,"1860,0",,1986-05-07,2,Senast registrerad delägare,504370.0,Contman Business AB,Box 7390 10391 STOCKHOLM Sweden,1991-01-16
SE-IOT,1993-03-25,Exported,United States of America,PIPER-PA31-350,31-7752101,1977,"3175,0",,1985-08-27,1,Senast registrerad ägare,504660.0,Andersson Aircraft AB,Box 166 611 24 NYKÖPING Sweden,1993-03-25
SE-IOU,1987-03-30,Destroyed,,MITSUBISHI-MU2B-25,304,1974,"4500,0",,1986-01-29,1,Senast registrerad ägare,503772.0,Saab Nyge Aero AB,Box 321 611 27 NYKÖPING Sweden,1986-01-29
SE-IOV,,,,MITSUBISHI-MU2B-26,337,1975,"4750,0",2027-04-29,1986-02-06,1,Registrerad ägare,501519.0,SAAB AB,581 88 Linköping Sweden,2022-03-04
SE-IOX,1987-03-30,Destroyed,,MITSUBISHI-MU2B-26,331,1976,"4749,0",,1986-03-10,1,Senast registrerad ägare,503772.0,Saab Nyge Aero AB,Box 321 611 27 NYKÖPING Sweden,1986-03-10
SE-IOY,1992-05-20,Exported,United States of America,MITSUBISHI-MU2B-25,265,1973,"4500,0",,1986-04-18,1,Senast registrerad ägare,503772.0,Saab Nyge Aero AB,Box 321 611 27 NYKÖPING Sweden,1986-04-18
SE-IOZ,,,,MITSUBISHI-MU2B-26,320,1974,"4750,0",2027-06-03,1986-10-03,1,Registrerad ägare,501519.0,SAAB AB,581 88 Linköping Sweden,2008-07-14
SE-IPA,2001-06-12,Exported,Poland,CESSNA-F152,F15201949,1984,"758,0",,1985-10-23,1,Senast registrerad ägare,504055.0,OSM Aviation Academy AB,Hässlögatan 2 E 721 31 VÄSTERÅS Sweden,1996-03-22
SE-IPB,1991-11-01,Exported,United States of America,CESSNA-441,441-0254,1981,"4470,0",,1984-05-29,1,Senast registrerad ägare,500453.0,AB Nord-Flyg,Sweden,1991-11-01
SE-IPC,1992-11-26,Exported,Denmark,BAE-JETSTREAM-3100,604,1982,"6900,0",,1990-09-07,1,Senast registrerad ägare,504544.0,Nordic & European Airways Nea AB,Västerås Flygplats 72596 VÄSTERÅS Sweden,1990-09-07
SE-IPD,1992-10-09,Exported,Denmark,BAE-JETSTREAM-3100,641,1984,"6950,0",,1989-10-13,1,Senast registrerad ägare,504544.0,Nordic & European Airways Nea AB,Västerås Flygplats 72596 VÄSTERÅS Sweden,1989-12-22
SE-IPE,1987-10-23,Exported,Colombia,FAIRCHILD-F27-F,068,1959,"18370,0",,1985-06-11,1,Senast registrerad ägare,504148.0,Swedair I Växjö AB,Box 16 230 32 MALMÖ-STURUP Sweden,1985-06-11
SE-IPF,2001-05-31,Exported,Germany,CESSNA-F152,F15201961,1985,"758,0",,1987-09-02,1,Senast registrerad ägare,504055.0,OSM Aviation Academy AB,Hässlögatan 2 E 721 31 VÄSTERÅS Sweden,1996-03-22
SE-IPG,,,,CESSNA-F172P,F17202234,1985,"1089,0",,1986-10-28,1,Registrerad ägare,504320.0,Se. Civilflygskolan AB,Bromma Flygplats 168 67 BROMMA Sweden,1987-09-02
SE-IPI,2008-04-09,Exported,Denmark,CESSNA-F172P,F172-2240,1986,"1089,0",,1987-03-17,1,,,,,
SE-IPK,1999-12-13,Exported,United States of America,CESSNA-A185F,18504224,1981,"1520,0",,1986-06-18,1,Senast registrerad ägare,504526.0,Sjöflygarna AB,Karlavägen 56 11449 STOCKHOLM Sweden,1992-06-26
SE-IPL,2000-11-23,Exported,United States of America,CESSNA-TU206G,U20604046,1977,"1633,0",,1987-04-21,1,Senast registrerad ägare,502812.0,Fallskärmsklubben SYD,Storgatan 34 241 30 ESLÖV Sweden,1993-08-23
SE-IPM,1995-07-13,Exported,United States of America,CESSNA-340A,340A0667,1979,"2855,0",,1987-07-17,1,Senast registrerad ägare,504657.0,Svenska Civilflygskolan AB,Box 20181 16102 BROMMA Sweden,1995-02-15
SE-IPN,1991-05-29,Exported,Finland,CESSNA-F172P,F17202196,1982,"1089,0",,1987-08-26,1,Senast registrerad ägare,504657.0,Svenska Civilflygskolan AB,Box 20181 16102 BROMMA Sweden,1990-11-19
SE-IPO,1993-04-28,Exported,Germany,CESSNA-172P,17274457,1980,"1090,0",,1988-07-12,2,Senast registrerad ägare,504301.0,Båsab AB,Foghammarsvägen 49 747 30 ALUNDA Sweden,1991-04-12
SE-IPO,1993-04-28,Exported,Germany,CESSNA-172P,17274457,1980,"1090,0",,1988-07-12,2,Senast registrerad delägare,504578.0,Bröderna Sundins Schakt AB,Faringe Ösby 74010 ALMUNGE Sweden,1991-04-12
SE-IPP,2001-10-26,Exported,Poland,CESSNA-152,15283490,1979,"760,0",,1989-05-30,1,Senast registrerad ägare,504055.0,OSM Aviation Academy AB,Hässlögatan 2 E 721 31 VÄSTERÅS Sweden,1998-03-18
SE-IPR,2011-03-02,Exported,Norway,CESSNA-R182,R18200704,1979,"1406,0",2011-09-02,1995-05-19,1,Senast registrerad ägare,503561.0,HeliScan AS,Vangbergsvegen 127 NO-N-7633 FROSTA Norway,2009-03-05
SE-IPS,2015-12-08,Exported,Poland,CESSNA-172P,17275462,1982,"1089,0",2016-03-04,1989-11-15,1,Senast registrerad ägare,503771.0,Ensio Invest AB,Box 4146 181 04 LIDINGÖ Sweden,2002-05-07
SE-IPT,2008-07-30,Exported,United States of America,CESSNA-340A,340A-1816,1984,"2900,0",,1994-08-23,1,Senast registrerad ägare,504895.0,Roplan Aircraft AB,Skyttbrinksvägen 20 147 39 TUMBA Sweden,2000-09-20
SE-IPZ,,,,CESSNA-T210R,210064956,1985,"1860,0",,1987-09-03,1,Registrerad ägare,504184.0,Rederi AB Karl Xii,Mon Gård 79091 IDRE Sweden,1989-06-13
SE-IRA,1992-08-11,Exported,Slovenia,CESSNA-150L,15073255,1972,"725,0",,1984-10-12,1,Senast registrerad ägare,502710.0,Älmhults Flygklubb,Sweden,1984-10-12
SE-IRB,1990-10-17,Exported,Germany,CESSNA-404,404-0809,1981,"3810,0",,1984-09-21,1,Senast registrerad ägare,505166.0,Liz-Air HB,Box 8 26042 MÖLLE Sweden,1984-09-21
SE-IRC,2011-02-23,Scrapped,,CESSNA-F172P,F17202173,1982,"1089,0",,1985-05-22,1,Senast registrerad ägare,502656.0,Täby Sjöflygklubb,Pontongränd 9 183 62 TÄBY Sweden,2009-03-09
SE-IRD,2007-01-17,Exported,Finland,CESSNA-F172N,F17201976,1980,"1045,0",,1984-11-29,1,Senast registrerad ägare,502464.0,Bollnäs Flygklubb,Flygvägen 25 821 30 BOLLNÄS Sweden,1984-11-29
SE-IRE,1989-03-07,Exported,Canada,BEECH-99,U-75,1969,"4720,0",,1984-11-05,1,Senast registrerad ägare,504106.0,Holmstroem Air AB I Kk,Flygplatsen 57791 HULTSFRED Sweden,1984-11-05
SE-IRF,1989-11-09,Exported,Netherlands,FOKKER-F27-MK600,10329,1967,"19730,0",,1985-01-31,1,Senast registrerad ägare,503787.0,Aerotransport AB,Box 7751 10396 STOCKHOLM Sweden,1985-01-31
SE-IRG,1989-12-07,Exported,Netherlands,FOKKER-F27-MK600,10387,1968,"19730,0",,1984-11-29,1,Senast registrerad ägare,503787.0,Aerotransport AB,Box 7751 10396 STOCKHOLM Sweden,1984-11-29
SE-IRH,1987-10-30,Exported,Norway,BEECH-A100,B122,1972,"5215,0",,1984-11-29,1,Senast registrerad ägare,503764.0,Bromma Air Rental AB,Hangar 4  Bromma Flygplats 168 67 BROMMA Sweden,1986-11-20
SE-IRI,2007-07-03,Exported,New Zealand,CESSNA-A185F,18503177,1977,"1520,0",,1984-12-17,1,,,,,
SE-IRK,,,,PIPER-PA28R-200,28R-7535091,1975,"1200,0",2027-07-01,1984-12-21,1,Registrerad ägare,502608.0,Västerviks Flygklubb,Mommehål 593 96 VÄSTERVIK Sweden,2003-10-24
SE-IRL,1988-02-12,Exported,United Kingdom,CESSNA-402B,402B0823,1975,"2860,0",,1985-02-20,1,Senast registrerad ägare,502957.0,Lindholme Aircraft LTD,States Airport LTD GB-00000 JERSEY CHANNEL ISLANDS United Kingdom,1987-12-17
SE-IRM,1993-06-18,Exported,United States of America,FAIRCHILD-SA227-AT,AT-495,1982,"6575,0",,1993-06-11,1,Senast registrerad ägare,502843.0,Försvarets Materielverk,115 88 STOCKHOLM Sweden,1993-06-11
SE-IRN,,,,SAAB-91D,91.369,1959,"1205,0",2027-07-31,1985-04-11,1,Registrerad ägare,502880.0,Skånesafir,Sweden,1985-04-11
SE-IRP,1989-11-06,Exported,United States of America,BEECH-200,288,1977,"5670,0",,1985-02-04,1,Senast registrerad ägare,504200.0,Malmö Aviation Traffic AB,Box 37 201 20 MALMÖ Sweden,1985-02-04
SE-IRR,1997-08-22,Exported,Denmark,PILATUS PC-6/B1-H2,667,1968,"2200,0",,1985-06-19,1,Senast registrerad ägare,502650.0,Östersunds Fallskärmsklubb,Optands flygfält 130 831 92 ÖSTERSUND Sweden,1994-05-20
SE-IRS,,,,CESSNA-A185F,18502409,1974,"1520,0",,1985-04-24,1,Registrerad ägare,505286.0,Alfa-Flyg HB,Fiskarns Väg 8 79431 ORSA Sweden,1995-04-13
SE-IRT,2012-12-20,Destroyed,,AMERICAN AVIATION-AA1,AA1-0416,1970,"680,0",,1985-03-29,1,,,,,
SE-IRU,1990-07-12,Exported,United Kingdom,CESSNA-402C,402C0008,1979,"3105,0",,1985-05-07,1,Senast registrerad ägare,504278.0,Airborne of Sweden AB,Box 111 842 22 SVEG Sweden,1985-05-07
SE-IRV,,,,CESSNA-A185E,185-1161,1966,"1520,0",2026-05-20,1985-07-22,1,,,,,
SE-IRX,,,,PITTS-S2B,5039,1984,"770,0",2027-06-08,1985-05-29,1,,,,,
SE-IRY,,,,SAAB-91D,91.360,1959,"1205,0",2027-03-31,1985-06-10,1,Registrerad ägare,502961.0,Intresseföreningen SAFIR,Sweden,1988-04-12
SE-IRZ,,,,PIPER-PA23-250,27-4257,1969,"2360,0",2026-05-05,1985-06-04,1,Registrerad ägare,500496.0,Kungsair Training AB,Sweden,2022-01-25
SE-ISA,1996-06-26,Owners request,,SAAB-SF340A,340A-002,1983,"12700,0",,1983-05-10,1,Senast registrerad ägare,501519.0,SAAB AB,581 88 Linköping Sweden,1983-05-10
SE-ISB,1985-09-05,Exported,United States of America,SAAB-SF340A,340A-003,1983,"12245,0",,1983-08-25,1,Senast registrerad ägare,501519.0,SAAB AB,581 88 Linköping Sweden,1983-08-25
SE-ISC,1989-02-17,Exported,Netherlands,SAAB-SF340A,340A-008,1984,"12370,0",,1986-02-12,1,Senast registrerad ägare,501519.0,SAAB AB,581 88 Linköping Sweden,1989-01-17
SE-ISD,2008-04-11,Exported,Poland,SAAB-SF340A,340A-145,1989,"12700,0",,1997-01-10,1,Senast registrerad ägare,503534.0,Skyways Aviation (UK) Ltd,13-15 Sheet Street GB-0000 Windsor Berkshire United Kingdom,2008-04-01
SE-ISE,2023-08-17,Scrapped,,SAAB-SF340A,340A-156,1989,"12700,0",2018-08-31,1999-08-10,1,Senast registrerad ägare,503439.0,Alandia Air AB,Åland Islands,2023-03-15
SE-ISF,1987-01-27,Owners request,,SAAB-SF340A,340A-001,1983,"11795,0",,1983-01-25,1,Senast registrerad ägare,501519.0,SAAB AB,581 88 Linköping Sweden,1983-01-25
SE-ISG,2025-04-23,Exported,Estonia,SAAB-340B,340B-162,1989,"13155,0",2026-02-14,2024-10-14,1,Senast registrerad ägare,727924.0,Empterwik Rental AB,Sweden,2025-03-03
SE-ISK,1992-12-30,Exported,United Kingdom,SAAB-SF340A,340A-100,1987,"12700,0",,1987-09-04,1,Senast registrerad ägare,503813.0,Saab Aircraft AB,581 88 LINKÖPING Sweden,1992-12-01
SE-ISL,2005-10-06,Exported,Poland,SAAB-SF340A,340A-130,1988,"12700,0",,1994-09-27,1,Senast registrerad ägare,500217.0,Skyways Express AB,Jönköpings Flygplats 555 93 Jönköping Sweden,2002-05-16
SE-ISM,2002-05-16,Exported,Canada,SAAB-SF340A,340A-133,1988,"12700,0",,2002-03-13,1,Senast registrerad ägare,503792.0,Handelsbanken Finans AB,106 35 STOCKHOLM Sweden,2002-03-13
SE-ISN,2009-11-04,Exported,Romania,SAAB-SF340A,340A-137,1988,"12930,0",2010-06-28,2009-06-29,1,Senast registrerad ägare,503563.0,Spitfire Investments Limited,Way Court West  Union Road    Farnham GB-GU9 7PT SURREY United Kingdom,2009-06-29
SE-ISO,1995-02-08,Exported,Argentina,SAAB-SF340A,340A-013,1984,"12700,0",,1984-12-21,1,Senast registrerad ägare,503813.0,Saab Aircraft AB,581 88 LINKÖPING Sweden,1995-02-03
SE-ISP,2006-11-27,Exported,Poland,SAAB-SF340A,340A-015,1984,"12700,0",,1985-01-09,1,Senast registrerad ägare,500217.0,Skyways Express AB,Jönköpings Flygplats 555 93 Jönköping Sweden,2006-04-26
SE-ISR,2024-02-09,Scrapped,,SAAB-SF340A,340A-017,1984,"12700,0",,2013-01-04,1,Senast registrerad ägare,503439.0,Alandia Air AB,Åland Islands,2013-01-04
SE-ISS,1998-04-29,Exported,Argentina,SAAB-SF340A,340A-033,1985,"12700,0",,1985-09-26,1,Senast registrerad ägare,503145.0,Transportes Aereos Nequen Sa,Diagonal 25 Mayo  180 AR-8300 Nequen Argentina,1996-02-12
SE-IST,1995-03-03,Exported,United States of America,SAAB-SF340A,340A-035,1984,"12700,0",,1985-10-11,1,Senast registrerad ägare,503813.0,Saab Aircraft AB,581 88 LINKÖPING Sweden,1995-02-27
SE-ISU,1994-08-11,Exported,New Zealand,SAAB-SF340A,340A-042,1985,"12700,0",,1985-12-17,1,Senast registrerad ägare,503925.0,Swedair AB,Box 33 190 45 STOCKHOLM-ARLANDA Sweden,1993-06-23
SE-ISV,2005-09-19,Exported,Lithuania,SAAB-SF340A,340A-045,1985,"12700,0",,1986-01-29,1,Senast registrerad ägare,504309.0,Siemens Financial Services AB,Box 6106 171 06 SOLNA Sweden,2005-09-19
SE-ISX,1993-07-21,Exported,New Zealand,SAAB-SF340A,340A-067,1986,"12700,0",,1986-09-25,1,Senast registrerad ägare,503925.0,Swedair AB,Box 33 190 45 STOCKHOLM-ARLANDA Sweden,1991-05-08
SE-ISY,2014-07-29,Exported,Estonia,SAAB-SF340A,340A-080,1986,"12700,0",2014-12-31,1986-12-30,1,Senast registrerad ägare,500452.0,NextJet AB,Box 240 190 47 Stockholm-Arlanda Sweden,2010-08-10
SE-ISZ,2022-06-21,Scrapped,,SAAB-SF340A,340A-097,1987,"12700,0",,2020-05-08,1,Senast registrerad ägare,500192.0,Täby Airmaintenance AB,Örebro Flygplats 705 94 Örebro Sweden,2020-05-08
SE-ITA,2019-11-26,Scrapped,,PIPER-PA31,31-8012028,1980,"2948,0",2017-08-04,1985-01-08,1,Senast registrerad ägare,500427.0,Lunds Universitet,Drottningvägen 5 264 51 Ljungbyhed Sweden,1998-03-18
SE-ITB,2015-02-20,Exported,Norway,PIPER-PA31,31-8012059,1980,"3100,0",2015-03-14,1985-03-21,2,,,,,
SE-ITC,2015-05-19,Exported,Norway,PIPER-PA31,31-8012048,1980,"2948,0",2016-04-30,1985-04-03,1,Senast registrerad ägare,500427.0,Lunds Universitet,Drottningvägen 5 264 51 Ljungbyhed Sweden,1998-03-18
SE-ITD,2014-08-27,Exported,Norway,PIPER-PA31,31-8012035,1980,"2948,0",2015-03-31,1986-04-01,1,Senast registrerad ägare,500427.0,Lunds Universitet,Drottningvägen 5 264 51 Ljungbyhed Sweden,1998-03-18
SE-ITE,2016-11-17,Scrapped,,PIPER-PA31,31-8012010,1980,"3100,0",,1986-04-29,1,Senast registrerad ägare,503771.0,Ensio Invest AB,Box 4146 181 04 LIDINGÖ Sweden,2002-07-02
SE-ITF,2019-12-18,Exported,Norway,SAAB-91B2,91.343,1957,"1215,0",2020-04-30,2009-04-23,1,Senast registrerad ägare,615380.0,Tromoy Aero AS,Revesandveien 293 NO-4818 Faervik Norway,2019-05-16
SE-ITG,1994-09-08,Exported,Denmark,PIPER-PA34-200T,34-7570249,1975,"1999,0",,1985-05-30,1,Senast registrerad ägare,505156.0,Mack Fanerfirma HB,Box 123 567 23 VAGGERYD Sweden,1985-05-30
SE-ITH,1990-01-26,Exported,Netherlands,FOKKER-F27-MK600,10349,1968,"19730,0",,1985-10-25,1,Senast registrerad ägare,503787.0,Aerotransport AB,Box 7751 10396 STOCKHOLM Sweden,1985-10-25
SE-ITI,1990-07-12,Exported,Netherlands,FOKKER-F27-MK600,10350,1968,"19730,0",,1986-02-05,1,Senast registrerad ägare,503787.0,Aerotransport AB,Box 7751 10396 STOCKHOLM Sweden,1986-02-05
SE-ITP,1994-11-22,Exported,United Kingdom,PIPER PA-18,18-3381,1954,"680,0",1994-11-30,1985-11-20,1,Senast registrerad ägare,504617.0,AB Öst-Flyg,Åsvägen 23 393 65 KALMAR Sweden,1994-02-04
SE-ITR,,,,BEECH-E55,TE-1021,1975,"2405,0",2026-08-05,1986-06-26,1,Registrerad ägare,736910.0,CAMURO Consulting a.s.,"Roztylská 1860/1, Chodov CZ-148 00 Praha 4 Czech Republic",2025-08-19
SE-ITS,2014-11-06,Exported,Norway,PIPER-PA31,31-8212018,1982,"2948,0",2015-06-02,1988-06-08,1,Senast registrerad ägare,500427.0,Lunds Universitet,Drottningvägen 5 264 51 Ljungbyhed Sweden,1998-03-18
SE-ITT,2015-06-10,Scrapped,,PIPER-PA31,31-8112065,1981,"2948,0",2011-08-31,1988-08-10,1,Senast registrerad ägare,500427.0,Lunds Universitet,Drottningvägen 5 264 51 Ljungbyhed Sweden,1998-03-18
SE-ITU,2019-11-26,Scrapped,,PIPER-PA31,31-8012085,1980,"2948,0",2017-06-02,1989-06-13,1,Senast registrerad ägare,500427.0,Lunds Universitet,Drottningvägen 5 264 51 Ljungbyhed Sweden,1998-03-18
SE-ITV,2001-01-04,Exported,Finland,PIPER-PA34-220T (V),3449173,2000,"1999,0",,2000-06-22,1,Senast registrerad ägare,503772.0,Saab Nyge Aero AB,Box 321 611 27 NYKÖPING Sweden,2000-06-22
SE-ITX,2003-03-17,Exported,Portugal,PIPER-PA34-220T (V),3449229,2001,"1999,0",,2001-11-08,1,Senast registrerad ägare,503772.0,Saab Nyge Aero AB,Box 321 611 27 NYKÖPING Sweden,2001-11-08
SE-ITY,2021-03-05,Exported,Czech Republic,PIPER PA-25-235,25-2657,1964,"1000,0",2021-07-02,1987-03-05,1,Senast registrerad ägare,628417.0,"Aeroklub Jaromer, z.s.","Novomestska 361, Josefov CZ-55102 Jaromer Czech Republic",2020-12-30
SE-ITZ,,,,CESSNA-F172M,F17201197,1974,"1045,0",2027-04-08,1986-04-04,1,Registrerad ägare,535293.0,Midtjysk Flyveklub,Fyrrely 13 DK-7451 SUNDS Denmark,2015-04-15
SE-IUA,,,,MITSUBISHI-MU2B-26,345,1976,"4750,0",2027-03-13,1987-01-27,1,Registrerad ägare,501519.0,SAAB AB,581 88 Linköping Sweden,2022-03-04
SE-IUB,1994-08-05,Exported,United States of America,MITSUBISHI-MU2B-35,616,1974,"4900,0",,1986-07-02,1,Senast registrerad ägare,505135.0,Stiftelsen Livets Ord,Box 17 75103 UPPSALA Sweden,1992-01-13
SE-IUC,2013-11-26,Exported,United States of America,PIPER-PA34-220T,3447013,1996,"1999,0",2014-10-22,1996-03-05,1,Senast registrerad ägare,504456.0,Scanvac Control AB,Lindskärsvägen 22 725 92 VÄSTERÅS Sweden,2005-03-22
SE-IUD,,,,PIPER-PA28-181,2890065,1988,"1157,0",2027-04-10,1988-06-22,1,Registrerad ägare,500440.0,Linköpings Flygklubb,Pilotgatan 10 582 78  Linköping Sweden,1989-02-16
SE-IUE,,,,PIPER-PA46-310P,4608118,1988,"1860,0",,1988-08-09,1,Registrerad ägare,504642.0,Flygpunkten AB,Bromma Flygplats 168 67 BROMMA Sweden,1991-12-10
SE-IUF,2025-04-07,Exported,Norway,PIPER-PA28-181,2890069,1988,"1157,0",2022-03-29,1988-08-10,1,Senast registrerad ägare,536913.0,Stoflight Academy AB,Hässlögatan 2 A 721 31 VÄSTERÅS Sweden,2019-03-26
SE-IUG,1993-03-03,Exported,United States of America,PIPER-PA31TI,31T-8104024,1981,"3945,0",,1988-03-28,1,Senast registrerad ägare,503710.0,Skåne-Gripen AB,Box 4028 20311 MALMÖ Sweden,1992-05-19
SE-IUH,,,,PIPER-PA34-220T,3433102,1988,"1999,0",2023-07-25,1988-09-20,1,Registrerad ägare,504420.0,Scan-Möre AB,Verkstadsgatan 40 392 39 KALMAR Sweden,1989-05-03
SE-IUI,2002-06-10,Exported,Denmark,PIPER-PA28-161,2816043,1988,"1055,0",,1988-04-18,1,Senast registrerad ägare,503267.0,Air Alpha Aircraft Sales A/S,Odense Airport Box 630 DK-DK-5270 ODENSE N Denmark,2002-02-27
SE-IUK,1991-03-21,Exported,Finland,PIPER-PA46-310P,4608004,1986,"1860,0",,1986-09-18,1,,,,,
SE-IUL,1993-07-15,Exported,United States of America,PIPER-PA31-350,31-8252050,1982,"3175,0",,1987-02-03,1,Senast registrerad ägare,504641.0,Sky Wings AB,Skellefteå Flygplats 93192 SKELLEFTEÅ Sweden,1991-09-23
SE-IUM,1987-07-23,Exported,Germany,PIPER-PA46-310P,4608013,1986,"1860,0",,1986-09-30,1,Senast registrerad ägare,503772.0,Saab Nyge Aero AB,Box 321 611 27 NYKÖPING Sweden,1986-09-30
SE-IUN,1989-01-02,Exported,France,BEECH-200,BB-616,1980,"5670,0",,1985-11-25,1,Senast registrerad ägare,504200.0,Malmö Aviation Traffic AB,Box 37 201 20 MALMÖ Sweden,1985-11-25
SE-IUO,,,,BEECH-95-B55,TC-1716,1974,"2315,0",,1986-05-06,1,Registrerad ägare,504600.0,Bastuban 2113 AB U Nä Rydair AB,Bäcksins Väg 6 42438 AGNESBERG Sweden,1989-12-12
SE-IUP,1992-10-29,Exported,United States of America,BEECH-200,BB-847,1981,"5670,0",,1985-12-12,1,Senast registrerad ägare,503969.0,North European Trading And Financing AB,Olof Asklunds Gata 1 42130 VÄSTRA FRÖLUNDA Sweden,1991-12-04
SE-IUR,1991-02-15,Exported,Finland,PIPER PA-25-235,25-2579,1963,"1000,0",,1986-05-28,1,,,,,
SE-IUS,,,,CESSNA-A185E,185-1471,1968,"1520,0",,1986-05-14,1,,,,,
SE-IUT,1994-02-24,Exported,Germany,LAKE-LA4-200,919,1978,"1179,0",,1986-04-16,4,,,,,
SE-IUU,,,,PZL-104 WILGA 35,62165-1204,1973,"1230,0",2027-06-30,1986-08-21,2,,,,,
SE-IUV,,,,TWIN COMMANDER-690C,11681,1981,"4683,0",2027-03-31,2007-06-26,1,Registrerad ägare,500465.0,Wermlandsflyg AB,Bergebyvägen 49B 685 93 Torsby Sweden,2007-06-26
SE-IUX,2022-04-04,Scrapped,,BEECH-200,BB 675,1980,"5670,0",2015-02-22,1986-02-28,1,Senast registrerad ägare,500483.0,Avincis Aviation Sweden AB,Stockevägen 68 832 56 Frösön Sweden,2021-06-17
SE-IUZ,1987-03-20,Exported,Norway,BEECH-200,BB-196,1977,"5670,0",,1986-03-19,2,,,,,
SE-IVA,2002-10-04,Exported,Spain,MITSUBISHI-MU2B-36,666,1975,"5255,0",,1986-04-14,1,Senast registrerad ägare,503326.0,Aero Dynamics Malaga S.L.,Edificio Lubina 6A  Maritimo Rey de Espana ES-29640 Fuengirola  Malaga Spain,2001-06-15
SE-IVB,,,,GYROFLUG-SC 01B,30,1986,"680,0",2027-03-13,2024-03-21,1,,,,,
SE-IVD,1998-07-22,Exported,United States of America,PIPER-PA34-220T,34-8333006,1982,"1999,0",,1986-04-18,1,Senast registrerad ägare,502903.0,Twin Air KB,Box 6078 40060 GÖTEBORG Sweden,1986-04-18
SE-IVE,2009-08-25,Exported,Uruguay,CASA-C212 CE,343,1986,"7700,0",2008-10-31,1986-08-20,1,Senast registrerad ägare,502981.0,Kustbevakningen,Box 536 371 23 KARLSKRONA Sweden,1990-12-19
SE-IVF,2010-06-15,Total write-off,,CASA-C212 CE,346,1986,"7700,0",2006-10-26,1986-08-20,1,Senast registrerad ägare,502981.0,Kustbevakningen,Box 536 371 23 KARLSKRONA Sweden,1990-12-19
SE-IVG,1990-07-18,Exported,Germany,CESSNA-404,404-0691,1980,"3810,0",,1986-07-08,1,Senast registrerad ägare,505166.0,Liz-Air HB,Box 8 26042 MÖLLE Sweden,1986-07-08
SE-IVH,1988-03-10,Total write-off,,MOONEY-M20J,24-0870,1979,"1243,0",,1986-07-04,1,,,,,
SE-IVI,1989-06-13,Exported,United States of America,BEECH-200,BB-480,1979,"5670,0",,1986-07-16,1,Senast registrerad ägare,504106.0,Holmstroem Air AB I Kk,Flygplatsen 57791 HULTSFRED Sweden,1986-07-16
SE-IVK,,,,EAA-F21B,1512-1173,1986,"795,0",2026-07-31,1986-08-13,1,,,,,
SE-IVL,,,,TAYLORCRAFT-F21B,1513,1986,"795,0",2020-06-04,1986-08-13,1,,,,,
SE-IVM,,,,PIPER PA-25-235,25-3577,1965,"1000,0",2027-04-08,1986-11-07,1,Registrerad ägare,502535.0,Motala Flygklubb,Skärstad Nedre Bostället 425 591 94 MOTALA Sweden,1986-11-07
SE-IVN,1993-03-03,Exported,United States of America,PIPER-PA23-250,27-7854087,1978,"2360,0",,1986-09-09,1,Senast registrerad ägare,503919.0,Motorflygskolan Bodås AB,Box 20139 16120 BROMMA Sweden,1991-01-09
SE-IVO,,,,PIPER PA-18-150,18-2054,1952,"795,0",2025-07-31,1986-07-04,1,,,,,
SE-IVP,1993-01-27,Exported,Denmark,FAIRCHILD-SA227-AC,AC-526,1982,"6575,0",,1986-07-31,1,Senast registrerad ägare,503792.0,Handelsbanken Finans AB,106 35 STOCKHOLM Sweden,1992-12-09
SE-IVR,1993-07-06,Exported,United Kingdom,LOCKHEED-L188C,2006,1959,"52620,0",,1986-10-06,1,Senast registrerad ägare,503737.0,Nordea Finans Sverige AB,Lindhagensgatan 112 105 71 STOCKHOLM Sweden,1992-12-21
SE-IVS,1993-05-26,Exported,Ireland,LOCKHEED-L188C,2003,1959,"52620,0",,1986-10-06,1,Senast registrerad ägare,503737.0,Nordea Finans Sverige AB,Lindhagensgatan 112 105 71 STOCKHOLM Sweden,1992-12-21
SE-IVT,1993-09-09,Change of registration mark,Ireland,LOCKHEED-L188C,2015,1960,"52620,0",,1986-12-02,1,Senast registrerad ägare,503737.0,Nordea Finans Sverige AB,Lindhagensgatan 112 105 71 STOCKHOLM Sweden,1992-12-21
SE-IVU,1997-01-27,Exported,United States of America,FAIRCH. SWEARINGEN SA226-TC,323,1980,"5670,0",,1986-11-04,1,Senast registrerad ägare,500711.0,Skyways Enterprise AB,Flygledarevägen 3 423 37 TORSLANDA Sweden,1997-01-07
SE-IVV,1989-08-08,Exported,United States of America,DE HAVILLAND DHC-2 MK II,1565,1964,"2315,0",,1986-11-19,1,Senast registrerad ägare,504338.0,Heli AB,Malmskogen 58272 LINKÖPING Sweden,1987-02-19
SE-IVX,1989-08-10,Owners request,,SHORT-SD3-30,SH-3029,1979,"10385,0",,1986-11-19,1,Senast registrerad ägare,500217.0,Skyways Express AB,Jönköpings Flygplats 555 93 Jönköping Sweden,1988-07-12
SE-IVY,,,,VICKERS-VISCOUNT-815,375,1959,"32885,0",,1986-11-20,1,Registrerad ägare,503964.0,Svenska AB För Direkta Kompensationsaffärer,Bengt Langs Gata 5 25006 HELSINGBORG Sweden,1986-11-20
SE-IVZ,1990-11-16,Exported,United Kingdom,BEECH-B200,BB-1007,1982,"5670,0",,1986-09-30,1,Senast registrerad ägare,504286.0,Nyckeln Flygleasing AB,Sundspromenaden 33 211 16 MALMÖ Sweden,1989-10-03
SE-IXA,1997-08-07,Exported,United States of America,BEECH-B200,BB-1175,1983,"5670,0",,1986-09-25,1,Senast registrerad ägare,504372.0,MCA Airlines Sweden AB,Box 212 190 47 STOCKHOLM-ARLANDA Sweden,1995-04-26
SE-IXB,1994-06-30,Exported,Germany,PIPER-PA34-220T,34-8233151,1982,"1999,0",,1986-11-11,1,Senast registrerad ägare,504362.0,Dane Swede Aviation AB,168 67 BROMMA Sweden,1986-11-11
SE-IXC,2022-11-15,Scrapped,,BEECH-B200,BB-1210,1985,"5670,0",2019-06-19,1986-12-22,1,Senast registrerad ägare,500483.0,Avincis Aviation Sweden AB,Stockevägen 68 832 56 Frösön Sweden,2021-06-17
SE-IXD,,,,PIPER-PA28RT-201T,28R-7931179,1979,"1315,0",2026-11-01,1987-02-12,1,Registrerad ägare,504521.0,GUUF Konsult AB,Kullaviks Höjdväg 5 429 35 KULLAVIK Sweden,2008-05-21
SE-IXE,2002-07-12,Exported,United Kingdom,SHORT-SD3-60,SH 3705,1986,"12000,0",,1986-11-18,1,Senast registrerad ägare,504834.0,Skylease Sweden AB,Box 70 447 22 VÅRGÅRDA Sweden,1997-11-12
SE-IXF,2001-04-04,Exported,United States of America,CESSNA-P210N,P21000377,1979,"1814,0",,1987-01-12,1,Senast registrerad ägare,504711.0,Cavok Line AB,Sweden,1992-06-25
SE-IXG,1997-03-07,Exported,United Kingdom,BEECH-95-B55,TC-2011,1976,"2315,0",,1987-02-09,1,Senast registrerad ägare,504374.0,Scandinavian Airleasing AB,Risebergavägen 62 212 30 MALMÖ Sweden,1995-10-24
SE-IXH,,,,MAULE-M6-235,7473C,1986,"1134,0",2012-11-03,1987-04-21,1,Registrerad ägare,502580.0,Storumans Flygklubb,Box 28 92321 STORUMAN Sweden,1988-05-17
SE-IXI,,,,PIPER PA-25-235,25-2900,1964,"1000,0",2027-07-08,1987-06-24,1,Registrerad ägare,502491.0,Göteborgs Segelflygklubb,Sweden,1987-06-24
SE-IXK,,,,CESSNA-U206F,U20603341,1976,"1633,0",2027-06-10,1987-04-02,1,Registrerad ägare,502650.0,Östersunds Fallskärmsklubb,Optands flygfält 130 831 92 ÖSTERSUND Sweden,2005-08-01
SE-IXL,1993-02-26,Exported,United States of America,PIPER-PA46-310P,46-8408072,1984,"1860,0",,1987-02-20,1,Senast registrerad ägare,505241.0,Ape Flight Service KB,Box 9013 20039 MALMÖ Sweden,1987-02-20
SE-IXN,2023-11-24,Exported,Croatia,CESSNA-FR172G,FR17200196,1970,"1200,0",,1987-05-19,1,Senast registrerad ägare,503780.0,AirCo Flying Service/Tradonor AB,Bidalite lyckeborg 306 385 95 TORSÅS Sweden,2002-03-12
SE-IXP,2007-01-17,Non-airworthy,,CESSNA-A185F,18503727,1978,"1520,0",,1987-04-10,1,Senast registrerad ägare,505209.0,Stenbergs Vilt Flyg KB,Årosjokk 1065 981 99 KIRUNA Sweden,1987-04-10
SE-IXR,,,,SAAB-91D,91.352,1959,"1110,0",1997-03-31,1987-05-14,1,,,,,
SE-IXS,2007-01-17,Non-airworthy,,PIPER-PA34-220T,34-8133008,1981,"1999,0",,1987-06-24,1,Senast registrerad ägare,502937.0,Västerås Twin Aviation,Sweden,1987-06-24
SE-IXT,2016-01-20,Destroyed,,CESSNA-F150M,F15001199,1975,"725,0",2016-04-23,1987-08-20,1,,,,,
SE-IXU,1993-09-08,Exported,United Kingdom,PIPER PA-25-235,25-6309,1980,"1000,0",,1987-05-19,1,Senast registrerad ägare,502462.0,Blekinge Flygklubb,Eringsbodavägen 18 372 92 KALLINGE Sweden,1987-05-19
SE-IXV,,,,CESSNA-172P,17274575,1981,"1089,0",2027-03-22,1987-07-14,1,Registrerad ägare,502489.0,Gävlebygdens Flygklubb,Gävle/Sandvikens Flygplats 818 91 VALBO Sweden,1987-07-14
SE-IXX,1997-04-16,Exported,United States of America,CESSNA-P210N,P21000607,1981,"1814,0",,1987-07-09,1,Senast registrerad ägare,504327.0,Jakobstorps Consulting AB,Gösslunda Jakobstorp 53198 LIDKÖPING Sweden,1988-10-24
SE-IXY,2005-01-17,Total write-off,,CESSNA-172P,17275597,1982,"1090,0",,1987-05-12,1,Senast registrerad ägare,502515.0,Landskrona Flygklubb,Box 92 261 22 LANDSKRONA Sweden,1987-05-12
SE-IXZ,1993-02-09,Exported,Denmark,CESSNA-TR182,R18201179,1979,"1407,0",,1987-05-18,1,Senast registrerad ägare,505258.0,Billingen Flyg HB,Aspelund  Hornborga 521 60 STENSTORP Sweden,1991-09-20
SE-IYA,1992-09-30,Exported,Denmark,CESSNA-F150H,F150-0270,1967,"725,0",,1988-03-10,1,,,,,
SE-IYB,1991-01-31,Exported,United States of America,PIPER-PA31T,31T-7920038,1979,"4080,0",,1987-07-13,1,Senast registrerad ägare,504442.0,Comair Bromma AB,Box 6027 17506 JÄRFÄLLA Sweden,1988-01-07
SE-IYC,2000-12-22,Exported,Canada,DE HAVILLAND DHC-2 MK III,1638TB21,1966,"2435,0",,1987-06-23,1,Senast registrerad ägare,502518.0,Linköpings Fallskärmsklubb,Box 13064 580 13 LINKÖPING Sweden,1992-01-03
SE-IYD,,,,CESSNA-172P,17275052,1981,"1089,0",2009-07-31,1987-06-15,1,,,,,
SE-IYE,,,,PIPER PA-25-235D,25-7756005,1977,"1000,0",2025-05-20,1987-07-16,1,Registrerad ägare,502579.0,Stockholms Segelflygklubb,Box 888 101 37 STOCKHOLM Sweden,1987-07-16
SE-IYF,2017-06-30,Destroyed,,CESSNA-172M,17262765,1973,"1045,0",,1987-08-20,1,,,,,
SE-IYG,,,,CESSNA-P210N,P21000527,1980,"1814,0",,1987-08-06,1,Registrerad ägare,504090.0,Crea Nord Värmepumpar AB,Friluftsvägen 8 17240 SUNDBYBERG Sweden,1987-08-06
SE-IYH,1994-02-09,Exported,United States of America,PIPER-PA31,31-519,1969,"2948,0",,1987-07-07,1,Senast registrerad ägare,504618.0,Aeroavena AB,Tre Kronors Väg 38 13131 NACKA Sweden,1991-06-12
SE-IYI,2016-05-11,Exported,Norway,CESSNA-172P,17274976,1981,"1157,0",2016-06-16,1987-07-13,1,Senast registrerad ägare,535892.0,Sameiet LN-XXX,Strandveien 1 NO-8300 Svolvaer Norway,2015-08-31
SE-IYK,1989-07-04,Destroyed,,LAKE-LA4-200,901,1978,"1220,0",,1987-08-20,1,,,,,
SE-IYL,2001-03-02,Exported,United Kingdom,PIPER-PA30,30-1923,1969,"1690,0",,1987-08-27,1,Senast registrerad ägare,503299.0,Comanche Hire Limited,Granta Lodge  71 Graham Road  Malvern GB-WR14 2JS Worcester United Kingdom,2000-11-21
SE-IYM,1993-05-11,Exported,Denmark,CESSNA-172N,17272551,1979,"1157,0",,1988-04-28,1,Senast registrerad ägare,504660.0,Andersson Aircraft AB,Box 166 611 24 NYKÖPING Sweden,1993-04-19
SE-IYN,2020-09-29,Exported,Poland,CESSNA-172N,17273424,1980,"1043,0",2021-06-03,1987-10-07,1,Senast registrerad ägare,502621.0,Ölands Flygklubb,Sweden,2014-04-24
SE-IYO,1991-02-04,Exported,United Kingdom,SHORT-SD3-30,SH 3092,1983,"10385,0",,1987-08-28,1,Senast registrerad ägare,500217.0,Skyways Express AB,Jönköpings Flygplats 555 93 Jönköping Sweden,1988-07-12
SE-IYP,1993-04-05,Exported,Germany,DE HAVILLAND DHC-6-300,411,1974,"5670,0",,1987-10-01,1,Senast registrerad ägare,503869.0,Enar Lindström AB,Storgatan 21 931 32 SKELLEFTEÅ Sweden,1987-10-01
SE-IYR,1989-08-14,Exported,Germany,PIPER-PA34-220T,34-8133061,1981,"2155,0",,1987-09-15,1,Senast registrerad ägare,504170.0,Ale Datapanel AB,Box 14 44621 ÄLVÄNGEN Sweden,1987-09-15
SE-IYT,2012-11-26,Exported,Germany,PZL-104 WILGA 35,18840776,1984,"1300,0",,1988-10-22,1,,,,,
SE-IYU,1988-05-17,Exported,United States of America,BEECH-200,BB-712,1980,"5670,0",,1987-10-07,1,Senast registrerad ägare,504358.0,Förvaltnings AB Valcon,Storgatan 6 852 30 SUNDSVALL Sweden,1987-10-07
SE-IYV,1995-02-14,Exported,Hungary,CESSNA-R172K,R1722402,1977,"1157,0",,1988-03-04,1,,,,,
SE-IYX,1989-03-28,Exported,Denmark,TWIN COMMANDER-690A,11259,1975,"4650,0",,1987-12-30,1,Senast registrerad ägare,503880.0,Swedline Express AB,Flygplatsen 577 91 HULTSFRED Sweden,1987-12-30
SE-IYY,2003-04-29,Exported,Croatia,PIPER-PA28RT-201,28R-7918214,1979,"1247,0",,1987-11-04,1,Senast registrerad ägare,504833.0,Andersson Aircraft AB,Box 20141 161 02 BROMMA Sweden,2003-04-07
SE-IYZ,2001-06-27,Exported,Belgium,EMBRAER EMB-110 P1,110-288,1980,"5670,0",,1987-10-20,1,Senast registrerad ägare,503291.0,Sky Service B.V.B.A.,Kortrijkstraat 317 BE-BE-8560 WEVELGEM Belgium,2000-06-15
SE-IZB,1988-03-09,Exported,Norway,BEECH-200,BB 521,1979,"5670,0",,1988-03-09,1,Senast registrerad ägare,505192.0,Air Nordic Sweden KB,Västerås Flygplats 72131 VÄSTERÅS Sweden,1988-03-09
SE-IZG,,,,PIPER-PA28-161,28-7916103,1979,"1055,0",2013-05-01,1987-11-09,1,,,,,
SE-IZH,,,,PIPER-PA28-161,28-8216075,1982,"1055,0",2027-07-06,1987-11-09,1,,,,,
SE-IZI,,,,PIPER-PA28-161,28-8016081,1980,"1055,0",2027-05-06,1987-10-26,1,Registrerad ägare,503470.0,Örebro Flygklubb,Örebro Flygplats 705 94 ÖREBRO Sweden,2023-11-02
SE-IZL,1988-07-27,Exported,Finland,PIPER-PA34-200T,34-7970047,1979,"1999,0",,1987-12-08,1,,,,,
SE-IZM,2004-07-02,Exported,United States of America,PIPER-PA32R-301T,32R-8129093,1981,"1633,0",,1987-12-04,1,Senast registrerad ägare,504811.0,Aeroinvest I Halmstad AB,Box 351 301 09 HALMSTAD Sweden,1995-02-24
SE-IZN,2002-08-26,Exported,Slovakia,CESSNA-172N,17273647,1980,"1045,0",,1988-01-13,1,,,,,
SE-IZO,,,,BEECH-99,U-48,1969,"4945,0",,1988-02-04,1,Registrerad ägare,504106.0,Holmstroem Air AB I Kk,Flygplatsen 57791 HULTSFRED Sweden,1988-02-04
SE-IZP,2006-05-08,Exported,Germany,PIPER PA-25-235,25-2235,1963,"1000,0",,1990-05-11,1,Senast registrerad ägare,502628.0,Östersunds Segelflygklubb,Sweden,1993-02-05
SE-IZR,1998-05-07,Exported,United Kingdom,PIPER-PA28RT-201,28R-7918091,1979,"1247,0",,1987-12-08,1,Senast registrerad ägare,504688.0,Ram Air AB,Nygatan 1 571 31 NÄSSJÖ Sweden,1991-10-30
SE-IZS,,,,PIPER PA-22-108,22-8548-1372,1961,"750,0",2016-04-30,1988-05-10,1,,,,,
SE-IZT,2006-11-15,Exported,Mozambique,PIPER-PA32R-300,32R-7780538,1977,"1633,0",,1987-11-27,1,Senast registrerad ägare,504987.0,Global Solidarity Fund International AB,Hans von Kantows väg 50 734 40 HALLSTAHAMMAR Sweden,2006-09-25
SE-IZU,1993-04-06,Exported,United Kingdom,LOCKHEED-L188C,2014,1960,"52620,0",,1987-10-29,1,Senast registrerad ägare,503737.0,Nordea Finans Sverige AB,Lindhagensgatan 112 105 71 STOCKHOLM Sweden,1992-12-21
SE-IZV,2000-01-05,Exported,Spain,SOCATA-TB20,412,1984,"1335,0",,1988-04-25,1,Senast registrerad ägare,503277.0,Juan Fernandez Rioja S.L.,Camino del Prado  9 ES-01320 Oyon Spain,2000-01-04
SE-IZX,1994-01-21,Exported,United States of America,BEECH-C99,U-200,1983,"5125,0",,1988-02-23,1,Senast registrerad ägare,503880.0,Swedline Express AB,Flygplatsen 577 91 HULTSFRED Sweden,1992-08-13
SE-IZY,,,,ROCKWELL COMMANDER-112TC,13100,1976,"1295,0",,1987-05-08,5,,,,,
SE-IZZ,2018-08-29,Exported,Hungary,PIPER-PA28-161,28-8416058,1984,"1107,0",2019-06-05,1987-12-21,1,Senast registrerad ägare,502577.0,Stockholms Flygklubb,Sweden,2008-10-01
SE-JAA,1999-08-19,Exported,Finland,HUGHES-369D,1138D,1983,"1360,0",,1990-07-18,1,Senast registrerad ägare,500012.0,HeliAir Sweden AB,Lycksta Gård 1 725 94 VÄSTERÅS Sweden,1991-11-26
SE-JAB,1997-01-29,Exported,Czech Republic,SCHWEIZER-269C,S 1185,1985,"930,0",,1991-04-22,1,Senast registrerad ägare,504537.0,Rotor Konsult i Borlänge AB,Skärsjö 13 781 93 BORLÄNGE Sweden,1996-10-01
SE-JAC,1994-09-14,Exported,Norway,AEROSPATIALE-AS350B1,1902,1986,"2200,0",,1992-10-02,1,Senast registrerad ägare,504649.0,HR Helicopter Operation AB,Säve Flygplatsväg 38 423 73 SÄVE Sweden,1992-10-02
SE-JAD,2000-08-24,Exported,Norway,MCDONNELL DOUGLAS-369E,0458E,1991,"1360,0",,1991-08-19,1,Senast registrerad ägare,504624.0,Sven Kahlbäck Entreprenad AB,Ope 2551 83192 ÖSTERSUND Sweden,1998-08-25
SE-JAE,1999-02-09,Exported,Spain,AEROSPATIALE-AS365N2,6416,1991,"4250,0",,1991-10-03,1,Senast registrerad ägare,503244.0,Helicopter Rental Group AS,Postboks 162 NO-NO-1325 LYSAKER Norway,1998-08-13
SE-JAF,1993-08-04,Exported,Italy,EUROCOPTER-AS350B2,2506,1991,"2250,0",,1991-10-04,1,Senast registrerad ägare,505351.0,Helikopter Service Euro Air KB,Stjärnplan 3 21618 LIMHAMN Sweden,1991-11-04
SE-JAG,1992-08-21,Exported,United Kingdom,AEROSPATIALE-AS350B1,1962,1986,"2200,0",,1990-05-11,1,Senast registrerad ägare,500468.0,Arctic Air AB,Vuoggatjålme 952 938 97 Arjeplog Sweden,1990-05-11
SE-JAH,,,,SCHWEIZER-269C,S1528,1991,"928,0",2010-04-30,1999-03-24,1,Registrerad ägare,505066.0,Norr Helikopter i Vilhelmina AB,Volgsjövägen 31 912 32 VILHELMINA Sweden,2021-06-15
SE-JAI,2022-11-17,Total write-off,,SCHWEIZER-269C,S1529,1991,"930,0",,1996-01-17,1,Senast registrerad ägare,500076.0,Kallax Flyg AB,Vargbackenvägen 1 942 94 Sikfors Sweden,2014-04-09
SE-JAK,1995-06-12,Exported,Finland,HUGHES-369HS,1240676S,1975,"1155,0",,1991-05-30,1,Senast registrerad ägare,504701.0,Svenska Helikopter Poolen AB,Västmannagatan 8 Box Box 358 10127 STOCKHOLM Sweden,1993-01-12
SE-JAL,1999-02-03,Exported,United Kingdom,ROBINSON-R22 MARINER,1771,1991,"621,0",,1991-12-02,1,Senast registrerad ägare,504785.0,Sejal AB,Klangfärgsgatan 16 42652 VÄSTRA FRÖLUNDA Sweden,1996-03-19
SE-JAM,1994-09-06,Exported,Switzerland,MCDONNELL DOUGLAS-369E,454E,1991,"1360,0",,1991-08-19,1,Senast registrerad ägare,503740.0,Saab Helikopter AB,Box 326 61127 NYKÖPING Sweden,1994-08-25
SE-JAN,,,,EUROCOPTER-AS350B2,2348,1990,"2250,0",,1990-09-12,1,Registrerad ägare,504550.0,Jannair AB I Konkurs,Sweden,1991-02-04
SE-JAP,,,,SCHWEIZER-269C,S1333,1988,"928,0",2027-06-25,1991-01-09,1,,,,,
SE-JAR,1993-06-30,Exported,United States of America,MCDONNELL DOUGLAS-369E,0344E,1989,"1155,0",,1991-11-04,1,Senast registrerad ägare,503740.0,Saab Helikopter AB,Box 326 61127 NYKÖPING Sweden,1992-07-31
SE-JAS,1995-04-06,Total write-off,,SCHWEIZER-269C,1479,1990,"930,0",,1990-08-22,1,Senast registrerad ägare,504444.0,Arkitekta Miljödesign Kurt Mehlqvist AB,Gamla Skolvägen 28 13335 SALTSJÖBADEN Sweden,1990-11-07
SE-JAT,1999-06-18,Exported,Finland,MCDONNELL DOUGLAS-369E,0374E,1989,"1360,0",,1991-11-22,1,Senast registrerad ägare,504728.0,Gls Helicopter AB,Box 268 37221 RONNEBY Sweden,1993-07-07
SE-JAV,2005-11-03,Total write-off,,SCHWEIZER-269C,S1579,1991,"930,0",,1992-03-27,1,Senast registrerad ägare,500480.0,Jämtlands Flyg AB,Lugnviksvägen 5 831 52 Östersund Sweden,1996-03-12
SE-JAX,2000-05-08,Exported,"Korea, Republic of",EUROCOPTER-AS350B2,2618,1992,"2250,0",,1992-07-08,1,Senast registrerad ägare,504649.0,HR Helicopter Operation AB,Säve Flygplatsväg 38 423 73 SÄVE Sweden,1997-12-19
SE-JAY,1995-02-24,Exported,United Kingdom,HUGHES-269C,S1204,1986,"930,0",,1992-06-11,1,Senast registrerad ägare,503740.0,Saab Helikopter AB,Box 326 61127 NYKÖPING Sweden,1992-06-11
SE-JAZ,1994-04-08,Exported,New Zealand,EUROCOPTER-AS350B2,2594,1991,"2250,0",,1992-02-12,1,Senast registrerad ägare,500145.0,SMA Helicopter Rescue AB,,1992-02-12
SE-JBA,1993-05-11,Exported,Norway,MCDONNELL DOUGLAS-369E,0498E,1991,"1360,0",,1992-10-02,1,Senast registrerad ägare,503740.0,Saab Helikopter AB,Box 326 61127 NYKÖPING Sweden,1992-10-02
SE-JBB,2012-04-03,Exported,France,SCHWEIZER-269C,S1463,1990,"928,0",2012-08-01,1993-01-18,1,Senast registrerad ägare,500096.0,Malmskogens Aerocenter AB,Mörnersgatan 4 18 582 25 Linköping Sweden,2010-10-07
SE-JBC,1999-03-01,Exported,Germany,MBB-BK117-B2,7228,1992,"3350,0",,1993-03-11,1,Senast registrerad ägare,504649.0,HR Helicopter Operation AB,Säve Flygplatsväg 38 423 73 SÄVE Sweden,1996-06-03
SE-JBD,2009-03-10,Exported,Finland,SCHWEIZER-269C,S1580,1991,"930,0",2009-04-09,1993-04-27,1,Senast registrerad ägare,503557.0,First Invest Oy,Sweden,2008-12-08
SE-JBF,1995-06-22,Exported,Norway,MCDONNELL DOUGLAS-500N,LN 054,1993,"1520,0",,1993-08-19,1,Senast registrerad ägare,503740.0,Saab Helikopter AB,Box 326 61127 NYKÖPING Sweden,1993-08-19
SE-JBG,1994-05-24,Exported,Germany,MBB-BK117-B2,7071,1986,"3350,0",,1993-07-08,1,Senast registrerad ägare,503821.0,Heliflyg AB,Klippan 1 C 414 51 GÖTEBORG Sweden,1993-07-08
SE-JBH,1995-08-18,Exported,United Kingdom,HUGHES-369E,0019E,1983,"1360,0",,1993-10-26,1,Senast registrerad ägare,500096.0,Malmskogens Aerocenter AB,Mörnersgatan 4 18 582 25 Linköping Sweden,1995-01-09
SE-JBI,1997-06-19,Exported,Qatar,BELL-412SP,33117,1985,"5400,0",,1994-04-22,1,Senast registrerad ägare,500119.0,Patria Helicopters AB,Box 116 190 46 Stockholm-Arlanda Sweden,1994-11-08
SE-JBJ,2021-11-11,Exported,United States of America,SCHWEIZER-269D,0005,1993,"1012,0",2013-06-27,1994-02-28,1,Senast registrerad ägare,504890.0,YAK Aero AB,Margretelundsvägen 50 184 60 ÅKERSBERGA Sweden,2010-05-31
SE-JBK,1993-03-29,Exported,,MBB-BK 117 A4D,7106,1986,"3200,0",,1992-05-21,1,Senast registrerad ägare,503821.0,Heliflyg AB,Klippan 1 C 414 51 GÖTEBORG Sweden,1992-05-21
SE-JBL,1995-04-24,Exported,Malaysia,BELL-412SP,33171,1988,"5400,0",,1995-03-09,1,Senast registrerad ägare,500119.0,Patria Helicopters AB,Box 116 190 46 Stockholm-Arlanda Sweden,1995-03-09
SE-JBM,2022-07-08,Exported,Kenya,EUROCOPTER-AS350B3,4696,2009,"2250,0",2023-02-21,2009-04-16,1,Senast registrerad ägare,533726.0,AB Skogsflyg Cassel Aero,Berge 102 872 98 NORASTRÖM Sweden,2016-05-03
SE-JBN,2015-05-18,Exported,Germany,AEROSPATIALE-AS350B,1684,1983,"1950,0",2016-04-23,2008-11-20,1,Senast registrerad ägare,500012.0,HeliAir Sweden AB,Lycksta Gård 1 725 94 VÄSTERÅS Sweden,2012-04-24
SE-JBO,2011-05-20,Exported,United Kingdom,HUGHES-269C1,0234,2006,"794,0",2011-07-19,2010-02-26,1,Senast registrerad ägare,505055.0,Northern Helicopters AB,Säve Flygplatsväg 40 423 73 SÄVE Sweden,2010-02-26
SE-JBP,2018-12-20,Total write-off,,HUGHES-269C1,0247,2006,"794,0",2010-09-07,2010-03-31,1,Senast registrerad ägare,505055.0,Northern Helicopters AB,Säve Flygplatsväg 40 423 73 SÄVE Sweden,2010-03-31
SE-JBS,1996-08-19,Total write-off,,MBB-BO105S-CBS4,S-643,1983,"2500,0",,1992-02-05,1,Senast registrerad ägare,504580.0,S.O.S. Helikoptern Gotland AB,Frösö park  byggnad 89 832 96 Frösön Sweden,1992-02-05
SE-JBT,1999-02-10,Exported,United States of America,ROBINSON-R22 MARINER,2410M,1994,"621,0",,1994-02-16,1,Senast registrerad ägare,504416.0,Helicopter Assistanse Rentaco AB,Bromma Flygplats 168 67 BROMMA Sweden,1998-05-25
SE-JBU,2010-01-20,Owners request,,HUGHES-369D,480294D,1978,"1360,0",2010-04-30,2002-04-24,1,Senast registrerad ägare,500470.0,Dala Helikopter DH AB,Nybrogatan 35 4 tr 114 39 STOCKHOLM Sweden,2003-05-15
SE-JBV,2001-10-29,Exported,New Zealand,MCDONNELL DOUGLAS-369E,0335E,1989,"1360,0",,2000-08-11,1,Senast registrerad ägare,500096.0,Malmskogens Aerocenter AB,Mörnersgatan 4 18 582 25 Linköping Sweden,2000-08-11
SE-JBX,1998-04-28,Exported,Finland,EUROCOPTER-AS350B2,2710,1993,"2250,0",,1993-05-26,1,Senast registrerad ägare,504649.0,HR Helicopter Operation AB,Säve Flygplatsväg 38 423 73 SÄVE Sweden,1998-04-27
SE-JBY,1995-11-22,Exported,Australia,BELL-212,30814,1977,"5080,0",,1994-11-16,1,Senast registrerad ägare,503821.0,Heliflyg AB,Klippan 1 C 414 51 GÖTEBORG Sweden,1994-11-16
SE-JCA,2003-06-04,Exported,United States of America,EUROCOPTER-AS350B2,2619,1992,"2250,0",,1992-04-09,1,Senast registrerad ägare,500477.0,Heli i Arjeplog AB,Hamnplan 930 90 Arjeplog Sweden,2000-07-28
SE-JCB,1999-11-30,Exported,Canada,EUROCOPTER-AS350B2,2635,1992,"2250,0",,1992-07-10,1,Senast registrerad ägare,503269.0,Noetech Capital (Europe) B.V.,Burgemeester Haspelslaan 131 NL-NL-1181NC Amstelveen Netherlands,1999-10-04
SE-JCD,1993-11-30,Exported,Argentina,EUROCOPTER-AS350B2,2689,1992,"2250,0",,1993-02-04,1,Senast registrerad ägare,504491.0,Linjalen I Växjö AB,Bäckgatan 10 35231 VÄXJÖ Sweden,1993-02-04
SE-JCE,1999-11-25,Exported,Spain,AEROSPATIALE-AS365N2,6478,1994,"4250,0",,1995-02-09,1,Senast registrerad ägare,503266.0,Helicsa S.a,Musgo 3  Urbanizacion La Florida ES-28023 MADRID  SPANIEN Spain,1999-08-24
SE-JCF,1997-04-16,Exported,Norway,BELL-212,30572,1973,"5080,0",,1994-09-09,1,Senast registrerad ägare,503139.0,Helikopter Service A/S,P.o.box 522 NO-N-4055 STAVANGER LUFTHAVN Norway,1994-09-09
SE-JCG,1996-05-23,Exported,Belgium,MCDONNELL DOUGLAS-MD900,0020,1995,"2720,0",,1995-08-31,1,Senast registrerad ägare,503740.0,Saab Helikopter AB,Box 326 61127 NYKÖPING Sweden,1995-08-31
SE-JCH,2016-05-16,Exported,Finland,HUGHES-369D,1200892D,1981,"1360,0",2016-11-12,2007-10-24,1,Senast registrerad ägare,500012.0,HeliAir Sweden AB,Lycksta Gård 1 725 94 VÄSTERÅS Sweden,2011-10-10
SE-JCI,2007-01-17,Non-airworthy,,HUGHES-269C,960537,1976,"930,0",,1995-11-23,1,Senast registrerad ägare,504046.0,Anders Westerdal Fastighetsbyrå AB,Konstgjutarvägen 44 121 44 JOHANNESHOV Sweden,1998-02-11
SE-JCJ,,,,AIRBUS HELICOPTERS-EC130T2,9867,2025,"2500,0",2027-03-05,2026-03-05,1,Registrerad ägare,500076.0,Kallax Flyg AB,Vargbackenvägen 1 942 94 Sikfors Sweden,2026-04-10
SE-JCK,2015-07-28,Scrapped,,AEROSPATIALE-SA365N,6090,1983,"4000,0",2008-12-31,1995-12-21,1,Senast registrerad ägare,501519.0,SAAB AB,581 88 Linköping Sweden,2015-07-28
SE-JCL,1997-02-26,Exported,Denmark,BELL-407,53008,1996,"2268,0",,1996-06-11,1,Senast registrerad ägare,503192.0,Grönlandsfly A/S,Postboks 1012 Nuuk Lufthavn GL-3900 NUUK Greenland,1996-06-11
SE-JCM,1997-02-13,Exported,United States of America,AEROSPATIALE-SE3160,1482,1968,"2100,0",,1996-10-21,1,Senast registrerad ägare,504780.0,Heli-Support Sweden AB,Säve Flygplats 423 73 SÄVE Sweden,1996-10-21
SE-JCN,1996-10-04,Exported,United States of America,AEROSPATIALE-SE3160,1528,1969,"2100,0",,1996-09-19,1,Senast registrerad ägare,504780.0,Heli-Support Sweden AB,Säve Flygplats 423 73 SÄVE Sweden,1996-09-19
SE-JCO,1996-10-04,Exported,United States of America,AEROSPATIALE-SE3160,1529,1968,"2100,0",,1996-09-19,1,Senast registrerad ägare,504780.0,Heli-Support Sweden AB,Säve Flygplats 423 73 SÄVE Sweden,1996-09-19
SE-JCP,1997-01-22,Exported,United States of America,AEROSPATIALE-SE3160,1514,1968,"2100,0",,1997-01-09,1,Senast registrerad ägare,504780.0,Heli-Support Sweden AB,Säve Flygplats 423 73 SÄVE Sweden,1997-01-09
SE-JCR,2000-03-08,Owners request,,AEROSPATIALE-SE3160,1208,1964,"2100,0",,1999-02-08,1,Senast registrerad ägare,504780.0,Heli-Support Sweden AB,Säve Flygplats 423 73 SÄVE Sweden,1999-02-08
SE-JCS,2000-03-08,Owners request,,AEROSPATIALE-SE3160,1218,1964,"2100,0",,1999-03-04,1,Senast registrerad ägare,504780.0,Heli-Support Sweden AB,Säve Flygplats 423 73 SÄVE Sweden,1999-03-04
SE-JCT,1997-04-02,Exported,United States of America,AEROSPATIALE-SE3160,1398,1966,"2100,0",,1997-03-18,1,Senast registrerad ägare,504780.0,Heli-Support Sweden AB,Säve Flygplats 423 73 SÄVE Sweden,1997-03-18
SE-JCU,1997-06-16,Exported,United States of America,AEROSPATIALE-SE3160,1488,1968,"2100,0",,1997-04-28,1,Senast registrerad ägare,504780.0,Heli-Support Sweden AB,Säve Flygplats 423 73 SÄVE Sweden,1997-04-28
SE-JCV,2002-08-15,Exported,Norway,EUROCOPTER-AS350B3,3064,1997,"2250,0",,1998-03-19,1,Senast registrerad ägare,504649.0,HR Helicopter Operation AB,Säve Flygplatsväg 38 423 73 SÄVE Sweden,2002-06-11
SE-JCX,2001-05-14,Exported,United States of America,EUROCOPTER-AS350B2,2930,1996,"2250,0",,1996-05-21,1,Senast registrerad ägare,504649.0,HR Helicopter Operation AB,Säve Flygplatsväg 38 423 73 SÄVE Sweden,2001-05-03
SE-JCY,2000-12-14,Exported,Denmark,ROBINSON-R22,1080,1989,"622,0",,1997-08-13,1,,,,,
SE-JCZ,1999-02-03,Exported,Estonia,SCHWEIZER-269C,S1774,1998,"930,0",,1999-01-12,1,Senast registrerad ägare,503740.0,Saab Helikopter AB,Box 326 61127 NYKÖPING Sweden,1999-01-12
SE-JDA,,,,ENSTROM-480,5016,1996,"1295,0",2027-04-23,1996-08-05,1,Registrerad ägare,500232.0,Roslagens Helikopterflyg AB,Sikvägen 761 41 Norrtälje Sweden,2016-02-12
SE-JDB,,,,AGUSTA-A109AII,7287,1983,"2600,0",2023-08-19,1995-04-13,1,Registrerad ägare,504916.0,Ex-Change Parts i Borlänge AB,"Sveavägen 166, plan 3 113 46 Stockholm Sweden",2024-05-15
SE-JDC,2021-04-09,Exported,Hungary,HUGHES-269C,1077,1982,"930,0",2019-10-25,1996-10-25,1,Senast registrerad ägare,650549.0,Fly-Coop Kft.,7530 Kadarkút HU-0149/23 Repülotér Hungary,2021-04-07
SE-JDD,1998-02-19,Exported,Canada,AEROSPATIALE-AS350B,1078,1979,"1950,0",,1995-07-20,1,Senast registrerad ägare,504402.0,Göteborgs Helikopterflyg AB,E.a.rosengrens Gata 4 42131 VÄSTRA FRÖLUNDA Sweden,1995-07-20
SE-JDE,1997-09-09,Exported,Norway,AEROSPATIALE-AS350BA,1056,1979,"2100,0",,1995-09-04,1,Senast registrerad ägare,504847.0,European Helicopter Center AB,Box 8958 402 74 GÖTEBORG Sweden,1995-12-14
SE-JDF,1999-02-25,Exported,Norway,SCHWEIZER-269C,S1352,1988,"930,0",,1997-12-10,1,Senast registrerad ägare,504537.0,Rotor Konsult i Borlänge AB,Skärsjö 13 781 93 BORLÄNGE Sweden,1998-03-23
SE-JDG,1998-09-24,Exported,Finland,ROBINSON-R44,0014,1993,"1089,0",,1996-07-11,1,Senast registrerad ägare,504847.0,European Helicopter Center AB,Box 8958 402 74 GÖTEBORG Sweden,1996-07-11
SE-JDI,2002-01-16,Exported,United States of America,HUGHES-369HS,740620S,1974,"1155,0",,1998-02-02,1,Senast registrerad ägare,500096.0,Malmskogens Aerocenter AB,Mörnersgatan 4 18 582 25 Linköping Sweden,2001-10-26
SE-JDJ,2002-11-21,Exported,Germany,MBB-BO105S-CBS4,S761,1986,"2500,0",,2002-11-08,1,Senast registrerad ägare,503095.0,Eurocopter Deutschland GmbH,DE-D-86607 Donauwörth Germany,2002-11-08
SE-JDK,2000-11-15,Exported,Norway,AEROSPATIALE-AS355F1,5096,1981,"2400,0",,1998-04-20,1,,,,,
SE-JDL,2002-05-21,Exported,United Kingdom,MCDONNELL DOUGLAS-369E,0018E,1983,"1360,0",,1998-06-26,1,Senast registrerad ägare,500472.0,Fjällflygarna i Arjeplog AB,Adolfström 158 938 93 LAISVALL Sweden,1999-02-10
SE-JDM,2006-08-21,Exported,France,AEROSPATIALE-AS355F1,5172,1983,"2400,0",,1996-01-03,1,Senast registrerad ägare,503257.0,Investra AS,Postboks 515  Skøyen NO-N-0214 OSLO Norway,1999-04-16
SE-JDN,1998-05-28,Exported,Norway,AEROSPATIALE-SA315B,2338/36,1990,"1950,0",,1997-07-25,1,Senast registrerad ägare,504537.0,Rotor Konsult i Borlänge AB,Skärsjö 13 781 93 BORLÄNGE Sweden,1997-07-25
SE-JDO,2000-05-26,Exported,Austria,EUROCOPTER-EC120B,1014,1998,"1680,0",,1999-03-11,1,Senast registrerad ägare,503828.0,AB Peractio,Västanå 104 896 91 HUSUM Sweden,1999-03-11
SE-JDP,2005-07-28,Exported,Malaysia,EUROCOPTER-EC120B,1019,1998,"1715,0",,1999-02-02,1,Senast registrerad ägare,500479.0,HeliNord Norden AB,Stenberg 101 891 96 Arnäsvall Sweden,2005-07-25
SE-JDR,2004-05-17,Exported,Spain,EUROCOPTER-AS350B3,3175,1998,"2250,0",,1999-02-17,1,Senast registrerad ägare,504649.0,HR Helicopter Operation AB,Säve Flygplatsväg 38 423 73 SÄVE Sweden,2002-06-11
SE-JDS,,,,EUROCOPTER-EC120B,1025,1999,"1715,0",2026-09-04,1999-05-04,1,Registrerad ägare,500076.0,Kallax Flyg AB,Vargbackenvägen 1 942 94 Sikfors Sweden,2015-12-14
SE-JDT,,,,EUROCOPTER-EC120B,1062,1999,"1715,0",2026-09-24,2000-03-31,1,Registrerad ägare,500469.0,Storm Heliworks AB,Lägervägen 2 832 56 Frösön Sweden,2016-01-07
SE-JDU,2000-02-08,Exported,United Kingdom,AEROSPATIALE-AS350B,1594,1982,"1950,0",,1999-01-11,1,Senast registrerad ägare,504537.0,Rotor Konsult i Borlänge AB,Skärsjö 13 781 93 BORLÄNGE Sweden,1999-06-30
SE-JDV,2004-04-21,Exported,Norway,ROBINSON-R44,0574,1999,"1088,0",,1999-04-29,1,Senast registrerad ägare,500144.0,Helicopter Assistance-Heli Romance AB,Bromma Flygplats 168 67 Bromma Sweden,2001-03-14
SE-JDX,2012-02-23,Exported,Canada,EUROCOPTER-AS350B3,3063,1997,"2250,0",2012-03-31,1998-03-06,1,Senast registrerad ägare,512080.0,Osterman Helicopter i Östersund AB,Säve Flygplatsväg 38 423 73 Säve Sweden,2012-02-22
SE-JDY,,,,EUROCOPTER-EC120B,1114,2000,"1715,0",2026-08-31,2000-08-16,1,Registrerad ägare,500469.0,Storm Heliworks AB,Lägervägen 2 832 56 Frösön Sweden,2021-04-30
SE-JDZ,2000-09-01,Exported,Germany,AEROSPATIALE-AS350B,2227,1989,"1950,0",,1998-06-09,1,Senast registrerad ägare,500477.0,Heli i Arjeplog AB,Hamnplan 930 90 Arjeplog Sweden,1999-05-25
SE-JEA,,,,EUROCOPTER-AS350B3,7389,2012,"2250,0",2027-04-22,2020-06-26,1,Registrerad ägare,622786.0,Elitellina S.R.L.,Via Eliporto 377 IT-23018 Talamona Italy,2023-05-15
SE-JEB,2006-04-26,Exported,United States of America,BELL-407,53006,1996,"2268,0",,1996-04-30,1,Senast registrerad ägare,500011.0,Lapplandsflyg LAP-AIR AB,Umeå Flygplats 90422 Umeå Sweden,1996-04-30
SE-JED,1999-02-04,Exported,France,AEROSPATIALE-SA316B,1235,1964,"2200,0",,1998-02-03,1,Senast registrerad ägare,504780.0,Heli-Support Sweden AB,Säve Flygplats 423 73 SÄVE Sweden,1998-02-03
SE-JEE,1997-07-08,Exported,United States of America,AEROSPATIALE-SE3160,1483,1968,"2100,0",,1997-06-30,1,Senast registrerad ägare,504780.0,Heli-Support Sweden AB,Säve Flygplats 423 73 SÄVE Sweden,1997-06-30
SE-JEF,1997-09-24,Exported,United States of America,AEROSPATIALE-SE3160,1177,1964,"2100,0",,1997-09-17,1,Senast registrerad ägare,504780.0,Heli-Support Sweden AB,Säve Flygplats 423 73 SÄVE Sweden,1997-09-17
SE-JEG,2001-03-06,Exported,France,AEROSPATIALE-SA316B,1515,1968,"2200,0",,2001-03-05,1,Senast registrerad ägare,504901.0,Roberts Aircraft Sweden AB,Säve Flygplats 423 73 Säve Sweden,2001-03-05
SE-JEH,,,,AEROSPATIALE-SA316B,1542,1969,"2200,0",,1998-06-12,1,Registrerad ägare,500479.0,HeliNord Norden AB,Stenberg 101 891 96 Arnäsvall Sweden,2004-07-08
SE-JEI,2000-03-08,Owners request,,AEROSPATIALE-SE3160,1471,1968,"2100,0",,1998-04-03,1,Senast registrerad ägare,504780.0,Heli-Support Sweden AB,Säve Flygplats 423 73 SÄVE Sweden,1998-04-03
SE-JEJ,2000-03-08,Owners request,,AEROSPATIALE-SE3160,1489,1968,"2100,0",,1998-09-18,1,Senast registrerad ägare,504780.0,Heli-Support Sweden AB,Säve Flygplats 423 73 SÄVE Sweden,1998-09-18
SE-JEM,2000-03-08,Owners request,,AEROSPATIALE-SE3160,1451,1967,"2100,0",,1998-05-26,1,Senast registrerad ägare,504780.0,Heli-Support Sweden AB,Säve Flygplats 423 73 SÄVE Sweden,1998-05-26
SE-JEN,1999-02-04,Exported,France,AEROSPATIALE-SA316B,1521,1968,"2200,0",,1999-01-05,1,Senast registrerad ägare,504780.0,Heli-Support Sweden AB,Säve Flygplats 423 73 SÄVE Sweden,1999-01-05
SE-JEO,2008-03-11,Exported,Kenya,EUROCOPTER-AS350B3,3225,1999,"2250,0",,1999-09-21,1,Senast registrerad ägare,503828.0,AB Peractio,Västanå 104 896 91 HUSUM Sweden,2001-11-15
SE-JEP,,,,EUROCOPTER-EC120B,1018,1998,"1715,0",2027-03-05,1999-02-05,1,Registrerad ägare,500469.0,Storm Heliworks AB,Lägervägen 2 832 56 Frösön Sweden,2021-04-30
SE-JER,,,,BELL-206B,2491,1978,"1451,0",2023-01-04,1999-12-20,1,Registrerad ägare,500232.0,Roslagens Helikopterflyg AB,Sikvägen 761 41 Norrtälje Sweden,2022-12-01
SE-JES,1999-06-23,Destroyed,,SIKORSKY-S76A,760190,1981,"4765,0",,1994-10-31,1,Senast registrerad ägare,500145.0,SMA Helicopter Rescue AB,,1994-10-31
SE-JET,1993-03-01,Exported,Slovakia,AEROSPATIALE-AS355F2,5483,1991,"2540,0",,1991-07-22,1,Senast registrerad ägare,500145.0,SMA Helicopter Rescue AB,,1991-07-22
SE-JEV,2000-02-01,Exported,United States of America,EUROCOPTER-AS350B2,2452,1991,"2250,0",,1999-12-20,1,Senast registrerad ägare,504901.0,Roberts Aircraft Sweden AB,Säve Flygplats 423 73 Säve Sweden,1999-12-20
SE-JEX,2015-02-27,Exported,France,BELL-407,53145,1997,"2268,0",2015-02-28,1997-10-13,1,Senast registrerad ägare,533294.0,ODILE ET CHRISTOPHE SARL,8 rue Médéric FR-75017 PARIS France,2014-07-16
SE-JEY,2000-06-19,Exported,United States of America,EUROCOPTER-AS350B2,1883,1996,"2250,0",,2000-06-09,1,Senast registrerad ägare,504780.0,Heli-Support Sweden AB,Säve Flygplats 423 73 SÄVE Sweden,2000-06-09
SE-JEZ,2019-02-13,Owners request,,SIKORSKY-S76A,760215,1981,"4765,0",2010-07-31,1993-07-19,1,Senast registrerad ägare,500145.0,SMA Helicopter Rescue AB,,2014-06-27
SE-JFA,2001-07-31,Exported,Nigeria,SIKORSKY-S76C,760466,1997,"5307,0",,1997-03-27,1,Senast registrerad ägare,500467.0,Airlift Helicopter Sweden AB,Flygfältet 5 824 92 Hudiksvall Sweden,1999-06-30
SE-JFB,2001-10-15,Exported,China,SIKORSKY-S76C,760468,1997,"5307,0",,1997-04-03,1,Senast registrerad ägare,500467.0,Airlift Helicopter Sweden AB,Flygfältet 5 824 92 Hudiksvall Sweden,1999-06-30
SE-JFC,2002-02-08,Exported,Norway,SIKORSKY-S76C,760481,1997,"5307,0",,1998-01-16,1,Senast registrerad ägare,500467.0,Airlift Helicopter Sweden AB,Flygfältet 5 824 92 Hudiksvall Sweden,1999-06-30
SE-JFD,2001-03-28,Exported,Finland,MBB-BO105S-CBS4,S341,1977,"2500,0",,2001-03-22,1,Senast registrerad ägare,503095.0,Eurocopter Deutschland GmbH,DE-D-86607 Donauwörth Germany,2001-03-22
SE-JFE,2002-03-14,Exported,Spain,AEROSPATIALE-AS355F1,5289,1983,"2400,0",,1998-03-11,1,Senast registrerad ägare,504010.0,Conventor Invest AB,Industrigatan 2 619 33 TROSA Sweden,1998-03-11
SE-JFF,2005-01-20,Exported,Germany,ROBINSON-R44,260,1996,"1088,0",,1996-07-26,1,Senast registrerad ägare,500144.0,Helicopter Assistance-Heli Romance AB,Bromma Flygplats 168 67 Bromma Sweden,2001-04-26
SE-JFG,,,,AEROSPATIALE-SA316B,5377,1978,"2200,0",2017-11-11,1998-01-19,1,Registrerad ägare,500479.0,HeliNord Norden AB,Stenberg 101 891 96 Arnäsvall Sweden,2006-07-17
SE-JFH,2003-10-31,Exported,Denmark,AEROSPATIALE-AS365N2,6419,1991,"4250,0",,2001-09-11,1,Senast registrerad ägare,503374.0,DanCopter A/S,Holsted Heliport DK-DK-6670 Holsted Denmark,2003-03-24
SE-JFI,2003-06-04,Exported,Norway,EUROCOPTER-AS350B3,3455,2001,"2250,0",,2001-11-15,1,Senast registrerad ägare,504920.0,Jämtlands Aero AB,Molanda 1213 830 05 JÄRPEN Sweden,2002-08-30
SE-JFJ,,,,BELL-407,53418,2000,"2268,0",2026-12-22,2000-05-19,1,Registrerad ägare,500232.0,Roslagens Helikopterflyg AB,Sikvägen 761 41 Norrtälje Sweden,2016-02-19
SE-JFK,,,,AEROSPATIALE-AS350B1,1983,1987,"2200,0",2023-06-24,1994-06-27,1,Registrerad ägare,500076.0,Kallax Flyg AB,Vargbackenvägen 1 942 94 Sikfors Sweden,2014-04-03
SE-JFL,2017-05-12,Exported,France,EUROCOPTER-AS350B2,2364,1990,"2250,0",2016-12-01,2008-08-18,1,Senast registrerad ägare,503686.0,Skandinaviska Enskilda Banken AB,Kungsträdgårdsgatan 8 106 40 STOCKHOLM Sweden,2008-08-18
SE-JFM,2007-01-17,Non-airworthy,,ROBINSON-R22,2009,1991,"622,0",,1994-12-22,1,Senast registrerad ägare,504416.0,Helicopter Assistanse Rentaco AB,Bromma Flygplats 168 67 BROMMA Sweden,1994-12-22
SE-JFN,2022-05-11,Exported,France,EUROCOPTER-EC135T2,0214,2002,"2835,0",2022-11-17,2002-05-31,1,Senast registrerad ägare,500483.0,Avincis Aviation Sweden AB,Stockevägen 68 832 56 Frösön Sweden,2004-05-27
SE-JFO,2006-01-16,Exported,Australia,EUROCOPTER-AS350B3,3374,2000,"2250,0",,2001-02-01,1,Senast registrerad ägare,503828.0,AB Peractio,Västanå 104 896 91 HUSUM Sweden,2001-02-01
SE-JFP,2004-11-29,Exported,Austria,EUROCOPTER-EC135T1,0105,1999,"2720,0",,2000-01-19,1,Senast registrerad ägare,500483.0,Avincis Aviation Sweden AB,Stockevägen 68 832 56 Frösön Sweden,2003-03-07
SE-JFR,2001-12-17,Exported,Norway,EUROCOPTER-AS350B3,3444,2001,"2250,0",,2001-08-29,1,Senast registrerad ägare,504649.0,HR Helicopter Operation AB,Säve Flygplatsväg 38 423 73 SÄVE Sweden,2001-08-29
SE-JFS,2004-11-03,Exported,South Africa,EUROCOPTER-AS350B2,3568,2002,"2250,0",,2002-06-06,1,Senast registrerad ägare,500477.0,Heli i Arjeplog AB,Hamnplan 930 90 Arjeplog Sweden,2002-06-06
SE-JFT,2008-01-21,Exported,Norway,EUROCOPTER-AS350B3,3312,2000,"2250,0",,2000-07-25,1,Senast registrerad ägare,500481.0,Osterman Helicopter i Göteborg AB,Säve Flygplatsväg 38 423 73 Säve Sweden,2005-11-03
SE-JFU,2003-07-14,Exported,United States of America,SIKORSKY-S76A,760064,1980,"4765,0",,2002-05-21,1,Senast registrerad ägare,504649.0,HR Helicopter Operation AB,Säve Flygplatsväg 38 423 73 SÄVE Sweden,2002-08-07
SE-JFV,2005-07-21,Exported,Finland,ROBINSON-R22,2008,1991,"622,0",,1999-04-27,1,Senast registrerad ägare,504853.0,HelikopterTornet AB,Persuddevägen 48 B 135 52 TYRESÖ Sweden,2000-04-13
SE-JFX,2004-05-17,Exported,Spain,EUROCOPTER-AS350B3,3077,1998,"2250,0",,1998-07-02,1,Senast registrerad ägare,504649.0,HR Helicopter Operation AB,Säve Flygplatsväg 38 423 73 SÄVE Sweden,2002-07-04
SE-JFZ,2000-04-13,Exported,France,EUROCOPTER-EC120B,1011,1998,"1680,0",,1998-09-30,1,Senast registrerad ägare,500480.0,Jämtlands Flyg AB,Lugnviksvägen 5 831 52 Östersund Sweden,1998-09-30
SE-JGA,,,,ROBINSON-R44,0673C,1999,"1089,0",2009-06-30,1999-12-16,1,Registrerad ägare,504864.0,Skärgårdsgruppen i Stockholm AB,Sweden,2005-08-19
SE-JGB,2017-02-28,Exported,United States of America,MCDONNELL DOUGLAS-369E,0252E,1988,"1360,0",2017-06-01,2001-05-29,1,Senast registrerad ägare,504960.0,Stockholms Helikoptertjänst AB,Lyftkransvägen 9 142 50 SKOGÅS Sweden,2003-04-11
SE-JGC,2017-10-18,Exported,Germany,ROBINSON-R22 BETA,0692,1987,"621,0",2008-11-30,2000-11-02,1,Senast registrerad ägare,504430.0,Inmec AB,Strandvägen 40 196 30 KUNGSÄNGEN Sweden,2000-11-02
SE-JGD,2002-08-02,Exported,Norway,ROBINSON-R22 BETA,1270,1990,"621,0",,2001-08-14,1,Senast registrerad ägare,503340.0,Norwegian Helicopter Consultans AS,Havglöttveien 5  3143 Kjöpmanskjaer NO-N-0722 NÖTTERÖY Norway,2002-01-28
SE-JGE,2013-06-04,Exported,Finland,HUGHES-369D,470112D,1977,"1360,0",2013-08-01,2002-01-17,1,Senast registrerad ägare,500012.0,HeliAir Sweden AB,Lycksta Gård 1 725 94 VÄSTERÅS Sweden,2011-10-10
SE-JGF,2016-07-28,Exported,United States of America,HUGHES-369D,1160037D,1976,"1360,0",,2016-06-01,1,Senast registrerad ägare,500012.0,HeliAir Sweden AB,Lycksta Gård 1 725 94 VÄSTERÅS Sweden,2016-06-01
SE-JGG,2006-01-12,Exported,Germany,ROBINSON-R44,0084,1994,"1088,0",,1997-09-01,1,Senast registrerad ägare,504026.0,Örebro Helikopter AB,Ormesta Sjöland 223 705 95 ÖREBRO Sweden,2004-03-03
SE-JGH,2003-03-28,Exported,United States of America,EUROCOPTER-AS350B3,3508,2001,"2250,0",,2002-02-15,1,Senast registrerad ägare,504773.0,Vidinge Invest AB,Box 3227 103 64 STOCKHOLM Sweden,2002-02-15
SE-JGI,2003-05-30,Exported,Russian Federation,EUROCOPTER-AS350B3,3510,2001,"2250,0",,2002-02-26,1,Senast registrerad ägare,504773.0,Vidinge Invest AB,Box 3227 103 64 STOCKHOLM Sweden,2002-02-26
SE-JGJ,2002-07-09,Exported,United States of America,EUROCOPTER-AS350B2,3551,2002,"2250,0",,2002-05-08,1,Senast registrerad ägare,503828.0,AB Peractio,Västanå 104 896 91 HUSUM Sweden,2002-05-08
SE-JGK,2001-12-06,Total write-off,,EUROCOPTER-AS350B2,2920,1996,"2250,0",,2000-02-07,1,Senast registrerad ägare,504857.0,Airlift Sweden Holding AB,Flygfältet 5 824 92 HUDIKSVALL Sweden,2000-05-25
SE-JGL,,,,EUROCOPTER-EC120B,1305,2002,"1715,0",2027-05-31,2002-05-31,1,Registrerad ägare,500472.0,Fjällflygarna i Arjeplog AB,Adolfström 158 938 93 LAISVALL Sweden,2002-05-31
SE-JGM,2003-07-31,Exported,Germany,EUROCOPTER-EC120B,1320,2002,"1715,0",,2002-07-26,1,Senast registrerad ägare,504903.0,Savback Helicopters AB,Borggårdsvägen 12 612 75 HÄLLESTAD Sweden,2002-07-26
SE-JGN,2000-05-18,Exported,Norway,ROBINSON-R22 MARINER,2198M,1992,"621,0",,1997-10-10,1,Senast registrerad ägare,504853.0,HelikopterTornet AB,Persuddevägen 48 B 135 52 TYRESÖ Sweden,1997-10-10
SE-JGO,2001-12-28,Exported,United States of America,EUROCOPTER-EC120B,1181,2000,"1715,0",,2001-02-05,1,Senast registrerad ägare,503828.0,AB Peractio,Västanå 104 896 91 HUSUM Sweden,2001-02-05
SE-JGP,2006-03-16,Exported,Australia,EUROCOPTER-EC120B,1056,1999,"1715,0",,2000-03-01,1,Senast registrerad ägare,503305.0,Helicopter Transportation Group AS,Strandveien 20 NO-NO-1366 Lysaker Norway,2006-03-03
SE-JGR,2006-07-06,Exported,Norway,EUROCOPTER-AS350B3,3563,2002,"2250,0",,2002-07-02,1,Senast registrerad ägare,504857.0,Airlift Sweden Holding AB,Flygfältet 5 824 92 HUDIKSVALL Sweden,2005-07-28
SE-JGS,2006-09-08,Exported,Poland,SCHWEIZER-269D,0019,1997,"1155,0",,2002-08-14,1,Senast registrerad ägare,504873.0,Rehnström Aero AB,Essingetorget 39 112 66 STOCKHOLM Sweden,2002-09-09
SE-JGT,2000-03-22,Exported,United States of America,AEROSPATIALE-AS355F1,5087,1981,"2400,0",,1997-01-09,1,Senast registrerad ägare,505394.0,Swede-Copter KB,Rådanäs 43533 MÖLNLYCKE Sweden,1998-06-09
SE-JGV,2022-07-14,Exported,France,AEROSPATIALE-AS350B,1130,1979,"1950,0",2022-05-28,2003-06-27,1,Senast registrerad ägare,533897.0,Rotor Service Norden AB,Strömgatan 43 982 60 Porjus Sweden,2015-02-18
SE-JGX,2007-02-27,Total write-off,,ROBINSON-R44,0113,1994,"1088,0",,2003-08-01,1,Senast registrerad ägare,504770.0,Helitek Hangar i Karlskoga AB,Hangarvägen 1 691 35 KARLSKOGA Sweden,2003-08-01
SE-JGY,2003-10-15,Exported,Ireland,EUROCOPTER-AS350B2,3594,2003,"2250,0",,2003-08-12,1,Senast registrerad ägare,503821.0,Heliflyg AB,Klippan 1 C 414 51 GÖTEBORG Sweden,2003-08-12
SE-JGZ,2022-05-05,Exported,Norway,EUROCOPTER-AS350B2,9014,1999,"2250,0",2022-07-23,2001-11-15,1,Senast registrerad ägare,668530.0,Brannhaugen Eiendom AS,Vangbergsvegen 127 NO-7633 Frosta Norway,2021-10-29
SE-JHA,,,,EUROCOPTER-EC120B,1174,2000,"1715,0",2025-02-13,2000-12-21,1,Registrerad ägare,500076.0,Kallax Flyg AB,Vargbackenvägen 1 942 94 Sikfors Sweden,2014-04-02
SE-JHB,,,,EUROCOPTER-EC120B,1214,2001,"1715,0",2027-06-14,2001-06-19,1,Registrerad ägare,500076.0,Kallax Flyg AB,Vargbackenvägen 1 942 94 Sikfors Sweden,2014-04-02
SE-JHC,2006-05-29,Exported,Spain,EUROCOPTER-AS350B3,3600,2002,"2250,0",,2005-05-25,1,Senast registrerad ägare,504488.0,Scandinavian Helicopter Group AB,Box 24124 400 22 GÖTEBORG Sweden,2005-05-25
SE-JHD,2008-06-13,Exported,Greenland,EUROCOPTER-AS350B3,3612,2002,"2250,0",2009-01-10,2002-11-21,1,Senast registrerad ägare,503506.0,HT Helitrade AG,Spluegenstrasse 9 CH-CH 8002 ZURICH Switzerland,2007-05-28
SE-JHE,2006-03-22,Exported,Switzerland,EUROCOPTER-AS350B3,3623,2002,"2250,0",,2002-12-19,1,Senast registrerad ägare,504081.0,Laroy Flyg AB,Box 24124 400 22 GÖTEBORG Sweden,2003-12-23
SE-JHF,2003-06-24,Exported,United States of America,EUROCOPTER-AS350B3,3649,2002,"2250,0",,2003-02-06,1,Senast registrerad ägare,504488.0,Scandinavian Helicopter Group AB,Box 24124 400 22 GÖTEBORG Sweden,2003-02-06
SE-JHG,2003-05-21,Exported,United States of America,EUROCOPTER-AS350B3,3664,2002,"2250,0",,2003-03-20,1,Senast registrerad ägare,503821.0,Heliflyg AB,Klippan 1 C 414 51 GÖTEBORG Sweden,2003-03-20
SE-JHH,2015-05-13,Total write-off,,EUROCOPTER-EC120B,1200,2001,"1715,0",2014-08-15,2001-04-26,1,Senast registrerad ägare,500076.0,Kallax Flyg AB,Vargbackenvägen 1 942 94 Sikfors Sweden,2014-04-01
SE-JHI,2007-11-15,Exported,Norway,EUROCOPTER-AS350B2,3650,2003,"2250,0",,2003-03-24,1,Senast registrerad ägare,500076.0,Kallax Flyg AB,Vargbackenvägen 1 942 94 Sikfors Sweden,2003-03-24
SE-JHJ,2007-12-03,Destroyed,,ROBINSON-R44,1382,2004,"1088,0",,2004-06-14,1,Senast registrerad ägare,504919.0,HM-Jansson Åkeri AB,Tronnum 370 442 73 KÄRNA Sweden,2004-06-14
SE-JHK,2006-05-10,Exported,Spain,EUROCOPTER-AS350B3,3445,2001,"2250,0",,2001-08-16,1,Senast registrerad ägare,503693.0,"Nordea Finance Equipment AS, Sverige filial",L848 105 71  STOCKHOLM Sweden,2006-02-15
SE-JHL,,,,EUROCOPTER-AS350B2,2878,1995,"2250,0",2026-08-07,2003-03-14,1,Registrerad ägare,736126.0,Kopter Aviation Oy,Lenkkitie 6 FI-35300 Orivesi Finland,2025-08-13
SE-JHM,2024-07-09,Exported,United States of America,HUGHES-269C,970634,1977,"930,0",2024-06-01,2003-11-11,1,Senast registrerad ägare,692494.0,LGD Aviation AB,Sweden,2022-12-12
SE-JHN,2005-08-08,Exported,Austria,HUGHES-269C,S1218,1986,"930,0",,2003-09-03,1,Senast registrerad ägare,504537.0,Rotor Konsult i Borlänge AB,Skärsjö 13 781 93 BORLÄNGE Sweden,2003-09-03
SE-JHO,,,,BELL-206L1,45534,1980,"1837,0",2027-02-14,2007-01-12,1,Registrerad ägare,500232.0,Roslagens Helikopterflyg AB,Sikvägen 761 41 Norrtälje Sweden,2008-09-25
SE-JHP,2018-06-21,Exported,Ukraine,BELL-47G-3B-1,WA 31,1965,"1338,0",2019-06-30,2004-11-19,1,,,,,
SE-JHR,2009-03-06,Scrapped,,MBB-BO105S-CBS4,S-433,1981,"2500,0",,2003-01-02,1,Senast registrerad ägare,504916.0,Ex-Change Parts i Borlänge AB,"Sveavägen 166, plan 3 113 46 Stockholm Sweden",2007-01-31
SE-JHS,2017-12-20,Exported,Italy,ROBINSON-R44,0792,2000,"1089,0",2017-09-11,2000-07-11,1,Senast registrerad ägare,500571.0,H-Bird Aviation Services AB,Cirrusvägen 9 (Hangar 4) 168 67 BROMMA Sweden,2011-08-08
SE-JHT,,,,EUROCOPTER-EC120B,1349,2003,"1715,0",2027-03-31,2003-03-10,1,Registrerad ägare,500029.0,Fiskflyg AB,Strömgatan 43 982 60 Porjus Sweden,2003-03-10
SE-JHU,2005-01-28,Exported,Italy,EUROCOPTER-AS350B3,3797,2004,"2250,0",,2004-05-06,1,Senast registrerad ägare,504488.0,Scandinavian Helicopter Group AB,Box 24124 400 22 GÖTEBORG Sweden,2004-05-06
SE-JHV,2004-12-16,Exported,Turkey,EUROCOPTER-AS350B3,3804,2004,"2250,0",,2004-06-16,1,Senast registrerad ägare,504488.0,Scandinavian Helicopter Group AB,Box 24124 400 22 GÖTEBORG Sweden,2004-06-16
SE-JHX,2004-12-22,Exported,Spain,EUROCOPTER-AS350B3,3819,2004,"2250,0",,2004-06-09,1,Senast registrerad ägare,504872.0,Lars-Anders AB,Björkvägen 10 920 64 TÄRNABY Sweden,2004-06-29
SE-JHY,2004-09-20,Exported,Ireland,EUROCOPTER-EC130B4,3810,2004,"2427,0",,2004-07-22,1,Senast registrerad ägare,504488.0,Scandinavian Helicopter Group AB,Box 24124 400 22 GÖTEBORG Sweden,2004-07-22
SE-JHZ,2019-06-24,Exported,Norway,EUROCOPTER-EC120B,1109,2000,"1715,0",2020-06-20,2000-05-09,1,Senast registrerad ägare,500480.0,Jämtlands Flyg AB,Lugnviksvägen 5 831 52 Östersund Sweden,2014-04-22
SE-JIA,2023-07-28,Scrapped,,AEROSPATIALE-AS365N3,6415,1991,"4300,0",2021-09-27,2004-09-13,1,Senast registrerad ägare,500483.0,Avincis Aviation Sweden AB,Stockevägen 68 832 56 Frösön Sweden,2004-09-13
SE-JIB,2018-10-01,Exported,France,AEROSPATIALE-AS365N2,6404,1991,"4250,0",2018-09-27,2005-09-01,1,Senast registrerad ägare,500483.0,Avincis Aviation Sweden AB,Stockevägen 68 832 56 Frösön Sweden,2011-11-14
SE-JIC,2021-06-01,Exported,France,AEROSPATIALE-AS365N2,6417,1991,"4250,0",2019-01-15,2006-04-05,1,Senast registrerad ägare,500483.0,Avincis Aviation Sweden AB,Stockevägen 68 832 56 Frösön Sweden,2018-07-23
SE-JID,2023-07-28,Scrapped,,EUROCOPTER-AS365N3,6788,2007,"4300,0",2023-04-17,2009-04-17,1,Senast registrerad ägare,500483.0,Avincis Aviation Sweden AB,Stockevägen 68 832 56 Frösön Sweden,2009-05-04
SE-JIE,2020-10-07,Exported,Slovakia,EUROCOPTER-EC135P2+,0715,2008,"2910,0",2020-10-31,2008-10-20,1,Senast registrerad ägare,500483.0,Avincis Aviation Sweden AB,Stockevägen 68 832 56 Frösön Sweden,2008-10-22
SE-JIF,2016-11-15,Exported,South Africa,BELL-206B,4260,1992,"1451,0",2017-05-07,2004-08-23,1,Senast registrerad ägare,532444.0,H500 Sverige AB,Tre Fiskares väg 4 185 51 VAXHOLM Sweden,2014-04-29
SE-JIH,2012-12-14,Exported,Australia,EUROCOPTER-AS350B2,2330,1990,"2250,0",2011-04-30,2005-04-18,1,Senast registrerad ägare,503693.0,"Nordea Finance Equipment AS, Sverige filial",L848 105 71  STOCKHOLM Sweden,2007-12-21
SE-JIK,2016-05-31,Exported,Germany,ROBINSON-R44II,10395,2004,"1134,0",2016-05-31,2004-07-01,1,Senast registrerad ägare,527566.0,Åviken Fly Camp High Coast AB,Åsbergsvägen 12 891 30 ÖRNSKÖLDSVIK Sweden,2013-01-16
SE-JIL,2006-11-09,Exported,Finland,EUROCOPTER-EC120B,1284,2002,"1715,0",,2005-03-04,1,Senast registrerad ägare,500477.0,Heli i Arjeplog AB,Hamnplan 930 90 Arjeplog Sweden,2005-03-04
SE-JIM,2014-02-28,Exported,Norway,EUROCOPTER-AS350B3,4105,2006,"2250,0",2014-06-30,2006-06-26,1,Senast registrerad ägare,500467.0,Airlift Helicopter Sweden AB,Flygfältet 5 824 92 Hudiksvall Sweden,2009-10-30
SE-JIN,2019-11-26,Exported,Russian Federation,SCHWEIZER-269D,0025,1998,"1012,0",2012-12-19,2006-04-03,1,Senast registrerad ägare,504890.0,YAK Aero AB,Margretelundsvägen 50 184 60 ÅKERSBERGA Sweden,2010-06-01
SE-JIO,2012-06-08,Exported,Norway,EUROCOPTER-AS350B3,4106,2006,"2250,0",2012-05-11,2006-06-26,1,Senast registrerad ägare,500467.0,Airlift Helicopter Sweden AB,Flygfältet 5 824 92 Hudiksvall Sweden,2009-10-30
SE-JIP,2016-02-23,Exported,United States of America,BELL-206B,2545,1978,"1451,0",2014-06-03,2006-03-24,1,Senast registrerad ägare,500012.0,HeliAir Sweden AB,Lycksta Gård 1 725 94 VÄSTERÅS Sweden,2012-09-04
SE-JIR,,,,HUGHES-269C,1269,1987,"930,0",2026-08-22,2004-05-19,1,Registrerad ägare,505129.0,Flygvapenmuseum Helikopter (FVMH),Sweden,2011-03-29
SE-JIS,,,,HUGHES-269C,1270,1987,"930,0",2026-09-16,2005-04-15,1,Registrerad ägare,505129.0,Flygvapenmuseum Helikopter (FVMH),Sweden,2011-03-29
SE-JIT,,,,ROBINSON-R44II,10581,2004,"1134,0",2027-01-08,2005-03-01,1,Registrerad ägare,535088.0,TopHeli i Hemavan AB,Laisholm 121 92591 Tärnaby Sweden,2019-04-25
SE-JIU,,,,EUROCOPTER-AS350B3,4270,2007,"2250,0",2027-03-14,2007-06-18,1,Registrerad ägare,500029.0,Fiskflyg AB,Strömgatan 43 982 60 Porjus Sweden,2022-10-04
SE-JIV,2006-03-07,Exported,Germany,AGUSTA BELL-AB412,25802,1994,"5400,0",,2006-01-12,1,Senast registrerad ägare,503456.0,HDM Flugservice GmbH,Flughafen strasse 100 DE-90411 NÜRNBERG Germany,2006-01-12
SE-JIX,2006-03-23,Exported,Spain,AGUSTA BELL-AB412,25801,1994,"5400,0",,2005-11-30,1,Senast registrerad ägare,503455.0,Fumigacion Aerea Andaluza Sa,Aerodromo Sebastian Almagro Crta. Fuente Palmera KM 4 5 ES-E-14700 Palma Del Rio  Cordoba Spain,2005-11-30
SE-JIY,2006-03-23,Exported,Spain,AGUSTA BELL-AB412,25803,1994,"5400,0",,2006-02-02,1,Senast registrerad ägare,503455.0,Fumigacion Aerea Andaluza Sa,Aerodromo Sebastian Almagro Crta. Fuente Palmera KM 4 5 ES-E-14700 Palma Del Rio  Cordoba Spain,2006-02-02
SE-JIZ,2005-11-21,Exported,Spain,AGUSTA BELL-AB412,25805,1994,"5400,0",,2005-09-28,1,Senast registrerad ägare,503455.0,Fumigacion Aerea Andaluza Sa,Aerodromo Sebastian Almagro Crta. Fuente Palmera KM 4 5 ES-E-14700 Palma Del Rio  Cordoba Spain,2005-09-28
SE-JJA,,,,BELL-206L3,51368,1990,"2018,0",2026-12-28,2005-05-02,1,Registrerad ägare,500242.0,Arlanda Helicopter AB,Sjövillan Hus 208 111 49 Stockholm Sweden,2008-09-08
SE-JJB,,,,BELL-206L4,52110,1995,"2018,0",2027-07-16,2005-06-01,1,Registrerad ägare,500029.0,Fiskflyg AB,Strömgatan 43 982 60 Porjus Sweden,2019-07-02
SE-JJC,2016-10-04,Exported,Spain,MBB-BK 117 C-2,9076,2005,"3585,0",2017-09-07,2005-11-29,1,Senast registrerad ägare,500483.0,Avincis Aviation Sweden AB,Stockevägen 68 832 56 Frösön Sweden,2009-10-23
SE-JJD,2007-12-13,Exported,Austria,AEROSPATIALE-AS350B,1795,1984,"1950,0",,2006-06-12,1,Senast registrerad ägare,504948.0,AB Skrot Johan,Box 2151 103 14 Stockholm Sweden,2006-11-07
SE-JJE,,,,ROBINSON-R44II,10453,2004,"1134,0",2026-10-10,2009-11-06,1,Registrerad ägare,535088.0,TopHeli i Hemavan AB,Laisholm 121 92591 Tärnaby Sweden,2015-03-19
SE-JJF,,,,EUROCOPTER-EC120B,1495,2007,"1715,0",2026-10-31,2007-10-26,1,Registrerad ägare,500029.0,Fiskflyg AB,Strömgatan 43 982 60 Porjus Sweden,2007-10-26
SE-JJG,,,,ROBINSON-R44II,11247,2006,"1134,0",2027-07-04,2006-06-13,1,Registrerad ägare,500469.0,Storm Heliworks AB,Lägervägen 2 832 56 Frösön Sweden,2014-09-17
SE-JJH,2009-04-07,Exported,Italy,EUROCOPTER-AS350B3,4072,2006,"2250,0",2009-05-12,2006-04-19,1,Senast registrerad ägare,503508.0,Locat S.p.A.,via Zamboni n. 20 IT-0000 Bologna Italy,2007-06-04
SE-JJI,2007-06-12,Exported,Switzerland,EUROCOPTER-AS350B3,4079,2006,"2250,0",,2006-06-07,1,Senast registrerad ägare,504488.0,Scandinavian Helicopter Group AB,Box 24124 400 22 GÖTEBORG Sweden,2007-01-19
SE-JJJ,2007-08-06,Exported,Spain,EUROCOPTER-AS350B3,4088,2006,"2250,0",,2006-06-07,1,Senast registrerad ägare,504488.0,Scandinavian Helicopter Group AB,Box 24124 400 22 GÖTEBORG Sweden,2007-05-29
SE-JJK,,,,BELL-UH1H,66-01156,1966,"4300,0",2025-11-12,2005-07-08,1,Registrerad ägare,500012.0,HeliAir Sweden AB,Lycksta Gård 1 725 94 VÄSTERÅS Sweden,2022-10-20
SE-JJL,2013-10-08,Exported,Austria,BELL-212,31182,1981,"5080,0",2012-10-29,2009-10-29,1,Senast registrerad ägare,512080.0,Osterman Helicopter i Östersund AB,Säve Flygplatsväg 38 423 73 Säve Sweden,2011-12-06
SE-JJM,2026-04-27,Exported,France,EUROCOPTER-EC120B,1388,2004,"1715,0",2026-09-14,2005-06-28,1,Senast registrerad ägare,500076.0,Kallax Flyg AB,Vargbackenvägen 1 942 94 Sikfors Sweden,2017-10-09
SE-JJN,2013-05-31,Exported,Germany,ROBINSON-R44,0989,2001,"1089,0",2013-10-31,2006-07-19,1,,,,,
SE-JJP,2009-05-26,Exported,Italy,EUROCOPTER-AS350B3,4243,2007,"2250,0",2009-05-31,2007-05-03,1,Senast registrerad ägare,503559.0,Leasint S.p.A.,Via Manin 23 IT-20121 MILANO Italy,2008-12-11
SE-JJR,2007-08-28,Exported,United Kingdom,EUROCOPTER-AS355NP,5747,2007,"2600,0",,2007-07-30,1,Senast registrerad ägare,503512.0,Brookview Developments Ltd.,Suite 6  Victoria House  1-7 Hall Street IE-BT46 5AF Maghera Ireland,2007-08-03
SE-JJS,2008-11-20,Exported,Norway,EUROCOPTER-AS350B3,4249,2007,"2250,0",2009-07-04,2007-06-15,1,Senast registrerad ägare,503540.0,Fonnafly AS,Hangarveien 7 NO-3241  Sandefjord Norway,2008-06-18
SE-JJT,,,,ROBINSON-R44II,11479,2006,"1134,0",2027-06-14,2006-11-17,1,Registrerad ägare,733946.0,NSW Management AB,Torpvägen 1A 183 53 TÄBY Sweden,2025-07-01
SE-JJU,,,,BELL-206L3,51214,1987,"1882,0",2027-05-02,2010-11-29,1,Registrerad ägare,536082.0,First European Aviation Company Sp. z o.o.,Ul. Księżycowa 1 PL-01-934 Warszawa Poland,2026-04-10
SE-JJV,2022-09-05,Exported,Czech Republic,ROBINSON-R44II,12019,2007,"1134,0",2023-07-17,2007-12-11,1,,,,,
SE-JJX,2024-06-04,Exported,Canada,BELL-206L,45153,1978,"1812,0",2024-05-24,2007-01-22,1,,,,,
SE-JJY,2012-03-05,Exported,Singapore,EUROCOPTER-AS350B3,7163,2011,"2250,0",2012-11-03,2011-11-03,1,Senast registrerad ägare,504903.0,Savback Helicopters AB,Borggårdsvägen 12 612 75 HÄLLESTAD Sweden,2012-03-02
SE-JJZ,2019-05-16,Exported,Norway,ROBINSON-R44II,11884,2006,"1134,0",2019-10-03,2009-02-13,1,Senast registrerad ägare,500480.0,Jämtlands Flyg AB,Lugnviksvägen 5 831 52 Östersund Sweden,2010-08-12
SE-JKA,2006-05-18,Exported,Finland,AEROSPATIALE-AS365N2,6514,1997,"4250,0",,2005-09-29,1,Senast registrerad ägare,503444.0,North European Invest OY,Olostunturi FI-FIN-99300 MUONIO Finland,2005-09-29
SE-JKB,,,,EUROCOPTER-AS350B2,2621,1992,"2250,0",2027-02-28,2007-02-05,1,Registrerad ägare,500029.0,Fiskflyg AB,Strömgatan 43 982 60 Porjus Sweden,2022-06-01
SE-JKD,2014-01-03,Exported,Serbia,BELL-206B,3555,1981,"1451,0",2014-06-24,2007-06-29,1,Senast registrerad ägare,500012.0,HeliAir Sweden AB,Lycksta Gård 1 725 94 VÄSTERÅS Sweden,2012-09-04
SE-JKE,2014-02-28,Exported,Norway,EUROCOPTER-AS350B3,4479,2008,"2250,0",2013-06-19,2008-06-19,1,Senast registrerad ägare,500467.0,Airlift Helicopter Sweden AB,Flygfältet 5 824 92 Hudiksvall Sweden,2010-12-14
SE-JKF,2024-09-13,Destroyed,,EUROCOPTER-AS350B3,4516,2008,"2250,0",2009-07-02,2008-07-02,1,Senast registrerad ägare,500012.0,HeliAir Sweden AB,Lycksta Gård 1 725 94 VÄSTERÅS Sweden,2022-03-01
SE-JKG,,,,ROBINSON-R44II,10749,2005,"1134,0",2026-09-19,2005-06-15,1,Registrerad ägare,524947.0,Skärgårdens Fartyg och Helikoptertjänst AB,Sweden,2012-08-03
SE-JKH,2012-05-16,Exported,Morocco,EUROCOPTER-AS350B3,4966,2010,"2250,0",2012-05-19,2010-04-26,1,Senast registrerad ägare,512080.0,Osterman Helicopter i Östersund AB,Säve Flygplatsväg 38 423 73 Säve Sweden,2011-11-04
SE-JKI,2007-10-09,Exported,Norway,EUROCOPTER-EC120B,1429,2006,"1715,0",,2006-05-19,1,Senast registrerad ägare,504874.0,Ittur AB,Vasatorps gård 253 05 MÖRARP Sweden,2006-05-19
SE-JKJ,2017-06-13,Exported,United States of America,MCDONNELL DOUGLAS-MD600N,RN018,1997,"1860,0",2011-11-11,2009-03-23,1,Senast registrerad ägare,500096.0,Malmskogens Aerocenter AB,Mörnersgatan 4 18 582 25 Linköping Sweden,2016-04-18
SE-JKK,2012-12-14,Exported,Australia,EUROCOPTER-AS350B2,2406,1990,"2250,0",2013-04-09,2008-04-09,1,Senast registrerad ägare,503693.0,"Nordea Finance Equipment AS, Sverige filial",L848 105 71  STOCKHOLM Sweden,2008-04-09
SE-JKL,2010-01-05,Exported,Germany,MCDONNELL DOUGLAS-369E,0556E,2001,"1360,0",2010-06-17,2005-05-27,1,Senast registrerad ägare,504655.0,Radius Sweden AB,Tennvägen 1 371 50 KARLSKRONA Sweden,2005-05-27
SE-JKN,,,,EUROCOPTER-EC120B,1286,2002,"1715,0",2027-04-01,2025-04-29,1,Registrerad ägare,736123.0,Axionara Ltd,"Makariou III, 34 Hadjiyianni Building, 2nd Floor, Office 203 CY-3065 Limassol Cyprus",2025-08-08
SE-JKO,2019-03-27,Exported,Norway,ROBINSON-R44,1989,2008,"1089,0",2019-01-20,2012-04-13,1,,,,,
SE-JKP,2014-02-05,Total write-off,,BELL-206B,3797,1984,"1451,0",2014-07-05,2007-06-15,1,,,,,
SE-JKR,2011-01-05,Exported,Norway,ROBINSON-R44II,11918,2007,"1134,0",2011-07-30,2007-10-29,1,Senast registrerad ägare,503595.0,Sandnes Heli DA,Storgaten 48 NO-4307 SANDNES Norway,2010-06-09
SE-JKS,2012-05-28,Exported,Cambodia,AIRBUS HELICOPTERS-AS350B3,5794,2012,"2250,0",2013-04-16,2012-04-17,1,Senast registrerad ägare,505038.0,Northwestern Helicopters AB,Sweden,2012-04-17
SE-JKT,2008-10-28,Exported,Ireland,EUROCOPTER-AS350B3,4512,2008,"2250,0",2009-09-15,2008-09-16,1,Senast registrerad ägare,504773.0,Vidinge Invest AB,Box 3227 103 64 STOCKHOLM Sweden,2008-09-16
SE-JKV,2011-05-25,Exported,Colombia,EUROCOPTER-AS355N,5638,1997,"2600,0",2012-02-03,2007-02-15,1,Senast registrerad ägare,504773.0,Vidinge Invest AB,Box 3227 103 64 STOCKHOLM Sweden,2007-02-15
SE-JKX,2012-01-19,Exported,Germany,ROBINSON-R44,0478,1998,"1089,0",2010-11-05,2009-11-24,1,,,,,
SE-JKY,,,,EUROCOPTER-AS350B3,4884,2009,"2250,0",2027-07-29,2019-05-03,1,Registrerad ägare,500012.0,HeliAir Sweden AB,Lycksta Gård 1 725 94 VÄSTERÅS Sweden,2019-05-03
SE-JKZ,2007-12-20,Total write-off,,ROBINSON-R44II,11380,2006,"1134,0",,2007-01-23,1,Senast registrerad ägare,500480.0,Jämtlands Flyg AB,Lugnviksvägen 5 831 52 Östersund Sweden,2007-01-23
SE-JLA,2002-10-16,Exported,Monaco,EUROCOPTER-EC120B,1179,2000,"1715,0",,2001-02-09,1,Senast registrerad ägare,500251.0,Westhelicopter AB,Nordkalottvägen 14 972 54 Luleå Sweden,2001-02-09
SE-JLB,,,,EUROCOPTER-EC120B,1225,2001,"1715,0",2026-12-19,2001-07-06,1,Registrerad ägare,500076.0,Kallax Flyg AB,Vargbackenvägen 1 942 94 Sikfors Sweden,2015-12-14
SE-JLC,2003-01-02,Exported,Norway,EUROCOPTER-AS350B3,3493,2001,"2250,0",,2002-03-28,1,Senast registrerad ägare,504872.0,Lars-Anders AB,Björkvägen 10 920 64 TÄRNABY Sweden,2002-03-28
SE-JLD,,,,EUROCOPTER-EC120B,1318,2002,"1715,0",,2002-07-12,1,Registrerad ägare,500076.0,Kallax Flyg AB,Vargbackenvägen 1 942 94 Sikfors Sweden,2021-08-23
SE-JLE,,,,ROBINSON-R44,1359,2004,"1089,0",2026-11-22,2004-02-24,1,Registrerad ägare,527566.0,Åviken Fly Camp High Coast AB,Åsbergsvägen 12 891 30 ÖRNSKÖLDSVIK Sweden,2022-10-06
SE-JLF,2017-01-16,Exported,Norway,EUROCOPTER-AS350B2,9041,2001,"2250,0",2017-08-31,2004-08-04,1,Senast registrerad ägare,500076.0,Kallax Flyg AB,Vargbackenvägen 1 942 94 Sikfors Sweden,2015-12-14
SE-JLG,2011-08-18,Exported,Austria,EUROCOPTER-AS350B3,4787,2009,"2370,0",2012-02-15,2009-12-14,1,Senast registrerad ägare,504488.0,Scandinavian Helicopter Group AB,Box 24124 400 22 GÖTEBORG Sweden,2011-07-06
SE-JLH,2013-07-15,Exported,Norway,EUROCOPTER-AS350B3,7149,2011,"2250,0",2014-05-30,2011-05-11,1,Senast registrerad ägare,504081.0,Laroy Flyg AB,Box 24124 400 22 GÖTEBORG Sweden,2012-08-28
SE-JLI,2014-06-19,Exported,France,EUROCOPTER-AS350B3,7370,2012,"2250,0",2015-04-25,2012-04-25,1,Senast registrerad ägare,504488.0,Scandinavian Helicopter Group AB,Box 24124 400 22 GÖTEBORG Sweden,2012-04-25
SE-JLJ,2012-09-27,Exported,France,EUROCOPTER-AS350B3,7392,2012,"2250,0",2013-05-03,2012-05-04,1,Senast registrerad ägare,504488.0,Scandinavian Helicopter Group AB,Box 24124 400 22 GÖTEBORG Sweden,2012-04-18
SE-JLK,2014-10-03,Exported,China,EUROCOPTER-AS350B3,7394,2012,"2250,0",2015-06-18,2012-06-14,1,Senast registrerad ägare,504488.0,Scandinavian Helicopter Group AB,Box 24124 400 22 GÖTEBORG Sweden,2014-07-10
SE-JLL,2004-06-04,Exported,Norway,AEROSPATIALE-AS350B1,2021,1987,"2200,0",,2003-06-19,1,Senast registrerad ägare,500479.0,HeliNord Norden AB,Stenberg 101 891 96 Arnäsvall Sweden,2003-06-25
SE-JLM,2019-05-16,Exported,Norway,ROBINSON-R44II,11088,2005,"1134,0",2019-11-23,2006-03-15,1,Senast registrerad ägare,500480.0,Jämtlands Flyg AB,Lugnviksvägen 5 831 52 Östersund Sweden,2012-03-29
SE-JLN,,,,EUROCOPTER-EC120B,1236,2001,"1715,0",2027-07-04,2015-01-16,1,Registrerad ägare,732651.0,Helipistas S.L,Heliport Teresa Vila s/n ES-08231 Ullastrell (Barcelona) Spain,2026-06-24
SE-JLO,2004-09-20,Exported,Switzerland,EUROCOPTER-AS350B3,3850,2004,"2250,0",,2004-08-31,1,Senast registrerad ägare,504488.0,Scandinavian Helicopter Group AB,Box 24124 400 22 GÖTEBORG Sweden,2004-08-31
SE-JLP,2003-04-14,Exported,Spain,BELL-212,31146,1980,"5080,0",,1996-07-26,1,Senast registrerad ägare,504649.0,HR Helicopter Operation AB,Säve Flygplatsväg 38 423 73 SÄVE Sweden,2002-07-04
SE-JLR,,,,BELL-206L,45011,1975,"1812,0",2027-07-04,2023-05-30,1,,,,,
SE-JLS,2013-02-18,Exported,Turkey,EUROCOPTER-AS350B3,4961,2010,"2250,0",2013-02-24,2010-05-25,1,Senast registrerad ägare,504488.0,Scandinavian Helicopter Group AB,Box 24124 400 22 GÖTEBORG Sweden,2010-05-25
SE-JLU,2016-07-07,Exported,France,EUROCOPTER-AS350B3,4912,2010,"2250,0",2017-05-27,2010-05-28,1,Senast registrerad ägare,503828.0,AB Peractio,Västanå 104 896 91 HUSUM Sweden,2010-05-28
SE-JLV,2010-07-09,Exported,Germany,EUROCOPTER-AS350B2,4958,2010,"2250,0",2011-05-30,2010-05-31,1,Senast registrerad ägare,505038.0,Northwestern Helicopters AB,Sweden,2010-05-31
SE-JLX,,,,AIRBUS HELICOPTERS-AS350B3,9212,2022,"2250,0",2027-05-28,2022-05-31,1,Registrerad ägare,500076.0,Kallax Flyg AB,Vargbackenvägen 1 942 94 Sikfors Sweden,2022-07-05
SE-JLY,,,,KAWASAKI-KV 107-II,4083,1972,"9700,0",2025-08-23,2016-08-04,1,Registrerad ägare,505138.0,Stiftelsen Aeroseum,Nya Bergets väg 50 417 46 GÖTEBORG Sweden,2016-08-04
SE-JLZ,2019-06-24,Exported,Norway,EUROCOPTER-EC120B,1213,2001,"1715,0",2020-06-30,2001-06-06,1,Senast registrerad ägare,500480.0,Jämtlands Flyg AB,Lugnviksvägen 5 831 52 Östersund Sweden,2014-04-22
SE-JMA,2016-02-18,Exported,Norway,EUROCOPTER-AS355N,5540,1993,"2600,0",2016-10-23,2015-02-02,1,Senast registrerad ägare,505055.0,Northern Helicopters AB,Säve Flygplatsväg 40 423 73 SÄVE Sweden,2015-02-02
SE-JMC,2015-10-27,Exported,United States of America,ROBINSON-R44II,10529,2004,"1134,0",2016-10-10,2004-12-14,1,Senast registrerad ägare,504929.0,Scandinavian Osterberg Helicopter Center AB,Hässlögatan 6 721 31 VÄSTERÅS Sweden,2015-10-15
SE-JMD,,,,ROBINSON-R44II,12247,2008,"1134,0",2027-05-29,2008-05-20,2,Registrerad delägare,504325.0,Herno Timber AB,Nickebostrand 7 871 22 Härnösand Sweden,2016-07-28
SE-JMD,,,,ROBINSON-R44II,12247,2008,"1134,0",2027-05-29,2008-05-20,2,Registrerad ägare,533726.0,AB Skogsflyg Cassel Aero,Berge 102 872 98 NORASTRÖM Sweden,2024-03-27
SE-JME,2014-11-24,Destroyed,,EUROCOPTER-EC120B,1184,2000,"1715,0",2010-04-30,2001-02-15,1,Senast registrerad ägare,504916.0,Ex-Change Parts i Borlänge AB,"Sveavägen 166, plan 3 113 46 Stockholm Sweden",2011-05-04
SE-JMF,2004-07-22,Exported,United Kingdom,EUROCOPTER-EC120B,1224,2001,"1715,0",,2001-06-13,1,Senast registrerad ägare,504488.0,Scandinavian Helicopter Group AB,Box 24124 400 22 GÖTEBORG Sweden,2004-04-07
SE-JMG,2022-06-15,Exported,Canada,CABRI-G2,1167,2016,"700,0",2023-02-18,2020-01-17,1,Senast registrerad ägare,616976.0,Land & Luft AB,Gliavägen 63 168 58 BROMMA Sweden,2020-01-17
SE-JMH,,,,ROBINSON-R44,0452,1997,"1089,0",,2022-03-02,1,Registrerad ägare,533124.0,No1 Flightengineering AB,Bleckåsen 385 835 93 ALSEN Sweden,2022-03-02
SE-JMI,,,,ROBINSON-R44,2060,2009,"1089,0",2027-03-05,2023-04-04,1,Registrerad ägare,697020.0,Balearic Helicopters Sweden AB,"Kaptensgatan 11, 4 tr 114 57 Stockholm Sweden",2023-04-04
SE-JMJ,,,,BELL-206B,3950,1986,"1451,0",2026-09-17,2022-03-11,1,Registrerad ägare,500232.0,Roslagens Helikopterflyg AB,Sikvägen 761 41 Norrtälje Sweden,2022-03-11
SE-JMK,,,,FUJIBELL-204B,CH34,1975,"3860,0",2027-01-31,2003-07-16,1,,,,,
SE-JML,2020-05-28,Exported,Hungary,BELL-206B,2843,1979,"1451,0",2020-05-29,2004-01-29,1,Senast registrerad ägare,504975.0,Helikopterflyg M L AB,Box 216 85104 SUNDSVALL Sweden,2004-01-29
SE-JMM,2021-11-01,Exported,Norway,ROBINSON-R44,0868,2000,"1089,0",2021-10-03,2000-10-20,1,Senast registrerad ägare,500076.0,Kallax Flyg AB,Vargbackenvägen 1 942 94 Sikfors Sweden,2016-01-27
SE-JMN,2021-07-06,Exported,Norway,SCHWEIZER-269C,S-1573,1991,"928,0",2021-07-07,2004-09-16,1,Senast registrerad ägare,527704.0,RR Bil & Maskinteknik HB,Tarsta Bäcktorpsgården 697 91 PÅLSBODA Sweden,2013-02-11
SE-JMO,2012-10-15,Exported,Australia,HUGHES-369E,0333E,1989,"1360,0",2013-06-06,2009-06-18,1,Senast registrerad ägare,500012.0,HeliAir Sweden AB,Lycksta Gård 1 725 94 VÄSTERÅS Sweden,2011-10-10
SE-JMP,,,,EUROCOPTER-EC120B,1008,1998,"1715,0",2026-09-04,1998-09-01,1,Registrerad ägare,500012.0,HeliAir Sweden AB,Lycksta Gård 1 725 94 VÄSTERÅS Sweden,2016-05-04
SE-JMR,2012-06-11,Exported,Finland,HUGHES-369D,1260066D,1976,"1360,0",2013-06-04,2004-11-24,1,Senast registrerad ägare,500012.0,HeliAir Sweden AB,Lycksta Gård 1 725 94 VÄSTERÅS Sweden,2011-10-10
SE-JMS,2021-11-01,Exported,Norway,ROBINSON-R44,1196,2002,"1089,0",2022-05-07,2002-09-13,1,Senast registrerad ägare,500076.0,Kallax Flyg AB,Vargbackenvägen 1 942 94 Sikfors Sweden,2017-07-03
SE-JMT,2007-02-01,Exported,Norway,ROBINSON-R22 BETA,3620,2004,"621,0",,2004-06-23,1,Senast registrerad ägare,504977.0,Bogghed Helicopter AB,Gammelgårdsvägen 58 112 64 STOCKHOLM Sweden,2004-06-23
SE-JMV,,,,BELL-206L1,45340,1979,"1837,0",2026-07-14,2010-03-31,1,,,,,
SE-JMX,2012-10-25,Exported,Germany,ROBINSON-R22 BETA,3680,2004,"621,0",2013-05-01,2004-10-06,1,Senast registrerad ägare,512973.0,Swedish Antique & Secondhand AB,Sweden,2012-02-22
SE-JMY,2023-01-12,Exported,Czech Republic,ROBINSON-R44,1313,2003,"1089,0",2023-06-26,2004-03-25,1,Senast registrerad ägare,686589.0,"LPS, letecké práce a služby, s.r.o.",U Studny 3383 CZ-27601 Mělník Czech Republic,2022-09-05
SE-JMZ,,,,EUROCOPTER-EC120B,1036,1999,"1715,0",2011-06-06,2007-04-23,1,Registrerad ägare,697586.0,XO Helicopters AS,Møbelvegen 1 NO-2860  Hov Norway,2023-03-31
SE-JNA,2019-05-28,Exported,Norway,AEROSPATIALE-SA315B,2643,1983,"1950,0",2019-07-01,2004-12-07,1,Senast registrerad ägare,504960.0,Stockholms Helikoptertjänst AB,Lyftkransvägen 9 142 50 SKOGÅS Sweden,2004-12-07
SE-JNB,2018-06-28,Exported,Germany,MCDONNELL DOUGLAS-369E,0373E,1989,"1360,0",2018-07-11,2008-01-09,1,Senast registrerad ägare,504960.0,Stockholms Helikoptertjänst AB,Lyftkransvägen 9 142 50 SKOGÅS Sweden,2008-01-09
SE-JNC,2013-04-11,Exported,Ukraine,ROBINSON-R44II,10554,2004,"1134,0",2013-07-15,2008-01-15,1,Senast registrerad ägare,504929.0,Scandinavian Osterberg Helicopter Center AB,Hässlögatan 6 721 31 VÄSTERÅS Sweden,2013-03-13
SE-JND,,,,ROBINSON-R44,1396,2004,"1089,0",2027-02-06,2010-06-17,1,Registrerad ägare,500762.0,Svensk Pilotutbildning AB,Säve Flygplatsväg 16 423 73 Säve Sweden,2021-07-09
SE-JNE,2015-05-13,Exported,Spain,CABRI-G2,1013,2010,"700,0",2015-09-25,2010-09-14,1,Senast registrerad ägare,505055.0,Northern Helicopters AB,Säve Flygplatsväg 40 423 73 SÄVE Sweden,2010-09-23
SE-JNF,,,,ROBINSON-R44II,10249,2004,"1134,0",2026-09-29,2026-07-06,1,Registrerad ägare,500469.0,Storm Heliworks AB,Lägervägen 2 832 56 Frösön Sweden,2026-07-06
SE-JNG,2012-08-29,Exported,Russian Federation,EUROCOPTER-EC120B,1341,2002,"1715,0",2013-02-06,2011-01-25,1,Senast registrerad ägare,505058.0,Barken Timmer AB,Bergsmansvägen 19 777 93 SÖDERBÄRKE Sweden,2012-07-02
SE-JNH,2014-03-12,Owners request,,ROBINSON-R22 BETA,3660,2004,"621,0",,2004-08-31,1,Senast registrerad ägare,504309.0,Siemens Financial Services AB,Box 6106 171 06 SOLNA Sweden,2007-08-16
SE-JNI,2025-10-21,Exported,Australia,AGUSTA BELL-AB206B,8623,1981,"1450,0",2024-07-29,2013-03-26,1,Senast registrerad ägare,535787.0,Heli Management i Jönköping AB,Klerebo 4 564 91 BANKERYD Sweden,2015-06-24
SE-JNJ,,,,BELL-47G-4,3149,1964,"1340,0",2025-05-31,2022-09-21,2,,,,,
SE-JNK,,,,BELL-407,53878,2009,"2381,0",2027-02-16,2009-04-21,1,Registrerad ägare,626448.0,RA Alvearium AB,Kävsta 1 725 93 Västerås Sweden,2024-11-19
SE-JNL,2014-06-27,Exported,United Kingdom,HUGHES-369E,0015E,1983,"1360,0",2015-02-12,2013-07-18,1,Senast registrerad ägare,500469.0,Storm Heliworks AB,Lägervägen 2 832 56 Frösön Sweden,2013-07-18
SE-JNM,2020-08-04,Exported,Germany,ROBINSON-R44,1929,2008,"1089,0",2020-10-23,2009-01-19,1,Senast registrerad ägare,501470.0,Air Service Göteborg AB,Säve Flygplatsväg 25 423 73  Säve Sweden,2018-09-24
SE-JNN,2023-03-07,Exported,Germany,ROBINSON-R22 BETA,3523,2003,"621,0",2019-09-20,2004-02-04,1,Senast registrerad ägare,500762.0,Svensk Pilotutbildning AB,Säve Flygplatsväg 16 423 73 Säve Sweden,2016-09-09
SE-JNO,,,,ROBINSON-R22 BETA,4378,2008,"621,0",2027-03-24,2010-04-08,1,Registrerad ägare,500762.0,Svensk Pilotutbildning AB,Säve Flygplatsväg 16 423 73 Säve Sweden,2016-04-18
SE-JNP,2011-08-02,Exported,Austria,EUROCOPTER-AS350B3,7138,2010,"2250,0",2012-04-13,2011-04-14,1,Senast registrerad ägare,505042.0,Daidalos Aero AB,Brunneby Sjövik 112 590 28 BORENSBERG Sweden,2011-04-14
SE-JNR,2012-03-06,Exported,Singapore,EUROCOPTER-AS350B3,4792,2010,"2250,0",2013-02-07,2010-12-13,1,Senast registrerad ägare,505068.0,Scandair Helicopter AB,Sweden,2010-12-16
SE-JNS,,,,EUROCOPTER-AS350B3,7378,2012,"2250,0",2027-06-28,2021-06-17,1,Registrerad ägare,500468.0,Arctic Air AB,Vuoggatjålme 952 938 97 Arjeplog Sweden,2021-06-17
SE-JNT,2018-12-07,Exported,Czech Republic,ROBINSON-R44II,12229,2008,"1134,0",2019-05-23,2012-05-07,1,Senast registrerad ägare,537512.0,Startrade Heli GmbH & Co KG,Zur Eisenkaute 15 DE-57299 BURBACH Germany,2018-11-14
SE-JNU,2016-04-13,Exported,Austria,EUROCOPTER-AS350B3,7653,2013,"2250,0",2016-06-11,2013-06-05,1,Senast registrerad ägare,505068.0,Scandair Helicopter AB,Sweden,2013-06-05
SE-JNV,2025-09-10,Scrapped,,EUROCOPTER-EC135T1,0023,1997,"2720,0",,2023-06-07,1,Senast registrerad ägare,504916.0,Ex-Change Parts i Borlänge AB,"Sveavägen 166, plan 3 113 46 Stockholm Sweden",2023-06-07
SE-JNX,,,,EUROCOPTER-AS350B3,4543,2008,"2250,0",2027-07-09,2008-08-27,1,Registrerad ägare,500076.0,Kallax Flyg AB,Vargbackenvägen 1 942 94 Sikfors Sweden,2014-04-02
SE-JNY,2015-06-08,Exported,Norway,EUROCOPTER-EC120B,1249,2001,"1715,0",2016-06-04,2014-07-29,1,Senast registrerad ägare,500111.0,Bromma Air Maintenance AB,"Hangar 4, Bromma Airport 168 67 Bromma Sweden",2014-07-29
SE-JNZ,2008-11-28,Total write-off,,ROBINSON-R44II,11922,2007,"1134,0",,2008-04-17,1,Senast registrerad ägare,500480.0,Jämtlands Flyg AB,Lugnviksvägen 5 831 52 Östersund Sweden,2008-04-17
SE-JOA,,,,BELL-206L1,45548,1980,"1882,0",2027-02-04,2012-04-03,1,Registrerad ägare,500468.0,Arctic Air AB,Vuoggatjålme 952 938 97 Arjeplog Sweden,2016-03-07
SE-JOB,2015-05-26,Exported,United States of America,SIKORSKY-S76C,760683,2007,"5307,0",2015-11-03,2008-11-03,1,Senast registrerad ägare,502778.0,Sjöfartsverket,601 78 Norrköping Sweden,2015-05-21
SE-JOC,,,,EUROCOPTER-AS355N,5726,2004,"2600,0",2027-05-17,2011-07-12,1,Registrerad ägare,533726.0,AB Skogsflyg Cassel Aero,Berge 102 872 98 NORASTRÖM Sweden,2021-01-19
SE-JOD,2024-11-15,Total write-off,,BELL-206B,4294,1993,"1451,0",,2011-11-09,1,Senast registrerad ägare,500472.0,Fjällflygarna i Arjeplog AB,Adolfström 158 938 93 LAISVALL Sweden,2011-11-09
SE-JOE,2013-12-02,Total write-off,,ROBINSON-R44II,10075,2003,"1134,0",2014-08-02,2010-03-10,1,Senast registrerad ägare,500571.0,H-Bird Aviation Services AB,Cirrusvägen 9 (Hangar 4) 168 67 BROMMA Sweden,2013-02-13
SE-JOF,2018-03-16,Exported,China,AIRBUS HELICOPTERS-AS350B3,8081,2015,"2250,0",2018-05-07,2015-04-27,1,Senast registrerad ägare,505068.0,Scandair Helicopter AB,Sweden,2015-04-27
SE-JOG,2019-02-15,Exported,Germany,ROBINSON-R22 BETA,2171,1992,"621,0",2017-10-26,2013-05-30,1,,,,,
SE-JOH,,,,ROBINSON-R22 BETA,3837,2005,"621,0",2026-09-07,2019-10-10,1,Registrerad ägare,500762.0,Svensk Pilotutbildning AB,Säve Flygplatsväg 16 423 73 Säve Sweden,2019-10-10
SE-JOI,2017-06-20,Exported,China,AIRBUS HELICOPTERS-AS350B3,8083,2015,"2250,0",2018-05-07,2015-04-27,1,Senast registrerad ägare,505068.0,Scandair Helicopter AB,Sweden,2015-04-27
SE-JOJ,2019-11-22,Exported,Israel,SIKORSKY-S76C,760678,2007,"5307,0",2020-06-24,2008-11-03,1,Senast registrerad ägare,502778.0,Sjöfartsverket,601 78 Norrköping Sweden,2015-06-30
SE-JOK,2017-02-10,Exported,United States of America,BELL-UH1H,66-00782,1966,"4309,0",2016-10-31,2006-06-21,1,Senast registrerad ägare,525102.0,Oy FlyBoy Ltd.,Lenkkitie 6 FI-35300 ORIVESI Finland,2012-09-06
SE-JOL,,,,BELL-206B,2318,1978,"1451,0",2026-09-04,2006-08-31,1,Registrerad ägare,500472.0,Fjällflygarna i Arjeplog AB,Adolfström 158 938 93 LAISVALL Sweden,2006-08-31
SE-JOM,2024-03-20,Exported,Botswana,BELL-206L3,51070,1983,"1882,0",2024-06-08,2013-03-22,1,Senast registrerad ägare,500232.0,Roslagens Helikopterflyg AB,Sikvägen 761 41 Norrtälje Sweden,2014-01-10
SE-JON,2017-04-10,Exported,Germany,BELL-206B,2901,1980,"1451,0",2017-08-25,2011-09-27,1,Senast registrerad ägare,500232.0,Roslagens Helikopterflyg AB,Sikvägen 761 41 Norrtälje Sweden,2014-03-26
SE-JOO,2014-03-27,Exported,Australia,BELL-206L3,51230,1987,"1882,0",2014-09-12,2010-08-10,1,Senast registrerad ägare,500571.0,H-Bird Aviation Services AB,Cirrusvägen 9 (Hangar 4) 168 67 BROMMA Sweden,2012-08-03
SE-JOP,2013-06-10,Exported,Norway,EUROCOPTER-AS350B3,7605,2013,"2250,0",2014-04-24,2013-04-25,1,Senast registrerad ägare,504488.0,Scandinavian Helicopter Group AB,Box 24124 400 22 GÖTEBORG Sweden,2013-04-25
SE-JOR,2016-03-16,Exported,China,EUROCOPTER-AS350B3,7610,2013,"2250,0",2016-06-02,2013-04-25,1,Senast registrerad ägare,505068.0,Scandair Helicopter AB,Sweden,2014-06-19
SE-JOS,,,,EUROCOPTER-AS350B3,7618,2013,"2250,0",2027-05-06,2021-05-06,1,Registrerad ägare,500242.0,Arlanda Helicopter AB,Sjövillan Hus 208 111 49 Stockholm Sweden,2025-09-19
SE-JOT,2016-05-09,Exported,Denmark,AIRBUS HELICOPTERS-AS350B3,7838,2014,"2250,0",2016-05-21,2014-05-19,1,Senast registrerad ägare,533554.0,SeaTwo Aps,Lyngby Hovedgade 10 DK-2800 KGS. LYNGBY Denmark,2014-08-14
SE-JOU,2015-10-14,Exported,Nepal,AIRBUS HELICOPTERS-AS350B3,8080,2015,"2250,0",2016-05-04,2015-04-15,1,Senast registrerad ägare,504488.0,Scandinavian Helicopter Group AB,Box 24124 400 22 GÖTEBORG Sweden,2015-04-15
SE-JOV,2016-06-16,Exported,France,AIRBUS HELICOPTERS-AS350B3,8076,2015,"2250,0",2017-04-22,2015-04-15,1,Senast registrerad ägare,504081.0,Laroy Flyg AB,Box 24124 400 22 GÖTEBORG Sweden,2015-05-28
SE-JOX,,,,EUROCOPTER-EC130B4,4407,2008,"2427,0",2027-01-11,2008-02-19,1,Registrerad ägare,500076.0,Kallax Flyg AB,Vargbackenvägen 1 942 94 Sikfors Sweden,2014-04-02
SE-JOY,2020-06-09,Exported,Germany,ROBINSON-R44II,11224,2006,"1134,0",2018-12-11,2006-05-30,1,Senast registrerad ägare,500251.0,Westhelicopter AB,Nordkalottvägen 14 972 54 Luleå Sweden,2010-12-17
SE-JOZ,,,,EUROCOPTER-EC120B,1398,2005,"1715,0",2027-06-10,2005-10-06,1,Registrerad ägare,630202.0,Garraway Logistics AB,Sweden,2021-01-08
SE-JPA,2023-08-24,Exported,Philippines,MCDONNELL DOUGLAS-369E,0358E,1986,"1360,0",2023-08-23,2011-05-02,1,Senast registrerad ägare,500468.0,Arctic Air AB,Vuoggatjålme 952 938 97 Arjeplog Sweden,2011-05-11
SE-JPB,,,,BELL-206L1,45783,1983,"1882,0",2025-06-30,2011-06-20,1,Registrerad ägare,500468.0,Arctic Air AB,Vuoggatjålme 952 938 97 Arjeplog Sweden,2011-06-20
SE-JPC,,,,MCDONNELL DOUGLAS-369E,0461E,1991,"1360,0",2026-09-13,2012-03-29,1,Registrerad ägare,500468.0,Arctic Air AB,Vuoggatjålme 952 938 97 Arjeplog Sweden,2012-04-03
SE-JPD,,,,ROBINSON-R44II,11787,2007,"1134,0",2027-06-26,2011-01-12,1,,,,,
SE-JPE,2023-08-22,Exported,Australia,HUGHES-369D,1099D,1981,"1360,0",2024-04-11,2012-03-30,1,Senast registrerad ägare,500012.0,HeliAir Sweden AB,Lycksta Gård 1 725 94 VÄSTERÅS Sweden,2012-03-30
SE-JPF,2025-03-14,Exported,Canada,EUROCOPTER-AS350B2,2880,1995,"2250,0",2025-08-19,2024-07-26,1,Senast registrerad ägare,500012.0,HeliAir Sweden AB,Lycksta Gård 1 725 94 VÄSTERÅS Sweden,2024-07-26
SE-JPG,2025-03-19,Exported,Canada,EUROCOPTER-AS350B2,3224,1999,"2250,0",2025-04-22,2012-10-23,1,Senast registrerad ägare,500012.0,HeliAir Sweden AB,Lycksta Gård 1 725 94 VÄSTERÅS Sweden,2012-10-23
SE-JPH,2018-08-15,Scrapped,,ROBINSON-R44,0700,2000,"1089,0",2018-05-10,2014-10-21,1,Senast registrerad ägare,500981.0,Northern Air Training i Göteborg AB,,2016-10-12
SE-JPI,2025-02-24,Exported,Canada,EUROCOPTER-AS350B3,3558,2002,"2250,0",2025-04-08,2015-06-02,1,Senast registrerad ägare,500012.0,HeliAir Sweden AB,Lycksta Gård 1 725 94 VÄSTERÅS Sweden,2015-06-02
SE-JPJ,2024-04-02,Exported,Ireland,AIRBUS HELICOPTERS-AS350B3,9432,2023,"2250,0",2024-11-14,2023-08-03,1,Senast registrerad ägare,503542.0,Executive Helicopter Maintenance Limited,"Barratoor, Kylebrack IE-H62 HF80 Loughrea Co. Galway Ireland",2023-08-03
SE-JPK,,,,BELL-407,54831,2019,"2381,0",2027-07-01,2019-07-03,1,Registrerad ägare,534816.0,ÅSI AB,Box 411 111 73 STOCKHOLM Sweden,2019-07-03
SE-JPL,,,,BELL-206B,947,1973,"1451,0",2026-12-10,2012-06-25,1,Registrerad ägare,597815.0,Hitech TCB Development AB,Sweden,2024-05-30
SE-JPM,2017-01-09,Exported,United States of America,HUGHES-369D,390480D,1979,"1360,0",2017-02-05,2013-12-11,1,Senast registrerad ägare,500012.0,HeliAir Sweden AB,Lycksta Gård 1 725 94 VÄSTERÅS Sweden,2013-12-11
SE-JPN,,,,BELL-429,57350,2018,"0,0",2026-08-31,2019-08-26,1,Registrerad ägare,500501.0,Polismyndigheten,Box 12256 102 26 Stockholm Sweden,2019-08-26
SE-JPO,,,,BELL-429,57351,2018,"0,0",2026-08-31,2019-08-26,1,Registrerad ägare,500501.0,Polismyndigheten,Box 12256 102 26 Stockholm Sweden,2019-08-26
SE-JPP,,,,BELL-206B,2275,1977,"1451,0",2026-12-08,2012-01-27,1,Registrerad ägare,500232.0,Roslagens Helikopterflyg AB,Sikvägen 761 41 Norrtälje Sweden,2020-03-17
SE-JPR,,,,BELL-429,57234,2014,"0,0",2026-11-30,2015-11-25,1,Registrerad ägare,500501.0,Polismyndigheten,Box 12256 102 26 Stockholm Sweden,2015-11-25
SE-JPS,,,,BELL-429,57232,2014,"0,0",2026-11-30,2015-11-03,1,Registrerad ägare,500501.0,Polismyndigheten,Box 12256 102 26 Stockholm Sweden,2015-11-03
SE-JPT,,,,BELL-429,57170,2013,"0,0",2027-01-31,2016-01-04,1,Registrerad ägare,500501.0,Polismyndigheten,Box 12256 102 26 Stockholm Sweden,2016-01-04
SE-JPU,,,,BELL-429,57204,2014,"0,0",2026-10-31,2015-10-23,1,Registrerad ägare,500501.0,Polismyndigheten,Box 12256 102 26 Stockholm Sweden,2015-10-23
SE-JPV,,,,BELL-429,57235,2014,"0,0",2026-12-31,2015-12-15,1,Registrerad ägare,500501.0,Polismyndigheten,Box 12256 102 26 Stockholm Sweden,2015-12-15
SE-JPX,,,,BELL-429,57205,2014,"0,0",2026-10-31,2015-10-28,1,Registrerad ägare,500501.0,Polismyndigheten,Box 12256 102 26 Stockholm Sweden,2015-10-28
SE-JPY,,,,BELL-429,57237,2014,"0,0",2027-01-31,2016-01-04,1,Registrerad ägare,500501.0,Polismyndigheten,Box 12256 102 26 Stockholm Sweden,2016-01-04
SE-JPZ,2012-01-23,Destroyed,,ROBINSON-R44II,11407,2006,"1134,0",2012-06-10,2010-05-05,1,Senast registrerad ägare,500480.0,Jämtlands Flyg AB,Lugnviksvägen 5 831 52 Östersund Sweden,2010-06-28
SE-JRA,,,,LEONARDO-AW169,69044,2017,"4800,0",2027-05-03,2017-05-03,1,Registrerad ägare,500483.0,Avincis Aviation Sweden AB,Stockevägen 68 832 56 Frösön Sweden,2017-05-03
SE-JRB,2023-07-28,Scrapped,,EUROCOPTER-AS365N3,6782,2008,"4300,0",2023-03-01,2012-01-26,1,Senast registrerad ägare,500483.0,Avincis Aviation Sweden AB,Stockevägen 68 832 56 Frösön Sweden,2012-01-26
SE-JRC,2015-11-06,Exported,France,BELL-429,57154,2013,"3175,0",2016-04-09,2014-02-11,1,Senast registrerad ägare,500483.0,Avincis Aviation Sweden AB,Stockevägen 68 832 56 Frösön Sweden,2014-02-11
SE-JRD,2022-03-09,Exported,Finland,MBB-BK117-D2,20005,2015,"3700,0",2022-02-15,2015-02-03,1,Senast registrerad ägare,500483.0,Avincis Aviation Sweden AB,Stockevägen 68 832 56 Frösön Sweden,2015-02-03
SE-JRE,2022-03-09,Exported,Finland,MBB-BK117-D2,20014,2014,"3700,0",2022-10-02,2014-10-01,1,Senast registrerad ägare,500483.0,Avincis Aviation Sweden AB,Stockevägen 68 832 56 Frösön Sweden,2019-03-13
SE-JRF,2022-03-09,Exported,Finland,MBB-BK117-D2,20015,2014,"3700,0",2021-10-07,2014-10-03,1,Senast registrerad ägare,500483.0,Avincis Aviation Sweden AB,Stockevägen 68 832 56 Frösön Sweden,2019-03-13
SE-JRG,2022-03-09,Exported,Finland,MBB-BK117-D2,20017,2014,"3700,0",2022-12-29,2014-12-30,1,Senast registrerad ägare,500483.0,Avincis Aviation Sweden AB,Stockevägen 68 832 56 Frösön Sweden,2014-12-30
SE-JRH,,,,AGUSTAWESTLAND-AW139,31499,2013,"6800,0",2026-09-12,2013-09-12,1,Registrerad ägare,502778.0,Sjöfartsverket,601 78 Norrköping Sweden,2013-09-12
SE-JRI,,,,AGUSTAWESTLAND-AW139,31507,2013,"6800,0",2026-10-27,2013-09-24,1,Registrerad ägare,502778.0,Sjöfartsverket,601 78 Norrköping Sweden,2013-09-24
SE-JRJ,,,,AGUSTAWESTLAND-AW139,31524,2013,"6800,0",2026-12-13,2013-12-10,1,Registrerad ägare,502778.0,Sjöfartsverket,601 78 Norrköping Sweden,2013-12-10
SE-JRK,,,,AGUSTAWESTLAND-AW139,31542,2014,"6800,0",2027-04-23,2014-04-03,1,Registrerad ägare,502778.0,Sjöfartsverket,601 78 Norrköping Sweden,2014-04-03
SE-JRL,,,,AGUSTAWESTLAND-AW139,31558,2014,"6800,0",2027-06-25,2014-06-18,1,Registrerad ägare,502778.0,Sjöfartsverket,601 78 Norrköping Sweden,2014-06-18
SE-JRM,,,,AGUSTAWESTLAND-AW139,31597,2014,"6800,0",2026-11-17,2015-02-05,1,Registrerad ägare,502778.0,Sjöfartsverket,601 78 Norrköping Sweden,2015-02-05
SE-JRN,,,,AGUSTAWESTLAND-AW139,31598,2015,"6800,0",2027-05-25,2015-05-08,1,Registrerad ägare,502778.0,Sjöfartsverket,601 78 Norrköping Sweden,2015-05-08
SE-JRO,2021-11-30,Exported,France,MBB-BK 117 C-2,9202,2008,"3585,0",2022-01-04,2015-01-05,1,Senast registrerad ägare,500483.0,Avincis Aviation Sweden AB,Stockevägen 68 832 56 Frösön Sweden,2015-01-05
SE-JRP,,,,BELL-407,53574,2003,"2381,0",2027-05-22,2014-11-19,1,Registrerad ägare,538212.0,Brogårdens Fastighets AB,Voltvägen 36 A 831 48 Östersund Sweden,2016-09-26
SE-JRR,2014-04-16,Exported,China,EUROCOPTER-EC120B,1274,2001,"1715,0",2015-03-25,2014-03-12,1,Senast registrerad ägare,511883.0,Bennys Gräv AB,Springliden 28 93994 MALÅ Sweden,2014-03-12
SE-JRS,2015-09-14,Exported,Iraq,AIRBUS HELICOPTERS-AS350B3,8063,2015,"2250,0",2016-03-02,2015-03-02,1,Senast registrerad ägare,534729.0,FORA Helicopters AB,Sweden,2015-03-02
SE-JRT,,,,EUROCOPTER-EC120B,1172,2000,"1715,0",2026-07-17,2016-05-13,1,Registrerad ägare,500012.0,HeliAir Sweden AB,Lycksta Gård 1 725 94 VÄSTERÅS Sweden,2016-05-13
SE-JRU,,,,AIRBUS HELICOPTERS-AS350B3,8242,2016,"2250,0",2027-05-31,2016-05-27,1,Registrerad ägare,500469.0,Storm Heliworks AB,Lägervägen 2 832 56 Frösön Sweden,2016-05-27
SE-JRV,,,,EUROCOPTER-EC120B,1378,2004,"1715,0",2019-05-06,2017-09-20,1,Registrerad ägare,504960.0,Stockholms Helikoptertjänst AB,Lyftkransvägen 9 142 50 SKOGÅS Sweden,2018-12-06
SE-JRX,,,,ROBINSON-R22 MARINER,661M,1987,"621,0",2027-06-10,2014-07-09,1,Registrerad ägare,746450.0,Flying Timber AB,Sweden,2026-05-19
SE-JRY,,,,EUROCOPTER-EC120B,1189,2001,"1715,0",2026-03-18,2017-04-05,1,Registrerad ägare,504960.0,Stockholms Helikoptertjänst AB,Lyftkransvägen 9 142 50 SKOGÅS Sweden,2017-04-05
SE-JRZ,,,,EUROCOPTER-AS350B3,3294,2000,"2250,0",2027-02-14,2016-12-07,1,Registrerad ägare,504960.0,Stockholms Helikoptertjänst AB,Lyftkransvägen 9 142 50 SKOGÅS Sweden,2016-12-07
SE-JSA,2018-05-18,Exported,Finland,AIRBUS HELICOPTERS-AS350B3,8461,2017,"2250,0",2019-01-10,2017-12-21,1,Senast registrerad ägare,512923.0,Roator AB,Sweden,2018-03-02
SE-JSB,,,,AIRBUS HELICOPTERS-AS350B3,8822,2020,"2250,0",2027-05-20,2025-03-28,1,Registrerad ägare,500012.0,HeliAir Sweden AB,Lycksta Gård 1 725 94 VÄSTERÅS Sweden,2025-03-28
SE-JSC,,,,AIRBUS HELICOPTERS-AS350B3,8826,2020,"2250,0",2027-06-18,2025-03-28,1,Registrerad ägare,500012.0,HeliAir Sweden AB,Lycksta Gård 1 725 94 VÄSTERÅS Sweden,2025-03-28
SE-JSD,,,,EUROCOPTER-AS350B3,4736,2009,"2250,0",2027-05-09,2017-06-28,1,Registrerad ägare,500012.0,HeliAir Sweden AB,Lycksta Gård 1 725 94 VÄSTERÅS Sweden,2017-06-28
SE-JSE,,,,ROBINSON-R44II,13115,2011,"1134,0",2027-04-23,2017-07-26,1,Registrerad ägare,535088.0,TopHeli i Hemavan AB,Laisholm 121 92591 Tärnaby Sweden,2022-11-24
SE-JSF,,,,EUROCOPTER-AS350B3,7624,2013,"2250,0",2027-05-08,2016-12-27,1,Registrerad ägare,622786.0,Elitellina S.R.L.,Via Eliporto 377 IT-23018 Talamona Italy,2023-05-15
SE-JSG,2022-07-28,Exported,United Kingdom,LEONARDO-AW169,69043,2017,"4800,0",2023-04-05,2017-04-06,1,Senast registrerad ägare,500483.0,Avincis Aviation Sweden AB,Stockevägen 68 832 56 Frösön Sweden,2017-04-13
SE-JSH,,,,LEONARDO-AW169,69059,2018,"4800,0",2027-01-31,2018-02-01,1,Registrerad ägare,500483.0,Avincis Aviation Sweden AB,Stockevägen 68 832 56 Frösön Sweden,2018-02-01
SE-JSI,2024-11-15,Exported,New Zealand,LEONARDO-AW169,69062,2018,"4800,0",2025-01-31,2018-02-01,1,Senast registrerad ägare,500483.0,Avincis Aviation Sweden AB,Stockevägen 68 832 56 Frösön Sweden,2018-02-01
SE-JSJ,,,,LEONARDO-AW169,69069,2018,"4800,0",2027-05-14,2018-05-15,1,Registrerad ägare,500483.0,Avincis Aviation Sweden AB,Stockevägen 68 832 56 Frösön Sweden,2018-05-15
SE-JSK,,,,LEONARDO-AW169,69070,2019,"4800,0",2027-07-21,2019-07-22,1,Registrerad ägare,500483.0,Avincis Aviation Sweden AB,Stockevägen 68 832 56 Frösön Sweden,2019-07-22
SE-JSL,,,,MBB-BK117 D-3,21013,2020,"3800,0",2025-12-22,2020-12-23,1,Registrerad ägare,500483.0,Avincis Aviation Sweden AB,Stockevägen 68 832 56 Frösön Sweden,2020-12-28
SE-JSM,2026-06-01,Exported,Spain,MBB-BK117-D2,20025,2015,"3700,0",2027-04-15,2021-08-04,1,Senast registrerad ägare,500483.0,Avincis Aviation Sweden AB,Stockevägen 68 832 56 Frösön Sweden,2021-08-04
SE-JSN,,,,LEONARDO-AW139,31999,2022,"7000,0",2027-02-23,2023-02-24,1,Registrerad ägare,500483.0,Avincis Aviation Sweden AB,Stockevägen 68 832 56 Frösön Sweden,2023-02-24
SE-JSO,,,,AGUSTA-AW139,31077,2007,"6800,0",2027-03-19,2023-12-01,1,Registrerad ägare,500483.0,Avincis Aviation Sweden AB,Stockevägen 68 832 56 Frösön Sweden,2023-12-01
SE-JSP,2025-12-15,Exported,Spain,MBB-BK117-D2,20185,2017,"3700,0",2026-11-11,2017-12-21,1,Senast registrerad ägare,500483.0,Avincis Aviation Sweden AB,Stockevägen 68 832 56 Frösön Sweden,2017-12-21
SE-JSR,2026-06-01,Exported,Spain,MBB-BK117-D2,20191,2018,"3700,0",2026-02-20,2018-02-21,1,Senast registrerad ägare,500483.0,Avincis Aviation Sweden AB,Stockevägen 68 832 56 Frösön Sweden,2018-02-21
SE-JSS,,,,MBB-BK117-D2,20226,2018,"3700,0",2027-05-27,2018-12-20,1,Registrerad ägare,500483.0,Avincis Aviation Sweden AB,Stockevägen 68 832 56 Frösön Sweden,2018-12-20
SE-JST,2019-06-25,Exported,United States of America,AIRBUS HELICOPTERS-AS350B3,8507,2018,"2250,0",2020-05-01,2018-04-23,1,Senast registrerad ägare,505068.0,Scandair Helicopter AB,Sweden,2018-04-23
SE-JSU,2020-08-10,Exported,Kenya,AIRBUS HELICOPTERS-AS350B3,8518,2018,"2250,0",2020-05-01,2018-04-23,1,Senast registrerad ägare,505068.0,Scandair Helicopter AB,Sweden,2018-04-23
SE-JSV,2020-08-05,Exported,Russian Federation,AIRBUS HELICOPTERS-AS350B3,8525,2018,"2250,0",2021-05-01,2018-04-23,1,Senast registrerad ägare,505068.0,Scandair Helicopter AB,Sweden,2018-04-23
SE-JSX,2022-07-15,Exported,Spain,EUROCOPTER-EC135T2+,0835,2009,"2910,0",2022-09-30,2020-02-07,1,Senast registrerad ägare,500055.0,Svenskt Industriflyg AB,"Hangar 7, Bromma Flygplats 168 67  Bromma Sweden",2020-02-07
SE-JSY,,,,ROBINSON-R66,0689,2015,"1225,0",2027-02-10,2023-09-21,1,Registrerad ägare,609901.0,FJELLHELI AB,Mittådalen 239 846 74 FUNÄSDALEN Sweden,2024-02-26
SE-JSZ,,,,ROBINSON-R44II,11513,2006,"1134,0",2027-03-07,2017-07-13,1,Registrerad ägare,504929.0,Scandinavian Osterberg Helicopter Center AB,Hässlögatan 6 721 31 VÄSTERÅS Sweden,2019-01-22
SE-JTA,2022-08-25,Exported,India,AGUSTA-A109S,22114,2009,"3175,0",2023-02-03,2016-12-14,1,Senast registrerad ägare,500055.0,Svenskt Industriflyg AB,"Hangar 7, Bromma Flygplats 168 67  Bromma Sweden",2018-12-21
SE-JTB,,,,BELL-206L3,51014,1982,"1882,0",2027-05-11,2019-01-18,1,Registrerad ägare,500242.0,Arlanda Helicopter AB,Sjövillan Hus 208 111 49 Stockholm Sweden,2025-12-23
SE-JTC,2019-01-08,Owners request,,AGUSTA-A109E,11626,2004,"2850,0",,2018-10-24,1,Senast registrerad ägare,504878.0,Aviation Network ANM AB,Box 450 501 13 BORÅS Sweden,2018-10-24
SE-JTD,2024-06-27,Exported,Kenya,AIRBUS HELICOPTERS-AS350B3,9543,2023,"2250,0",,2024-05-20,1,Senast registrerad ägare,504903.0,Savback Helicopters AB,Borggårdsvägen 12 612 75 HÄLLESTAD Sweden,2024-05-20
SE-JTE,,,,AIRBUS HELICOPTERS-AS350B3,8684,2019,"2250,0",2027-04-02,2019-04-03,1,Registrerad ägare,500469.0,Storm Heliworks AB,Lägervägen 2 832 56 Frösön Sweden,2019-04-03
SE-JTF,,,,AIRBUS HELICOPTERS-AS350B3,8677,2019,"2250,0",2027-05-21,2019-04-26,1,Registrerad ägare,622786.0,Elitellina S.R.L.,Via Eliporto 377 IT-23018 Talamona Italy,2023-05-15
SE-JTG,,,,AIRBUS HELICOPTERS-AS350B3,8681,2019,"2250,0",2027-05-01,2019-04-26,1,Registrerad ägare,622786.0,Elitellina S.R.L.,Via Eliporto 377 IT-23018 Talamona Italy,2023-05-15
SE-JTH,2022-01-04,Exported,Georgia,AIRBUS HELICOPTERS-AS350B3,8683,2019,"2250,0",2022-05-01,2019-04-26,1,Senast registrerad ägare,505068.0,Scandair Helicopter AB,Sweden,2019-04-26
SE-JTI,2026-04-07,Exported,New Zealand,AIRBUS HELICOPTERS-AS350B3,9572,2024,"2250,0",2026-05-15,2024-05-13,1,Senast registrerad ägare,505068.0,Scandair Helicopter AB,Sweden,2024-05-13
SE-JTJ,2021-05-12,Exported,Finland,ROBINSON-R44II,11129,2006,"1134,0",2021-05-16,2020-11-05,1,Senast registrerad ägare,504929.0,Scandinavian Osterberg Helicopter Center AB,Hässlögatan 6 721 31 VÄSTERÅS Sweden,2020-11-05
SE-JTK,,,,ROBINSON-R44,1900,2008,"1089,0",2027-06-28,2018-09-14,1,Registrerad ägare,504929.0,Scandinavian Osterberg Helicopter Center AB,Hässlögatan 6 721 31 VÄSTERÅS Sweden,2023-07-27
SE-JTL,,,,ROBINSON-R44,1646,2006,"1089,0",2026-10-10,2017-09-19,1,Registrerad ägare,609901.0,FJELLHELI AB,Mittådalen 239 846 74 FUNÄSDALEN Sweden,2024-02-26
SE-JTM,2020-11-26,Exported,Finland,ROBINSON-R44II,13160,2011,"1134,0",2021-07-06,2017-10-11,1,Senast registrerad ägare,595184.0,MJ Bilfinans AB,Sweden,2020-11-18
SE-JTN,,,,EUROCOPTER-AS350B2,9072,2005,"2250,0",2026-10-16,2019-01-30,1,Registrerad ägare,504960.0,Stockholms Helikoptertjänst AB,Lyftkransvägen 9 142 50 SKOGÅS Sweden,2019-01-30
SE-JTO,2024-11-15,Exported,France,EUROCOPTER-EC135T2+,0745,2008,"2910,0",2025-06-29,2021-06-29,1,Senast registrerad ägare,500012.0,HeliAir Sweden AB,Lycksta Gård 1 725 94 VÄSTERÅS Sweden,2021-06-29
SE-JTP,2023-04-06,Exported,Spain,EUROCOPTER-AS350B3,7003,2010,"2250,0",2023-05-25,2021-05-21,1,Senast registrerad ägare,685394.0,Pegasus Aviación S.A.,"Ctra. Fuente Palmera, km, 4,5 ES-14700 Palma del Rio, Cordoba Spain",2022-08-02
SE-JTR,,,,AIRBUS HELICOPTERS-AS350B3,9587,2024,"2250,0",2027-05-15,2024-05-13,1,Registrerad ägare,505068.0,Scandair Helicopter AB,Sweden,2024-05-13
SE-JTS,,,,EUROCOPTER-EC120B,1119,2000,"1715,0",2027-03-11,2024-01-25,1,Registrerad ägare,732651.0,Helipistas S.L,Heliport Teresa Vila s/n ES-08231 Ullastrell (Barcelona) Spain,2025-06-04
SE-JTT,,,,ROBINSON-R44,2597,2019,"1089,0",2027-04-13,2020-12-18,1,Registrerad ägare,655933.0,Ommapo förvaltning AB,Vilohemsgatan 1 833 31 Strömsund Sweden,2021-05-11
SE-JTU,,,,ROBINSON-R44,1418,2005,"1089,0",2026-10-27,2021-06-15,1,Registrerad ägare,504929.0,Scandinavian Osterberg Helicopter Center AB,Hässlögatan 6 721 31 VÄSTERÅS Sweden,2021-06-15
SE-JTV,,,,ROBINSON-R44,2136,2011,"1089,0",2027-06-23,2021-08-13,1,Registrerad ägare,500762.0,Svensk Pilotutbildning AB,Säve Flygplatsväg 16 423 73 Säve Sweden,2024-03-15
SE-JTX,,,,AIRBUS HELICOPTERS-AS350B3,8958,2021,"2250,0",2027-05-08,2021-05-07,1,Registrerad ägare,500076.0,Kallax Flyg AB,Vargbackenvägen 1 942 94 Sikfors Sweden,2021-05-07
SE-JTY,,,,EUROCOPTER-EC120B,1406,2005,"1715,0",2026-11-14,2021-06-22,1,Registrerad ägare,504960.0,Stockholms Helikoptertjänst AB,Lyftkransvägen 9 142 50 SKOGÅS Sweden,2021-06-22
SE-JTZ,,,,AGUSTA BELL-AB206B,8678,1985,"1450,0",2026-07-25,2024-03-05,1,Registrerad ägare,736126.0,Kopter Aviation Oy,Lenkkitie 6 FI-35300 Orivesi Finland,2025-09-29
SE-JUA,2018-08-01,Exported,Ukraine,ROBINSON-R44,0728,2000,"1089,0",2018-01-21,2003-12-19,1,Senast registrerad ägare,532384.0,HOZ AB,Långforsen 101 733 97 SALA Sweden,2014-04-22
SE-JUB,,,,EUROCOPTER-EC120B,1242,2001,"1715,0",2027-07-07,2019-03-08,1,Registrerad ägare,732651.0,Helipistas S.L,Heliport Teresa Vila s/n ES-08231 Ullastrell (Barcelona) Spain,2025-06-04
SE-JUC,2013-11-07,Owners request,,SIKORSKY-S76A,760219,1981,"4765,0",2012-03-31,2002-03-13,1,Senast registrerad ägare,500145.0,SMA Helicopter Rescue AB,,2013-11-07
SE-JUD,,,,ROBINSON-R22 BETA,3887,2005,"621,0",2026-06-20,2014-10-16,1,Registrerad ägare,500762.0,Svensk Pilotutbildning AB,Säve Flygplatsväg 16 423 73 Säve Sweden,2017-01-18
SE-JUE,2022-07-08,Exported,Canada,EUROCOPTER-EC135P2,0235,2002,"2835,0",2022-02-08,2021-03-30,1,Senast registrerad ägare,536140.0,Helinetworks International AB,,2021-03-30
SE-JUF,,,,KONNER-K1-S19,0016,2024,"600,0",2026-06-04,2024-04-29,1,Registrerad ägare,744402.0,E Ammervik AB,Sweden,2026-04-14
SE-JUG,2021-03-08,Exported,South Africa,AGUSTA BELL-AB412,25504,1987,"5262,0",2020-12-19,2011-08-18,1,,,,,
SE-JUH,,,,AIRBUS HELICOPTERS-EC130T2,9576,2024,"2500,0",2027-06-19,2024-12-02,1,Registrerad ägare,500242.0,Arlanda Helicopter AB,Sjövillan Hus 208 111 49 Stockholm Sweden,2025-05-09
SE-JUI,2022-05-18,Exported,New Zealand,AIRBUS HELICOPTERS-AS350B3,8986,2021,"2250,0",2022-06-23,2021-06-23,1,Senast registrerad ägare,505068.0,Scandair Helicopter AB,Sweden,2021-06-23
SE-JUJ,2019-02-13,Destroyed,,SIKORSKY-S76C,760424,1994,"5307,0",,2002-08-05,1,Senast registrerad ägare,500145.0,SMA Helicopter Rescue AB,,2002-08-05
SE-JUK,,,,BELL-505,65060,2018,"1669,0",2026-09-24,2018-05-21,1,Registrerad ägare,500232.0,Roslagens Helikopterflyg AB,Sikvägen 761 41 Norrtälje Sweden,2018-05-21
SE-JUL,2006-01-27,Exported,Australia,MBB-BK117-B2,7186,1990,"3350,0",,1995-03-23,1,Senast registrerad ägare,504580.0,S.O.S. Helikoptern Gotland AB,Frösö park  byggnad 89 832 96 Frösön Sweden,1995-03-23
SE-JUM,2018-03-27,Exported,Germany,ROBINSON-R44,1417,2004,"1089,0",2018-06-08,2004-09-14,1,,,,,
SE-JUN,2016-06-23,Exported,Norway,ROBINSON-R44II,12553,2008,"1134,0",2017-04-23,2008-12-22,1,,,,,
SE-JUO,,,,EUROCOPTER-AS350B3,3543,2002,"2250,0",2027-06-14,2023-02-22,1,Registrerad ägare,599200.0,Alpine Helicopter Sweden AB,Strömsegatan 19 961 67 BODEN Sweden,2023-02-22
SE-JUP,2001-07-13,Exported,France,EUROCOPTER-EC135T1,0005,1996,"2720,0",,1999-03-08,1,Senast registrerad ägare,503303.0,Heli Union France,Aeropole  BP1 FR-F-05130 Tallard France,2001-02-12
SE-JUR,2005-05-04,Exported,Switzerland,EUROCOPTER-AS350B3,3426,2001,"2250,0",,2001-09-07,1,Senast registrerad ägare,500076.0,Kallax Flyg AB,Vargbackenvägen 1 942 94 Sikfors Sweden,2004-02-02
SE-JUS,2020-04-09,Scrapped,,SIKORSKY-S76A,760172,1983,"4765,0",2014-11-30,1999-11-29,1,Senast registrerad ägare,618002.0,Scandinavian Helicopter Holding AB,Box 24124 400 22 Göteborg Sweden,2019-09-04
SE-JUT,2021-04-16,Exported,Germany,EUROCOPTER-EC120B,1395,2004,"1715,0",2021-06-30,2014-09-11,1,Senast registrerad ägare,500472.0,Fjällflygarna i Arjeplog AB,Adolfström 158 938 93 LAISVALL Sweden,2014-09-11
SE-JUU,2018-06-27,Exported,China,ROBINSON-R22 BETA,2176,1992,"621,0",2019-03-17,2008-11-14,1,Senast registrerad ägare,531366.0,Nordic Heli AB,Nytorpsvägen 70 135 68 TYRESÖ Sweden,2014-01-17
SE-JUV,2002-12-19,Total write-off,,ROBINSON-R22 BETA,2347,1993,"621,0",,2001-07-16,1,Senast registrerad ägare,500144.0,Helicopter Assistance-Heli Romance AB,Bromma Flygplats 168 67 Bromma Sweden,2001-08-10
SE-JUX,2018-09-12,Exported,United States of America,SIKORSKY-S76C,760518,2001,"5307,0",2019-03-18,2010-03-05,1,Senast registrerad ägare,512232.0,Västra Götalandsregionen,Regionens Hus 462 80 Vänersborg Sweden,2018-07-17
SE-JUY,2019-05-22,Exported,United States of America,SIKORSKY-S76C,760407,1994,"5307,0",2014-12-29,2002-11-21,1,Senast registrerad ägare,502778.0,Sjöfartsverket,601 78 Norrköping Sweden,2015-06-30
SE-JUZ,2010-01-22,Exported,Germany,SIKORSKY-S76A,760282,1985,"4898,0",2010-02-18,1998-12-28,1,Senast registrerad ägare,500145.0,SMA Helicopter Rescue AB,,1999-06-30
SE-JVA,2016-01-05,Exported,Malaysia,EUROCOPTER-EC120B,1669,2012,"1715,0",2016-05-22,2012-05-22,1,Senast registrerad ägare,512923.0,Roator AB,Sweden,2012-05-22
SE-JVB,,,,AGUSTA BELL-AB206B,8208,1970,"1450,0",2027-05-12,2012-01-12,1,Registrerad ägare,503118.0,"Statens Försvarshistoriska Museer, Flygvapenmuseum",Carl Cederströms gata 2 586 63 LINKÖPING Sweden,2012-01-12
SE-JVC,2014-06-27,Exported,Norway,EUROCOPTER-AS350B3,7668,2013,"2250,0",2014-06-27,2013-06-19,1,Senast registrerad ägare,512923.0,Roator AB,Sweden,2013-06-19
SE-JVD,2017-10-12,Exported,Poland,EUROCOPTER-EC120B,1679,2013,"1715,0",2018-07-12,2013-06-25,1,Senast registrerad ägare,504096.0,G & G Handels AB,Bageribacken 4 131 71 NACKA Sweden,2013-06-25
SE-JVE,,,,BELL-407,53943,2009,"2381,0",2027-04-26,2015-03-13,1,,,,,
SE-JVF,2024-09-06,Total write-off,,ROBINSON-R44,0315,1997,"1089,0",2020-11-28,2016-08-11,1,Senast registrerad ägare,500012.0,HeliAir Sweden AB,Lycksta Gård 1 725 94 VÄSTERÅS Sweden,2022-06-14
SE-JVG,2021-05-31,Exported,Russian Federation,AIRBUS HELICOPTERS-EC130T2,8398,2017,"2500,0",2021-08-25,2017-07-13,1,Senast registrerad ägare,512923.0,Roator AB,Sweden,2017-07-13
SE-JVH,2025-12-03,Exported,Germany,BELL-505,65380,2022,"1669,0",2026-03-28,2022-03-30,1,Senast registrerad ägare,500232.0,Roslagens Helikopterflyg AB,Sikvägen 761 41 Norrtälje Sweden,2023-01-24
SE-JVI,,,,HUGHES-369D,300678D,1980,"1360,0",2013-03-30,2012-07-03,1,Registrerad ägare,536082.0,First European Aviation Company Sp. z o.o.,Ul. Księżycowa 1 PL-01-934 Warszawa Poland,2017-01-27
SE-JVJ,2022-05-05,Destroyed,,HUGHES-369D,1127D,1982,"1360,0",2020-05-26,2017-02-27,1,Senast registrerad ägare,523726.0,Visimind AB,Industrivägen 7 171 48 Solna Sweden,2022-05-04
SE-JVK,,,,AEROSPATIALE-AS350BA,1922,1986,"2100,0",2027-05-10,2013-08-01,1,Registrerad ägare,721195.0,BRUZ AIR S.R.L,Via Torino 12 IT-CAP 10044 Pianezza TO Italy,2024-06-27
SE-JVL,,,,ROBINSON-R44II,11613,2007,"1134,0",2026-11-19,2017-04-10,1,Registrerad ägare,500469.0,Storm Heliworks AB,Lägervägen 2 832 56 Frösön Sweden,2022-01-05
SE-JVM,,,,MCDONNELL DOUGLAS-369E,0562E,2001,"1360,0",2025-02-19,2012-12-21,1,Registrerad ägare,536082.0,First European Aviation Company Sp. z o.o.,Ul. Księżycowa 1 PL-01-934 Warszawa Poland,2017-01-30
SE-JVN,,,,BELL-206L4,52132,1995,"2018,0",2027-07-16,2021-07-12,1,Registrerad ägare,500472.0,Fjällflygarna i Arjeplog AB,Adolfström 158 938 93 LAISVALL Sweden,2021-07-12
SE-JVO,2014-06-17,Exported,France,AIRBUS HELICOPTERS-AS350B3,7859,2014,"2250,0",2015-05-20,2014-05-20,1,Senast registrerad ägare,505042.0,Daidalos Aero AB,Brunneby Sjövik 112 590 28 BORENSBERG Sweden,2014-05-20
SE-JVP,2025-08-22,Exported,Norway,AIRBUS HELICOPTERS-AS350B3,8199,2016,"2250,0",2026-03-07,2016-05-12,1,Senast registrerad ägare,500012.0,HeliAir Sweden AB,Lycksta Gård 1 725 94 VÄSTERÅS Sweden,2025-07-09
SE-JVR,2015-07-31,Exported,Russian Federation,AIRBUS HELICOPTERS-AS350B3,7938,2014,"2250,0",2015-10-15,2014-10-08,1,Senast registrerad ägare,534127.0,Roator 3 AB,Box 120 147 22 TUMBA Sweden,2014-10-08
SE-JVS,2017-03-08,Exported,China,AIRBUS HELICOPTERS-AS350B3,8223,2016,"2250,0",2017-05-17,2016-04-29,1,Senast registrerad ägare,505068.0,Scandair Helicopter AB,Sweden,2016-04-29
SE-JVT,2018-04-12,Exported,Italy,AIRBUS HELICOPTERS-AS350B3,8368,2017,"2250,0",2019-04-26,2017-04-24,1,Senast registrerad ägare,505068.0,Scandair Helicopter AB,Sweden,2017-04-24
SE-JVU,2019-09-06,Exported,Nepal,AIRBUS HELICOPTERS-AS350B3,8370,2017,"2250,0",2020-04-26,2017-04-24,1,Senast registrerad ägare,505068.0,Scandair Helicopter AB,Sweden,2017-04-24
SE-JVV,2019-07-09,Exported,Switzerland,ROBINSON-R44II,13370,2012,"1134,0",2020-03-05,2012-12-18,1,Senast registrerad ägare,596235.0,SOS Holding AB,Hjälmarvägen 33 C 702 83 ÖREBRO Sweden,2017-11-27
SE-JVX,,,,EUROCOPTER-EC120B,1326,2002,"1715,0",2027-05-22,2014-07-24,1,Registrerad ägare,500076.0,Kallax Flyg AB,Vargbackenvägen 1 942 94 Sikfors Sweden,2014-07-24
SE-JVY,,,,ROBINSON-R44,2637,2021,"1089,0",2027-03-11,2021-02-02,1,Registrerad ägare,504929.0,Scandinavian Osterberg Helicopter Center AB,Hässlögatan 6 721 31 VÄSTERÅS Sweden,2021-02-02
SE-JVZ,,,,ROBINSON-R44II,10191,2003,"1134,0",2026-12-12,2020-12-16,1,Registrerad ägare,504929.0,Scandinavian Osterberg Helicopter Center AB,Hässlögatan 6 721 31 VÄSTERÅS Sweden,2020-12-16
SE-JXA,,,,MBB-BK117 D-3,20050,2015,"3800,0",2026-12-05,2015-12-03,1,Registrerad ägare,533264.0,Svensk Luftambulans,Sweden,2015-12-03
SE-JXB,,,,MBB-BK117 D-3,20060,2015,"3800,0",2026-11-14,2015-12-18,1,Registrerad ägare,533264.0,Svensk Luftambulans,Sweden,2015-12-18
SE-JXC,,,,MBB-BK117 D-3,20072,2016,"3800,0",2027-02-19,2016-04-01,1,Registrerad ägare,533264.0,Svensk Luftambulans,Sweden,2016-04-01
SE-JXD,,,,MBB-BK117 D-3,21037,2021,"3800,0",2027-07-20,2021-07-09,1,Registrerad ägare,533264.0,Svensk Luftambulans,Sweden,2021-07-09
SE-JXE,,,,MBB-BK117 D-3,21045,2021,"3800,0",2027-08-08,2021-08-05,1,Registrerad ägare,533264.0,Svensk Luftambulans,Sweden,2021-08-05
SE-JXF,,,,MBB-BK117 D-3,21095,2022,"3800,0",2026-03-07,2022-02-25,1,Registrerad ägare,533264.0,Svensk Luftambulans,Sweden,2022-02-25
SE-JXP,,,,EUROCOPTER-EC120B,1366,2003,"1715,0",2027-05-21,2017-03-20,1,Registrerad ägare,732651.0,Helipistas S.L,Heliport Teresa Vila s/n ES-08231 Ullastrell (Barcelona) Spain,2025-06-04
SE-JXR,,,,BELL-206L1,45368,1980,"1837,0",2027-02-10,2021-05-21,1,,,,,
SE-JXS,,,,MBB-BK117 D-3,21309,2024,"3800,0",2026-09-01,2024-08-28,1,Registrerad ägare,500483.0,Avincis Aviation Sweden AB,Stockevägen 68 832 56 Frösön Sweden,2024-08-28
SE-JXT,,,,MBB-BK117 D-3,21382,2025,"3800,0",2027-06-11,2025-06-05,1,Registrerad ägare,500483.0,Avincis Aviation Sweden AB,Stockevägen 68 832 56 Frösön Sweden,2025-06-05
SE-JXU,,,,MBB-BK117 D-3,21391,2025,"3800,0",2026-06-08,2025-06-05,1,Registrerad ägare,500483.0,Avincis Aviation Sweden AB,Stockevägen 68 832 56 Frösön Sweden,2025-06-05
SE-JXV,,,,CABRI-G2,1330,2023,"700,0",2027-05-11,2023-04-24,1,Registrerad ägare,683013.0,AB Hindås Villastad,Näs 1 563 94 Visingsö Sweden,2023-11-10
SE-JXX,,,,AIRBUS HELICOPTERS-EC130T2,8596,2018,"2500,0",2026-01-27,2021-06-24,1,Registrerad ägare,500076.0,Kallax Flyg AB,Vargbackenvägen 1 942 94 Sikfors Sweden,2021-06-24
SE-JXY,2025-09-10,Scrapped,,EUROCOPTER-EC135P2,0247,2002,"2835,0",,2024-06-28,1,Senast registrerad ägare,504916.0,Ex-Change Parts i Borlänge AB,"Sveavägen 166, plan 3 113 46 Stockholm Sweden",2024-06-28
SE-JXZ,2025-09-10,Scrapped,,AGUSTAWESTLAND-AW139,41324,2013,"6800,0",,2021-05-25,1,Senast registrerad ägare,504916.0,Ex-Change Parts i Borlänge AB,"Sveavägen 166, plan 3 113 46 Stockholm Sweden",2021-05-25
SE-JYA,2023-05-04,Exported,Iraq,AIRBUS HELICOPTERS-AS350B3,9202,2022,"2250,0",2024-04-21,2022-04-22,1,Senast registrerad ägare,505068.0,Scandair Helicopter AB,Sweden,2022-04-22
SE-JYB,2016-08-15,Exported,China,AIRBUS HELICOPTERS-AS350B3,8194,2016,"2250,0",2017-08-07,2016-02-17,1,Senast registrerad ägare,504488.0,Scandinavian Helicopter Group AB,Box 24124 400 22 GÖTEBORG Sweden,2016-02-17
SE-JYC,2019-07-16,Exported,Norway,AIRBUS HELICOPTERS-AS350B3,8214,2016,"2250,0",2020-06-27,2016-05-18,1,Senast registrerad ägare,503540.0,Fonnafly AS,Hangarveien 7 NO-3241  Sandefjord Norway,2018-09-13
SE-JYD,2016-12-06,Exported,China,AIRBUS HELICOPTERS-AS350B3,8234,2016,"2250,0",2017-08-01,2016-06-08,1,Senast registrerad ägare,504488.0,Scandinavian Helicopter Group AB,Box 24124 400 22 GÖTEBORG Sweden,2016-06-08
SE-JYE,2018-02-27,Exported,Guatemala,AIRBUS HELICOPTERS-AS350B3,8418,2017,"2250,0",2018-09-07,2017-08-30,1,Senast registrerad ägare,504488.0,Scandinavian Helicopter Group AB,Box 24124 400 22 GÖTEBORG Sweden,2017-08-30
SE-JYF,2019-05-10,Exported,Nepal,AIRBUS HELICOPTERS-AS350B3,8445,2017,"2250,0",2019-11-22,2017-11-15,1,Senast registrerad ägare,504488.0,Scandinavian Helicopter Group AB,Box 24124 400 22 GÖTEBORG Sweden,2017-11-15
SE-JYG,2019-07-15,Exported,Switzerland,EUROCOPTER-EC120B,1162,2000,"1715,0",2019-09-22,2017-07-17,1,Senast registrerad ägare,587873.0,ATWU Services Sweden AB,Skäggeredsvägen 41 437 93  Lindome Sweden,2017-07-17
SE-JYH,2018-06-20,Exported,Poland,EUROCOPTER-EC130B4,3781,2004,"2427,0",2019-05-01,2018-04-09,1,Senast registrerad ägare,504903.0,Savback Helicopters AB,Borggårdsvägen 12 612 75 HÄLLESTAD Sweden,2018-04-09
SE-JYI,2022-12-09,Exported,Malta,AIRBUS HELICOPTERS-AS350B3,9228,2022,"2250,0",2023-05-30,2022-05-30,1,Senast registrerad ägare,504903.0,Savback Helicopters AB,Borggårdsvägen 12 612 75 HÄLLESTAD Sweden,2022-08-04
SE-JYJ,2020-02-27,Exported,Italy,AIRBUS HELICOPTERS-AS350B3,8529,2018,"2250,0",2020-06-18,2018-06-12,1,Senast registrerad ägare,622666.0,STAR WORK SKY S.A.S.,Regionale Oltrebormida SN IT-15019 Strevi (AL) Italy,2020-01-24
SE-JYK,2017-07-14,Exported,Ukraine,ROBINSON-R44II,11904,2007,"1134,0",2017-08-06,2016-03-04,1,Senast registrerad ägare,500480.0,Jämtlands Flyg AB,Lugnviksvägen 5 831 52 Östersund Sweden,2016-07-01
SE-JYL,2018-07-24,Exported,United States of America,ROBINSON-R44II,12009,2007,"1134,0",2019-01-11,2016-02-01,1,,,,,
SE-JYM,2018-04-11,Exported,United States of America,ROBINSON-R66,0609,2015,"1225,0",2018-09-03,2015-08-14,1,Senast registrerad ägare,536140.0,Helinetworks International AB,,2015-09-07
SE-JYN,2026-03-26,Exported,Bosnia and Herzegovina,AIRBUS HELICOPTERS-AS350B3,9589,2024,"2250,0",2026-04-06,2024-10-10,1,Senast registrerad ägare,503542.0,Executive Helicopter Maintenance Limited,"Barratoor, Kylebrack IE-H62 HF80 Loughrea Co. Galway Ireland",2024-10-10
SE-JYO,2024-03-04,Exported,Canada,AIRBUS HELICOPTERS-AS350B3,9242,2022,"2250,0",2024-05-31,2022-05-30,1,Senast registrerad ägare,505068.0,Scandair Helicopter AB,Sweden,2022-05-30
SE-JYP,,,,AIRBUS HELICOPTERS-AS350B3,8527,2018,"2250,0",2026-12-29,2018-06-20,1,Registrerad ägare,622786.0,Elitellina S.R.L.,Via Eliporto 377 IT-23018 Talamona Italy,2022-06-03
SE-JYR,2023-07-25,Exported,Côte d'Ivoire,AIRBUS HELICOPTERS-AS350B3,8964,2021,"2250,0",2024-07-12,2021-06-17,1,Senast registrerad ägare,504081.0,Laroy Flyg AB,Box 24124 400 22 GÖTEBORG Sweden,2021-06-17
SE-JYS,2024-06-10,Exported,France,AIRBUS HELICOPTERS-AS350B3,9425,2023,"2250,0",2025-05-31,2023-07-11,1,Senast registrerad ägare,504081.0,Laroy Flyg AB,Box 24124 400 22 GÖTEBORG Sweden,2023-07-11
SE-JYT,2026-06-10,Exported,Italy,AIRBUS HELICOPTERS-AS350B3,9619,2024,"2250,0",2027-04-24,2024-07-08,1,Senast registrerad ägare,746950.0,HELIMONTBLANC SRL,"Frazione Palleusieux, Route Mont Blanc 20/B IT-11010 PRE' SAINT DIDIER (AO) Italy",2026-05-08
SE-JYU,2024-08-14,Exported,Canada,AIRBUS HELICOPTERS-AS350B3,9605,2024,"2250,0",2025-07-25,2024-07-26,1,Senast registrerad ägare,659291.0,Kjell A Östnes AB,Sweden,2024-07-26
SE-JYV,,,,AIRBUS HELICOPTERS-AS350B3,9421,2023,"2250,0",2027-06-11,2023-06-07,1,Registrerad ägare,736652.0,Air Service Center S.r.l.,Frazione Fabbrica 31/A IT-27040 Arena Po (PV) Italy,2025-08-15
SE-JYX,,,,AIRBUS HELICOPTERS-AS350B3,8541,2018,"2250,0",2027-06-11,2018-06-11,1,Registrerad ägare,500012.0,HeliAir Sweden AB,Lycksta Gård 1 725 94 VÄSTERÅS Sweden,2023-12-14
SE-JYY,2017-10-19,Exported,New Zealand,SCHWEIZER-269C,S-1301,1988,"930,0",2018-06-20,2016-11-24,1,Senast registrerad ägare,504903.0,Savback Helicopters AB,Borggårdsvägen 12 612 75 HÄLLESTAD Sweden,2016-11-24
SE-JYZ,2017-05-03,Exported,Israel,SCHWEIZER-269C,S-1401,1988,"928,0",2017-11-08,2016-10-05,1,Senast registrerad ägare,504903.0,Savback Helicopters AB,Borggårdsvägen 12 612 75 HÄLLESTAD Sweden,2016-10-05
SE-JZA,,,,AIRBUS HELICOPTERS-AS350B3,7382,2012,"2250,0",2027-02-14,2022-04-07,1,Registrerad ägare,731817.0,Eliossolla S.R.L.,Via Piave 110 IT-28845  Domodossola (VB) Italy,2025-05-20
SE-JZB,,,,AIRBUS HELICOPTERS-AS350B3,7376,2012,"2250,0",2026-12-12,2022-04-11,1,Registrerad ägare,697273.0,Airworks Helicopters SL,C/ Santa Maria la Blanca 15 ES-37008 Salamanca Spain,2023-03-23
SE-JZC,,,,AIRBUS HELICOPTERS-AS350B3,8724,2019,"2250,0",2027-07-02,2022-09-13,1,Registrerad ägare,500012.0,HeliAir Sweden AB,Lycksta Gård 1 725 94 VÄSTERÅS Sweden,2023-06-20
SE-JZD,,,,AIRBUS HELICOPTERS-AS350B3,8218,2016,"2250,0",2027-03-29,2023-11-27,1,Registrerad ägare,711954.0,Sky Aviation S.R.L.,"Piazzale Funivie Val Veny IT-11013 Entreves, Courmayeur (AO) Italy",2024-01-10
SE-JZE,,,,AIRBUS HELICOPTERS-AS350B3,8356,2017,"2250,0",2027-01-15,2024-01-25,1,Registrerad ägare,711954.0,Sky Aviation S.R.L.,"Piazzale Funivie Val Veny IT-11013 Entreves, Courmayeur (AO) Italy",2025-01-17
SE-JZF,,,,AIRBUS HELICOPTERS-AS350B3,8966,2021,"2250,0",2027-05-12,2025-03-14,1,Registrerad ägare,500012.0,HeliAir Sweden AB,Lycksta Gård 1 725 94 VÄSTERÅS Sweden,2025-03-14
SE-JZG,,,,EUROCOPTER-EC120B,1419,2005,"1715,0",2026-10-23,2024-06-05,1,Registrerad ägare,500012.0,HeliAir Sweden AB,Lycksta Gård 1 725 94 VÄSTERÅS Sweden,2024-06-05
SE-JZI,,,,AIRBUS HELICOPTERS-AS350B3,9100,2021,"2250,0",2027-04-21,2025-03-14,1,Registrerad ägare,500012.0,HeliAir Sweden AB,Lycksta Gård 1 725 94 VÄSTERÅS Sweden,2025-03-14
SE-JZJ,,,,AIRBUS HELICOPTERS-AS350B3,9102,2021,"2250,0",2026-08-03,2025-03-14,1,Registrerad ägare,500012.0,HeliAir Sweden AB,Lycksta Gård 1 725 94 VÄSTERÅS Sweden,2025-03-14
SE-JZK,,,,AIRBUS HELICOPTERS-AS350B3,9103,2021,"2250,0",2027-02-24,2025-04-08,1,Registrerad ägare,500012.0,HeliAir Sweden AB,Lycksta Gård 1 725 94 VÄSTERÅS Sweden,2025-04-08
SE-JZL,,,,AIRBUS HELICOPTERS-AS350B3,8830,2020,"2250,0",2027-05-20,2025-03-28,1,Registrerad ägare,500012.0,HeliAir Sweden AB,Lycksta Gård 1 725 94 VÄSTERÅS Sweden,2025-03-28
SE-JZM,,,,AIRBUS HELICOPTERS-AS350B3,9723,2025,"2250,0",2027-04-24,2025-03-27,1,Registrerad ägare,505068.0,Scandair Helicopter AB,Sweden,2025-03-27
SE-JZP,,,,AIRBUS HELICOPTERS-AS350B3,9748,2025,"2250,0",2027-04-24,2025-04-03,1,Registrerad ägare,505068.0,Scandair Helicopter AB,Sweden,2025-04-03
SE-JZT,,,,AIRBUS HELICOPTERS-AS350B3,9737,2025,"2250,0",2027-06-11,2025-04-15,1,Registrerad ägare,500469.0,Storm Heliworks AB,Lägervägen 2 832 56 Frösön Sweden,2025-04-15
SE-JZZ,,,,ROBINSON-R66,1181,2023,"1225,0",2027-01-31,2024-12-05,1,Registrerad ägare,623667.0,Per Risvall Uthyrning AB,Industrivägen 5 776 70 Vikmanshyttan Sweden,2024-12-05
SE-KAO,2025-04-16,Exported,Croatia,ROBIN-HR200/100,78,1975,"780,0",2025-07-22,2023-09-11,1,,,,,
SE-KAP,,,,DA-40,40.074,2002,"1150,0",2026-10-13,2025-06-10,1,Registrerad ägare,502987.0,Ronneby Flygklubb,Sweden,2025-06-10
SE-KAT,,,,DA-20C1,C0096,2000,"800,0",2027-07-19,2021-05-26,1,Registrerad ägare,500496.0,Kungsair Training AB,Sweden,2021-05-26
SE-KAV,,,,SOCATA-TB9,1470,1992,"1060,0",2026-09-28,2022-02-21,1,Registrerad ägare,502501.0,Jönköpings Flygklubb,Flygplatsvägen 18 555 93 JÖNKÖPING Sweden,2022-02-21
SE-KAX,2024-10-28,Exported,Germany,CESSNA-182T,18282123,2008,"1406,0",2025-02-17,2021-12-14,1,Senast registrerad ägare,724756.0,stoln Gmbh & Co. KG,Markt 15 DE-48683 Ahaus Germany,2024-10-09
SE-KAZ,,,,DA-20A1,10211,1996,"750,0",2027-03-16,2022-03-15,1,Registrerad ägare,502462.0,Blekinge Flygklubb,Eringsbodavägen 18 372 92 KALLINGE Sweden,2022-03-15
SE-KBA,,,,SOCATA-TB20,789,1987,"1400,0",2027-04-23,1988-01-26,1,Registrerad ägare,749059.0,"Sabiedriba ar ierobezotu atbildibu ""JDP""",Bullu iela 31A - 54 LV-1055 Riga Latvia,2026-07-06
SE-KBB,1997-07-14,Exported,Germany,SOCATA-TB21,806,1988,"1400,0",,1988-08-08,1,Senast registrerad ägare,503945.0,Smab Sahlins Maskin AB,Box 2103 51102 SKENE Sweden,1988-09-07
SE-KBC,1989-10-17,Exported,Finland,SOCATA-TB9,882,1988,"1060,0",,1989-01-25,1,Senast registrerad ägare,505176.0,Flygfirma Nilsson & Co HB,Box 654 441 18 ALINGSÅS Sweden,1989-01-25
SE-KBD,1997-08-22,Exported,France,SOCATA-TB9,883,1988,"1060,0",,1989-05-17,1,Senast registrerad ägare,505177.0,Sapair HB,Box 654 44118 ALINGSÅS Sweden,1990-05-21
SE-KBE,1989-10-20,Exported,Finland,SOCATA-TB10,631,1986,"1150,0",,1989-01-18,1,Senast registrerad ägare,505176.0,Flygfirma Nilsson & Co HB,Box 654 441 18 ALINGSÅS Sweden,1989-01-18
SE-KBF,,,,SOCATA-TB10,662,1986,"1150,0",2026-07-26,1989-01-18,1,Registrerad ägare,502488.0,Gotlands Flygklubb,Hangarvägen 6 621 41 Visby Sweden,2018-09-11
SE-KBG,1998-05-07,Exported,France,SOCATA-TB20,1088,1990,"1400,0",,1991-03-18,1,Senast registrerad ägare,504496.0,Derkert & Davidson AB,Götgatan 9  3 Tr 11646 STOCKHOLM Sweden,1997-05-27
SE-KBH,2020-12-08,Scrapped,,SOCATA-TB9,887,1989,"1060,0",2011-08-15,1989-05-02,1,Senast registrerad ägare,502488.0,Gotlands Flygklubb,Hangarvägen 6 621 41 Visby Sweden,2018-09-11
SE-KBI,1998-02-18,Exported,Spain,SOCATA-TB10,886,1989,"1150,0",,1989-05-02,1,Senast registrerad ägare,504124.0,Geolog Hans Lindquist AB,Hällekil 14 66992 DEJE Sweden,1992-07-01
SE-KBK,1995-06-22,Exported,Germany,SOCATA-TB9,1300,1991,"1060,0",,1992-04-22,1,Senast registrerad ägare,505176.0,Flygfirma Nilsson & Co HB,Box 654 441 18 ALINGSÅS Sweden,1992-04-22
SE-KBL,,,,SOCATA-TB9,1048,1990,"1060,0",2025-09-21,1990-06-15,1,Registrerad ägare,502488.0,Gotlands Flygklubb,Hangarvägen 6 621 41 Visby Sweden,2021-07-06
SE-KBM,1997-09-26,Exported,Netherlands,SOCATA-TB20,1053,1990,"1400,0",,1990-06-15,1,,,,,
SE-KBN,,,,PIPER-PA28RT-201,28R-7918113,1979,"1247,0",2027-03-15,1988-09-29,2,Registrerad delägare,628069.0,Ekeryds Trä AB,Ekeryd 2177 287 93 Strömsnäsbruk Sweden,2024-04-04
SE-KBN,,,,PIPER-PA28RT-201,28R-7918113,1979,"1247,0",2027-03-15,1988-09-29,2,Registrerad ägare,711527.0,OMJB Förvaltning AB,Södra Ekeryd 115 314 91 Hyltebruk Sweden,2024-04-04
SE-KBO,2003-12-16,Destroyed,,PIPER PA-18-150,18-7338,1960,"795,0",2002-08-10,1988-02-18,1,Senast registrerad ägare,503239.0,Gällivare Flygsällskap,Talgoxegränd 9 982 41 Gällivare Sweden,1998-07-17
SE-KBP,1995-07-12,Exported,Ireland,FAIRCHILD-FH227,505,1966,"19730,0",,1988-02-19,1,Senast registrerad ägare,504707.0,Tomas Wahlin Sweden Airways,Box 45 23032 MALMÖ-STURUP Sweden,1992-11-20
SE-KBR,1991-09-20,Exported,Ireland,FAIRCHILD-FH227,519,1966,"20640,0",,1988-03-15,1,Senast registrerad ägare,504200.0,Malmö Aviation Traffic AB,Box 37 201 20 MALMÖ Sweden,1988-03-15
SE-KBS,,,,PIPER PA-25-235,25-7856033,1978,"1000,0",2025-04-30,1988-04-14,1,Registrerad ägare,502502.0,Jönköpings Segelflygklubb,Bogla 49 560 29 TENHULT Sweden,1988-04-14
SE-KBT,,,,CHRISTEN-HUSKY A-1,1036,1988,"815,0",2027-06-12,1988-07-27,1,Registrerad ägare,502630.0,Östra Sörmlands Flygklubb,Box 78 646 21 GNESTA Sweden,2019-06-10
SE-KBU,,,,CHRISTEN-HUSKY A-1,1038,1988,"815,0",,1988-07-04,1,Registrerad ägare,504810.0,KS Teknik AB,Frejgatan 13 114 79 STOCKHOLM Sweden,1997-04-23
SE-KBV,1993-04-05,Exported,United States of America,CESSNA-340A,340-0505,1978,"2715,0",,1988-08-30,1,Senast registrerad ägare,500711.0,Skyways Enterprise AB,Flygledarevägen 3 423 37 TORSLANDA Sweden,1992-04-29
SE-KBX,,,,MITSUBISHI-MU2B-25,247,1972,"4500,0",,1988-02-25,1,Registrerad ägare,502984.0,Ar Leasing I Falköping AB,Box 626 52121 FALKÖPING Sweden,1989-05-10
SE-KBY,1990-04-05,Exported,Germany,PIPER-PA42-720,42-5501010,1984,"5080,0",,1988-04-19,1,Senast registrerad ägare,500453.0,AB Nord-Flyg,Sweden,1988-04-19
SE-KBZ,2020-01-28,Exported,Finland,CESSNA-R172K,R1722637,1977,"1157,0",2020-06-28,1988-02-17,1,Senast registrerad ägare,621840.0,Nordic Sea Wings Oy,Kotimetsä 6 FI-02300 Espoo Finland,2019-12-20
SE-KCA,2005-01-20,Exported,Germany,CESSNA-340A,340A0541,1978,"2717,0",,1987-11-09,1,Senast registrerad ägare,504055.0,OSM Aviation Academy AB,Hässlögatan 2 E 721 31 VÄSTERÅS Sweden,1996-03-22
SE-KCB,2006-07-12,Exported,Turkey,CESSNA-172P,17274854,1981,"1090,0",,1989-09-06,1,Senast registrerad ägare,504055.0,OSM Aviation Academy AB,Hässlögatan 2 E 721 31 VÄSTERÅS Sweden,1996-03-22
SE-KCC,2010-10-06,Exported,United States of America,CESSNA-172P,17276631,1986,"1089,0",2010-08-31,1989-09-06,1,,,,,
SE-KCD,2002-10-24,Exported,United Kingdom,PIPER-PA32R-300,32R-7780533,1977,"1633,0",,1998-09-18,1,Senast registrerad ägare,502596.0,Söderslätts Flygklubb,Sweden,2000-08-23
SE-KCE,,,,ANTONOV-AN2,1G18959,1980,"5500,0",2023-07-11,2002-07-01,1,,,,,
SE-KCF,2006-05-31,Exported,United States of America,SAAB-2000,2000-028,1995,"22999,0",,2004-08-24,1,Senast registrerad ägare,500100.0,Braathens Regional Airways AB,Tornvägen 17A 190 60 Stockholm-Arlanda Sweden,2004-10-14
SE-KCG,2000-06-02,Exported,Kenya,SAAB-340B,340B-163,1989,"12930,0",,2000-05-29,1,Senast registrerad ägare,504897.0,Swedish Aircraft Holdings AB,Hus 209-4 581 88 LINKÖPING Sweden,2000-05-29
SE-KCH,2019-06-19,Exported,Estonia,SAAB-340B,340B-171,1989,"13155,0",2018-10-01,2012-09-26,1,Senast registrerad ägare,500452.0,NextJet AB,Box 240 190 47 Stockholm-Arlanda Sweden,2012-10-17
SE-KCI,2001-09-26,Exported,United Kingdom,SHORT-SD3-60,SH3648,1984,"12000,0",,1998-06-30,1,Senast registrerad ägare,504832.0,Swedeways AB,Skogsta 41 824 92 HUDIKSVALL Sweden,1998-06-30
SE-KCK,,,,DE HAVILLAND DHC-2 MK I,119,1951,"2315,0",2027-05-31,1997-12-17,1,,,,,
SE-KCL,2017-04-11,Exported,Poland,CESSNA-U206G,U206-04270,1978,"1633,0",2017-08-06,1998-07-10,1,,,,,
SE-KCM,2007-08-10,Exported,United Kingdom,CESSNA-150L,150-75261,1973,"725,0",,1998-12-28,1,Senast registrerad ägare,504583.0,Air-Unlimited Sweden AB,Sweden,2007-04-11
SE-KCN,2013-06-10,Exported,Germany,PIPER-PA46-350P,4636028,1996,"1950,0",2013-03-01,1998-12-04,1,Senast registrerad ägare,504966.0,MIMS Invest AB,Fridhemsvägen 15 217 74 MALMÖ Sweden,2009-06-01
SE-KCO,,,,MAULE-M4-210C,1035C,1967,"1045,0",2027-06-22,2000-07-20,1,,,,,
SE-KCP,2016-06-09,Exported,France,FAIRCH. SWEARINGEN SA226-TC,TC-330,1980,"5670,0",2015-10-06,1999-05-11,1,Senast registrerad ägare,504002.0,InformationsLogik AB,Kävlingevägen 29 222 40 LUND Sweden,2013-09-27
SE-KCR,2006-03-22,Exported,Poland,SAAB-SF340A,340A-065,1986,"12700,0",,1998-11-24,1,Senast registrerad ägare,505006.0,Sverigeflyg Leasing AB,Gårdsfogdevägen 7 168 66 BROMMA Sweden,2005-11-22
SE-KCS,2014-12-18,Exported,Hungary,SAAB-SF340A,340A-066,1986,"12700,0",2014-01-31,1999-01-05,1,Senast registrerad ägare,500452.0,NextJet AB,Box 240 190 47 Stockholm-Arlanda Sweden,2010-08-23
SE-KCT,2011-12-29,Exported,Poland,SAAB-SF340A,340A-070,1986,"12700,0",2012-03-31,1999-03-25,1,Senast registrerad ägare,500452.0,NextJet AB,Box 240 190 47 Stockholm-Arlanda Sweden,2010-08-30
SE-KCU,2005-09-22,Exported,Poland,SAAB-SF340A,340A-135,1988,"12700,0",,1999-03-25,1,Senast registrerad ägare,500217.0,Skyways Express AB,Jönköpings Flygplats 555 93 Jönköping Sweden,2003-02-18
SE-KCV,2004-03-30,Exported,Australia,SAAB-340B,340B-310,1992,"13155,0",,2002-11-14,1,Senast registrerad ägare,503880.0,Swedline Express AB,Flygplatsen 577 91 HULTSFRED Sweden,2002-11-14
SE-KCY,,,,PIPER-PA31-350,31-7752061,1977,"3342,0",2027-04-15,2011-10-25,1,Registrerad ägare,529000.0,Prokitor AB,Jönköpings Flygplats (Hangaren) 555 93 JÖNKÖPING Sweden,2013-07-22
SE-KCZ,2007-02-02,Exported,Japan,SAAB-340B,340B-363,1994,"13155,0",,2006-01-18,1,Senast registrerad ägare,504897.0,Swedish Aircraft Holdings AB,Hus 209-4 581 88 LINKÖPING Sweden,2006-01-18
SE-KDB,2001-04-18,Exported,United States of America,PIPER-PA31-350,31-8052098,1980,"3285,0",,1996-05-06,1,Senast registrerad ägare,504858.0,MaxAir International AB,Amiralsgatan 20 211 55 MALMÖ Sweden,1996-07-02
SE-KDC,2021-05-12,Exported,Lithuania,YAK-52,801002,1980,"1305,0",2013-08-31,2001-11-20,1,,,,,
SE-KDD,,,,YAK-52,801003,1980,"1290,0",2026-10-31,1996-06-13,1,,,,,
SE-KDE,,,,CESSNA-177RG,177RG1166,1977,"1270,0",2026-09-10,1996-12-10,1,Registrerad ägare,504894.0,Sky Movies AB,Gällersta-Ökna 304 705 94 ÖREBRO Sweden,2002-11-13
SE-KDF,,,,CESSNA-F182P,F182-0014,1976,"1338,0",2025-10-06,1997-04-02,1,,,,,
SE-KDG,1989-10-17,Exported,Germany,PIPER-PA31T,31T-8020088,1980,"4080,0",,1988-08-19,1,Senast registrerad ägare,505150.0,Irene Och Christer Cavallin HB,Hallongränd 11 774 62 AVESTA Sweden,1989-01-12
SE-KDH,,,,EAA-PA25 Pawnee,25-7856030-1188,1978,"1000,0",2027-05-31,1988-05-18,1,Registrerad ägare,502495.0,Herrljunga Flygklubb,Sweden,1988-05-18
SE-KDI,1995-05-30,Total write-off,,CESSNA-152,15283093,1979,"760,0",,1988-04-14,1,Senast registrerad ägare,504321.0,Faxflyg AB,Box 129 88101 SOLLEFTEÅ Sweden,1990-11-12
SE-KDK,2022-03-09,Exported,Norway,BEECH-B200,BB-909,1981,"5670,0",2022-08-26,1987-12-14,1,Senast registrerad ägare,500111.0,Bromma Air Maintenance AB,"Hangar 4, Bromma Airport 168 67 Bromma Sweden",2013-11-22
SE-KDL,2001-11-05,Exported,Denmark,PIPER-PA38-112,38-78A0748,1978,"760,0",,1988-03-28,1,Senast registrerad ägare,501248.0,T. Nyqvist Aero AB,Sanduddevägen 13 617 34 Skärblacka Sweden,1997-10-16
SE-KDM,,,,GROB-G115,8034,1988,"850,0",2027-05-30,1988-12-21,1,,,,,
SE-KDO,2017-01-12,Exported,South Africa,PIPER-PA38-112,38-78A0273,1978,"760,0",2010-12-31,1990-02-09,1,Senast registrerad ägare,503771.0,Ensio Invest AB,Box 4146 181 04 LIDINGÖ Sweden,2002-05-07
SE-KDP,2012-10-30,Total write-off,,CESSNA-172N,17269731,1978,"1043,0",2011-06-12,1988-03-18,1,Senast registrerad ägare,502453.0,Alingsås Flygklubb,Flygfältsvägen 22 441 92 ALINGSÅS Sweden,2012-03-02
SE-KDR,1998-06-22,Exported,Iceland,CESSNA-TU206G,U20603650,1977,"1633,0",,1988-09-13,1,Senast registrerad ägare,503780.0,AirCo Flying Service/Tradonor AB,Bidalite lyckeborg 306 385 95 TORSÅS Sweden,1998-06-04
SE-KDS,,,,CESSNA-180H,18052175,1970,"1270,0",2027-05-18,1989-05-24,1,Registrerad ägare,503239.0,Gällivare Flygsällskap,Talgoxegränd 9 982 41 Gällivare Sweden,2015-09-23
SE-KDT,2023-11-08,Scrapped,,PIPER-PA38-112,38-79A0985,1979,"760,0",,1988-10-04,1,Senast registrerad ägare,503771.0,Ensio Invest AB,Box 4146 181 04 LIDINGÖ Sweden,2002-05-07
SE-KDU,2017-01-12,Exported,South Africa,PIPER-PA38-112,38-79A0965,1979,"760,0",2011-12-22,1992-04-07,1,Senast registrerad ägare,503771.0,Ensio Invest AB,Box 4146 181 04 LIDINGÖ Sweden,2002-05-13
SE-KDV,2007-01-18,Non-airworthy,,CESSNA-T210N,21063855,1980,"1815,0",,1988-06-16,1,Senast registrerad ägare,505267.0,Uddeholmsflyg Edlund  Bertheussen  Kjellstrand HB,Box 47 684 01 MUNKFORS Sweden,1988-06-16
SE-KDX,2009-10-07,Exported,Russian Federation,PIPER-PA38-112,38-79A0945,1979,"760,0",2009-07-10,1988-11-11,2,,,,,
SE-KDZ,,,,PIPER-PA28-161,28-8416056,1984,"1055,0",2026-07-28,1988-07-06,1,Registrerad ägare,502511.0,Kristianstads Flygklubb,Degebergavägen 116-3 297 92 EVERÖD Sweden,1988-07-06
SE-KEA,2004-06-16,Exported,United Kingdom,CESSNA-180,32470,1956,"1155,0",,1988-06-29,1,,,,,
SE-KEB,1994-07-18,Exported,,CESSNA-152,15280199,1978,"760,0",,1988-04-27,1,Senast registrerad ägare,504583.0,Air-Unlimited Sweden AB,Sweden,1994-07-18
SE-KEC,2009-09-23,Exported,Mauritania,PIPER-PA31-350,31-7952098,1979,"3175,0",2009-12-31,1988-05-03,1,Senast registrerad ägare,500211.0,Babcock SAA FW AB,,1999-05-20
SE-KED,1999-11-24,Exported,United States of America,PIPER-PA28RT-201T,28R-8231047,1982,"1315,0",,1988-05-25,1,Senast registrerad ägare,503735.0,Krantjänst i Varberg AB,Cylindervägen 8 432 32 VARBERG Sweden,1992-01-14
SE-KEE,2018-11-14,Exported,United States of America,BEECH-B36TC,EA-484,1988,"1831,0",2018-11-21,1989-02-06,1,Senast registrerad ägare,503903.0,R Erikssons Maskiner AB,Brödragatan 8 41274 GÖTEBORG Sweden,1989-02-06
SE-KEF,2002-03-08,Owners request,,CESSNA-R172K,R1723002,1979,"1157,0",,1988-06-09,1,Senast registrerad ägare,500501.0,Polismyndigheten,Box 12256 102 26 Stockholm Sweden,1992-10-08
SE-KEG,,,,PIPER PA-18-150,18-1415,1952,"795,0",2013-08-31,1988-09-12,1,Registrerad ägare,500440.0,Linköpings Flygklubb,Pilotgatan 10 582 78  Linköping Sweden,1988-09-12
SE-KEH,1994-06-06,Exported,Germany,PIPER-PA28-181,2890080,1988,"1157,0",,1988-09-27,3,,,,,
SE-KEI,,,,PIPER-PA28-161,2816072,1988,"1107,0",2027-05-13,1988-11-11,1,Registrerad ägare,504164.0,Hjelmco Oil AB,Runskogsvägen 4 B 192 48 SOLLENTUNA Sweden,1990-02-12
SE-KEK,2011-11-15,Destroyed,,PIPER-PA28-161,2841309,1989,"1055,0",,1991-05-31,1,Senast registrerad ägare,502521.0,Ljungbyheds Flygklubb,Bonnarp 689 B 264 53 LJUNGBYHED Sweden,1996-11-27
SE-KEL,1994-07-22,Exported,New Zealand,EMBRAER EMB-110 P1,110-383,1982,"5670,0",,1988-11-01,1,Senast registrerad ägare,503772.0,Saab Nyge Aero AB,Box 321 611 27 NYKÖPING Sweden,1993-04-05
SE-KEM,1996-07-29,Exported,Norway,EMBRAER EMB-110 P1,110-340,1981,"5670,0",,1989-05-18,1,Senast registrerad ägare,503772.0,Saab Nyge Aero AB,Box 321 611 27 NYKÖPING Sweden,1991-06-26
SE-KEN,,,,PIPER-PA28-161,2841310,1989,"1055,0",2026-06-06,1991-05-16,1,Registrerad ägare,502451.0,Aeroklubben i Göteborg,Backamo 487 459 91 Ljungskile Sweden,2010-06-09
SE-KEO,,,,PIPER-PA28-161,2841311,1989,"1055,0",2026-08-24,2000-04-20,1,Registrerad ägare,628302.0,ErikOlle AB,Sweden,2020-07-31
SE-KEP,1998-06-26,Exported,Norway,PIPER-PA34-220T (V),3449010,1997,"1999,0",,1997-04-29,1,Senast registrerad ägare,503772.0,Saab Nyge Aero AB,Box 321 611 27 NYKÖPING Sweden,1997-04-29
SE-KER,1993-02-19,Exported,Germany,PIPER-PA28-181,2890088,1988,"1157,0",,1989-01-12,1,Senast registrerad ägare,504419.0,Ingvar Bondesson Bil AB,Skördevägen 15 43254 VARBERG Sweden,1989-08-17
SE-KES,1994-03-22,Exported,United Kingdom,EMBRAER EMB-110 P1,364,1982,"5670,0",,1993-01-07,1,Senast registrerad ägare,503772.0,Saab Nyge Aero AB,Box 321 611 27 NYKÖPING Sweden,1993-01-07
SE-KET,,,,CESSNA-R172K,R1722838,1978,"1157,0",2021-09-21,1988-07-12,1,,,,,
SE-KEU,2012-01-17,Exported,Finland,CESSNA-R172K,R1722800,1978,"1157,0",,1989-05-17,1,Senast registrerad ägare,502656.0,Täby Sjöflygklubb,Pontongränd 9 183 62 TÄBY Sweden,2005-06-28
SE-KEV,2007-01-18,Non-airworthy,,CESSNA-172N,17270165,1978,"1045,0",,1989-04-11,1,Senast registrerad ägare,502524.0,Luleå-Boden Flygklubb,Flygstationsvägen 4 972 54 LULEÅ Sweden,1989-06-19
SE-KEX,1991-11-22,Exported,United Kingdom,SHORT-SD3-60,SH-3657,1984,"12000,0",,1988-07-07,1,Senast registrerad ägare,500217.0,Skyways Express AB,Jönköpings Flygplats 555 93 Jönköping Sweden,1988-07-07
SE-KEY,1991-08-02,Exported,United Kingdom,SHORT-SD3-60,SH-3660,1984,"12000,0",,1988-09-01,1,Senast registrerad ägare,500217.0,Skyways Express AB,Jönköpings Flygplats 555 93 Jönköping Sweden,1988-09-01
SE-KEZ,,,,PIPER PA-25-235,25-2701,1964,"1000,0",2025-06-03,1988-07-14,1,Registrerad ägare,505130.0,Segelflygarna Uppsala Flygklubb,Sundbro 425 74382 BÄLINGE Sweden,2017-09-13
SE-KFA,1997-04-04,Exported,Czech Republic,SAAB-SF340A,340A-132,1988,"12700,0",,1996-11-05,1,Senast registrerad ägare,503813.0,Saab Aircraft AB,581 88 LINKÖPING Sweden,1996-11-05
SE-KFB,,,,CESSNA-172P,17274993,1981,"1089,0",2027-05-31,1989-07-03,1,Registrerad ägare,536382.0,Jerry Nerstrand AB,Backamo Sandkullen 462 459 91 LJUNGSKILE Sweden,2015-10-20
SE-KFC,1994-01-13,Exported,United States of America,CESSNA-U206G,U20605070,1979,"1723,6",,1988-07-12,1,Senast registrerad ägare,504412.0,Tärna Flyg AB,Box 2070 912 98 KLIMPFJÄLL Sweden,1988-07-12
SE-KFD,,,,SAAB-91D,91442-1323,1963,"1205,0",2026-10-31,1989-05-10,1,,,,,
SE-KFE,2007-12-12,Exported,Norway,PIPER-PA34-220T,34-8133015,1981,"1999,0",,1988-06-22,1,Senast registrerad ägare,503370.0,Hovet & CO AS,Postboks 104 NO-N-2027 Kjeller Norway,2003-02-25
SE-KFF,2020-11-30,Exported,United Kingdom,CESSNA-U206F,U20601942,1973,"1590,0",,1988-07-13,1,Senast registrerad ägare,503419.0,WeFa Luftwerbung & Flugc. Luftv. & Vertr.ge.schaft mbH,Zum Lankenauer Höft DE-28197 Bremen Germany,2004-07-13
SE-KFG,1992-08-28,Exported,Malta,PIPER-PA31,31-779,1971,"2948,0",,1988-12-05,1,Senast registrerad ägare,503772.0,Saab Nyge Aero AB,Box 321 611 27 NYKÖPING Sweden,1992-01-29
SE-KFH,,,,MAULE-M6-235,7496C,1988,"1134,0",2026-10-07,1988-09-09,1,,,,,
SE-KFI,1994-03-28,Exported,United States of America,CESSNA-U206G,U20604991,1979,"1633,0",,1988-06-20,1,Senast registrerad ägare,504445.0,Curt Sillström Åkeri AB,Odensalagatan 3 B 83136 ÖSTERSUND Sweden,1989-10-23
SE-KFL,2024-07-18,Exported,Germany,PIPER-PA28-151,28-7715160,1977,"1055,0",2024-09-28,2015-05-21,1,Senast registrerad ägare,502493.0,Halmstad Flygklubb,Gamla Kustvägen 2 302 42 Halmstad Sweden,2018-08-07
SE-KFM,,,,PIPER-PA28-181,28-8190196,1981,"1157,0",2026-08-15,1988-08-11,2,,,,,
SE-KFN,2007-02-01,Exported,Hungary,MOONEY-M20J,24-1082,1981,"1243,0",,1988-09-02,1,Senast registrerad ägare,503448.0,amadeus AIR Luftfahrt- und Verlag GmbH,Erlbruckweg 1 AU-A-5700 ZELL AM SEE Australia,2005-07-06
SE-KFO,1993-09-24,Exported,United States of America,CESSNA-A185F,18504415,1983,"1520,0",,1988-12-06,1,Senast registrerad ägare,504254.0,Jämtlands Flyg & Fiske AB,Lugnviksvägen 105 83152 ÖSTERSUND Sweden,1988-12-06
SE-KFP,2023-03-27,Exported,Malta,BEECH-B200C,BL-132,1988,"5670,0",2023-09-30,1989-02-08,1,Senast registrerad ägare,674991.0,Small Fly Co. Ltd,49/55 Embassy Way MT-XBX 1076 Ta' Xbiex Malta,2022-03-03
SE-KFR,,,,PIPER-PA34-200T,34-7870170,1978,"1999,0",2009-11-30,1988-10-07,1,,,,,
SE-KFT,2010-05-05,Exported,Germany,BOEING-E75,75-5844,1941,"1450,0",2010-09-30,1988-09-14,1,,,,,
SE-KFU,2007-01-18,Non-airworthy,,CESSNA-180F,180-51258,1963,"1280,0",,1990-06-21,1,Senast registrerad ägare,503017.0,Flygklubben Silvervingen,Relägatan 21 930 90 ARJEPLOG Sweden,1990-06-21
SE-KFX,2006-10-25,Exported,Spain,CESSNA-172M,17263417,1974,"1045,0",,1989-10-10,1,Senast registrerad ägare,502895.0,Trollhättans Flygklubb,Sweden,2003-05-12
SE-KFY,,,,CESSNA-172N,17273654,1980,"1043,0",2027-05-01,1988-06-20,1,Registrerad ägare,502514.0,Köpings Flygklubb,Flygfältet Strö 2 731 94 KÖPING Sweden,1996-06-25
SE-KFZ,,,,PIPER-PA28-181,28-8090183,1980,"1157,0",2027-06-25,1989-02-01,1,Registrerad ägare,502530.0,Malungs Flygklubb,Sweden,2025-05-08
SE-KGA,1995-12-15,Exported,Denmark,FAIRCHILD-FH227-B,529,1966,"20640,0",,1988-10-15,1,Senast registrerad ägare,504707.0,Tomas Wahlin Sweden Airways,Box 45 23032 MALMÖ-STURUP Sweden,1992-11-20
SE-KGB,1996-05-06,Exported,Denmark,FAIRCHILD-FH227-B,564,1967,"20640,0",,1988-11-10,1,Senast registrerad ägare,504707.0,Tomas Wahlin Sweden Airways,Box 45 23032 MALMÖ-STURUP Sweden,1992-11-20
SE-KGC,1990-04-23,Exported,Spain,FOKKER-F27-MK600,10317,1967,"20410,0",,1988-09-08,1,Senast registrerad ägare,504200.0,Malmö Aviation Traffic AB,Box 37 201 20 MALMÖ Sweden,1988-09-13
SE-KGD,,,,CHRISTEN-HUSKY A-1,1075,1989,"815,0",2027-06-16,1989-05-03,1,,,,,
SE-KGE,,,,CHRISTEN-HUSKY A-1,1076,1989,"815,0",2026-06-05,1989-05-02,1,Registrerad ägare,500076.0,Kallax Flyg AB,Vargbackenvägen 1 942 94 Sikfors Sweden,2000-02-28
SE-KGF,1993-05-26,Exported,United States of America,CESSNA-P210N,P21000331,1979,"1814,0",,1988-10-17,1,Senast registrerad ägare,505172.0,Medicinkonsulterna HB,Sweden,1988-10-17
SE-KGG,,,,MORANE SAULNIER-MS893A,10699,1967,"1050,0",2026-09-26,1988-10-27,2,,,,,
SE-KGH,,,,PIPER-PA31-350,31-7305007,1973,"3288,0",2011-12-31,1989-05-10,1,Registrerad ägare,698798.0,Swedair Management AB,Tomtebogatan 7A 553 13 Jönköping Sweden,2025-08-13
SE-KGI,1994-09-15,Exported,Germany,PIPER-PA28RT-201T,28R-8131039,1981,"1315,0",,1988-10-06,1,Senast registrerad ägare,504583.0,Air-Unlimited Sweden AB,Sweden,1994-09-15
SE-KGK,1989-10-31,Exported,United States of America,BEECH-B200,BB-1310,1988,"5670,0",,1988-12-16,1,Senast registrerad ägare,504286.0,Nyckeln Flygleasing AB,Sundspromenaden 33 211 16 MALMÖ Sweden,1988-12-16
SE-KGL,1993-07-02,Exported,Germany,CESSNA-172N,17273228,1980,"1045,0",,1988-10-17,1,Senast registrerad ägare,504419.0,Ingvar Bondesson Bil AB,Skördevägen 15 43254 VARBERG Sweden,1993-07-02
SE-KGM,2012-01-03,Owners request,,BÖLKOW BO-208 JUNIOR,531-914,1963,"600,0",2003-06-30,1988-11-01,1,,,,,
SE-KGN,2011-02-24,Exported,Netherlands,PIPER-PA28-161,28-7816521,1978,"1055,0",2011-07-15,1988-11-16,1,Senast registrerad ägare,502620.0,Ängelholms Flygklubb,Margretetorpsvägen 447 262 91 ÄNGELHOLM Sweden,1995-08-23
SE-KGO,1998-08-27,Exported,United States of America,MITSUBISHI-MU2B-60,755 SA,1980,"5250,0",,1988-11-07,1,Senast registrerad ägare,504704.0,Billingen Flyg AB,Box 72 19045 STOCKHOLM-ARLANDA Sweden,1997-06-04
SE-KGP,1994-01-24,Exported,Turkey,CESSNA-F172M,F17200957,1973,"1045,0",,1988-12-07,1,Senast registrerad ägare,504419.0,Ingvar Bondesson Bil AB,Skördevägen 15 43254 VARBERG Sweden,1994-01-20
SE-KGR,2003-04-15,Exported,United States of America,PIPER-PA28RT-201T,28R-8031020,1980,"1315,0",,1989-01-19,1,,,,,
SE-KGS,,,,PIPER-PA28-161,28-7816666,1978,"1055,0",2016-10-15,1989-02-13,1,,,,,
SE-KGT,1996-07-10,Exported,Denmark,CESSNA-P210N,P21000438,1980,"1814,0",,1989-03-28,1,,,,,
SE-KGU,,,,MAULE-M7-235,4067C,1989,"1247,0",2027-04-13,1989-09-06,2,Registrerad ägare,536308.0,PA Flyg AB,Hulje Södergård 1 34152 LAGAN Sweden,2022-04-27
SE-KGU,,,,MAULE-M7-235,4067C,1989,"1247,0",2027-04-13,1989-09-06,2,Registrerad delägare,678414.0,Jarls Air Fastigheter AB,Mulseryd Kullen 1 565 97 BOTTNARYD Sweden,2022-04-27
SE-KGV,2001-09-28,Exported,United Kingdom,SHORT-SD3-60,SH3670,1985,"12000,0",,1997-11-05,1,Senast registrerad ägare,503308.0,Aer Arann Teoranta,International House Corballis Park IE-0000 Dublin Airport Ireland,2001-01-30
SE-KGX,1992-11-19,Exported,Denmark,PIPER-PA34-200T,34-7770025,1976,"1999,0",,1989-03-13,1,Senast registrerad ägare,504568.0,Primair AB,Ringvägen 24 18135 LIDINGÖ Sweden,1989-07-24
SE-KGY,2002-07-29,Exported,United Kingdom,PIPER PA-25-235,25-7856007,1978,"1000,0",,1989-05-10,1,,,,,
SE-KGZ,,,,SAAB-91B,91-259-1275,1953,"1165,0",2027-05-31,1989-05-17,1,Registrerad ägare,503333.0,Kamratföreningen Safiren Borås,Sweden,2001-11-13
SE-KHA,1992-07-07,Owners request,,BAE-JETSTREAM-3100,606,1982,"6900,0",,1988-10-14,1,Senast registrerad ägare,504544.0,Nordic & European Airways Nea AB,Västerås Flygplats 72596 VÄSTERÅS Sweden,1990-03-14
SE-KHB,1992-02-19,Exported,Denmark,BAE-JETSTREAM-3103,603,1982,"6950,0",,1989-06-01,1,Senast registrerad ägare,504544.0,Nordic & European Airways Nea AB,Västerås Flygplats 72596 VÄSTERÅS Sweden,1991-06-19
SE-KHC,1999-02-23,Exported,Germany,BAE-JETSTREAM-3103,610,1983,"6950,0",,1996-10-17,1,Senast registrerad ägare,500711.0,Skyways Enterprise AB,Flygledarevägen 3 423 37 TORSLANDA Sweden,1996-10-17
SE-KHD,2016-05-23,Destroyed,,YAK-55,870209,1987,"970,0",,1998-02-06,3,,,,,
SE-KHE,1990-07-26,Exported,United States of America,CESSNA-414A,414A0848,1982,"3215,0",,1989-04-12,1,Senast registrerad ägare,505267.0,Uddeholmsflyg Edlund  Bertheussen  Kjellstrand HB,Box 47 684 01 MUNKFORS Sweden,1989-04-12
SE-KHF,,,,PIPER PA-25-235,25-7756019,1977,"1000,0",,2012-05-09,1,,,,,
SE-KHG,1994-06-16,Exported,Norway,KOLIBER-150,19005,1988,"850,0",,1989-09-29,1,Senast registrerad ägare,504310.0,Uddevalla T And T AB,Kungstorget 3 45130 UDDEVALLA Sweden,1993-06-15
SE-KHH,1990-05-07,Exported,France,FAIRCHILD-SA227-AC,AC 499,1982,"6575,0",,1989-01-18,1,Senast registrerad ägare,503871.0,Salair AB,Box 602 58107 LINKÖPING Sweden,1989-03-09
SE-KHI,2018-11-08,Exported,Germany,PIPER-PA28-151,28-7615165,1976,"1055,0",2018-07-14,1989-03-30,1,Senast registrerad ägare,533644.0,Tellus Aviation Academy Sweden AB,Rotevägen 8 611 92 NYKÖPING Sweden,2014-08-27
SE-KHK,,,,PIPER PA-25-235,25-8056007,1980,"1000,0",2027-06-23,1989-05-26,1,Registrerad ägare,502630.0,Östra Sörmlands Flygklubb,Box 78 646 21 GNESTA Sweden,1989-05-26
SE-KHL,2000-04-25,Exported,Germany,DORNIER-228-100,7003,1982,"5700,0",,1989-05-10,1,Senast registrerad ägare,504278.0,Airborne of Sweden AB,Box 111 842 22 SVEG Sweden,1996-09-05
SE-KHM,1994-08-18,Exported,United States of America,PIPER-PA31T2,31T-8166064,1983,"4295,0",,1989-02-21,1,Senast registrerad ägare,503711.0,Stora Kopparbergs Bergslags AB,791 80 FALUN Sweden,1989-02-21
SE-KHN,2007-01-17,Exported,Norway,CESSNA-F172E,F172-0034,1963,"1045,0",,1989-06-13,1,,,,,
SE-KHP,,,,PIPER-PA28-181,28-8390029,1982,"1157,0",2027-07-02,1989-05-10,1,Registrerad ägare,661960.0,Luftsportverein Bielefeld-Gütersloh,Am Flugplatz 1 DE-33659 Bielefeld Germany,2022-04-07
SE-KHR,1999-07-16,Exported,United Kingdom,PIPER-PA28-180,28-7305234,1973,"1110,0",,1989-03-13,1,Senast registrerad ägare,504571.0,Oskarshamns Andelsflyg AB,Oskarshamns Flygplats 57292 OSKARSHAMN Sweden,1989-07-06
SE-KHS,2025-05-16,Exported,Norway,PIPER-PA28RT-201T,28R-7931065,1979,"1315,0",2025-03-27,1989-06-28,1,,,,,
SE-KHT,2007-01-18,Non-airworthy,,BEECH-B24R,MC253,1974,"1247,0",,1989-06-28,1,Senast registrerad ägare,504483.0,Nordisk Artist & Musik Konsult I Söderköping AB,Box 7045 35007 VÄXJÖ Sweden,1998-05-27
SE-KHU,,,,PIPER-PA28-181,28-7990285,1979,"1157,0",2027-03-14,1989-05-12,1,Registrerad ägare,502592.0,Tekniska Högskolans Flygklubb,Sweden,2008-02-06
SE-KHV,1989-05-29,Exported,Norway,PIPER-PA23-250,27-7304954,1973,"2360,0",,1989-05-02,1,,,,,
SE-KHX,2013-01-24,Total write-off,,CESSNA-172N,17272604,1979,"1157,0",2012-11-16,1989-06-13,1,Senast registrerad ägare,502738.0,Arbrå Flygklubb,Sweden,1989-06-29
SE-KHY,,,,CESSNA-172N,17269989,1977,"1089,0",2026-08-29,1989-06-13,1,Registrerad ägare,502479.0,Falbygdens Flygklubb,Falköpings Flygplats 521 91 FALKÖPING Sweden,2013-02-11
SE-KHZ,1990-11-21,Exported,Guadeloupe,CESSNA-402C,402C0201,1980,"3105,0",,1989-05-22,1,Senast registrerad ägare,504260.0,Hagfors Flyg AB,Köpmangatan 6 683 30 HAGFORS Sweden,1989-05-22
SE-KIA,2000-01-25,Exported,Italy,PIPER-PA28R-201T,2803002,1989,"1315,0",,1989-08-30,1,Senast registrerad ägare,505301.0,Handelsbolaget Idun Trading,Idunvägen 3 194 52 Upplands Väsby Sweden,1999-12-22
SE-KIB,2015-07-07,Exported,United Kingdom,PIPER-PA28-161,2841089,1989,"1055,0",2016-05-31,1989-05-02,1,Senast registrerad ägare,503771.0,Ensio Invest AB,Box 4146 181 04 LIDINGÖ Sweden,1996-07-22
SE-KIC,1989-10-12,Exported,Finland,PIPER-PA28-181,2890113,1989,"1157,0",,1989-08-11,1,,,,,
SE-KID,1993-10-14,Total write-off,,PIPER-PA46-350P,4622021,1989,"1950,0",,1989-05-24,1,Senast registrerad ägare,504719.0,MidAir Sweden AB,Box 893 851 24 SUNDSVALL Sweden,1992-08-06
SE-KIE,2011-12-20,Total write-off,,PIPER-PA28-181,2890110,1989,"1157,0",,1989-05-03,1,Senast registrerad ägare,502451.0,Aeroklubben i Göteborg,Backamo 487 459 91 Ljungskile Sweden,2007-09-11
SE-KIF,2007-01-18,Non-airworthy,,PIPER-PA28-181,2890111,1989,"1157,0",,1989-06-13,1,Senast registrerad ägare,502511.0,Kristianstads Flygklubb,Degebergavägen 116-3 297 92 EVERÖD Sweden,1989-08-03
SE-KIH,1999-09-14,Exported,United Kingdom,PIPER-PA28-181,2843222,1999,"1157,0",,1999-04-26,1,Senast registrerad ägare,503772.0,Saab Nyge Aero AB,Box 321 611 27 NYKÖPING Sweden,1999-04-26
SE-KII,2016-01-11,Exported,United Kingdom,PIPER-PA28-161,28-41155,1989,"1055,0",2016-08-31,1989-08-09,1,Senast registrerad ägare,500440.0,Linköpings Flygklubb,Pilotgatan 10 582 78  Linköping Sweden,1990-04-10
SE-KIK,,,,PIPER-PA28-161,2841139,1989,"1055,0",2027-07-01,1989-07-05,1,Registrerad ägare,502501.0,Jönköpings Flygklubb,Flygplatsvägen 18 555 93 JÖNKÖPING Sweden,2015-10-01
SE-KIL,,,,PIPER-PA28-161,2841138,1989,"1055,0",,1989-07-05,1,Registrerad ägare,623874.0,Christian Guldberg AB,Tallsätravägen 14 144 63 Rönninge Sweden,2020-02-27
SE-KIM,2023-11-02,Exported,Germany,PIPER-PA28-161,2841088,1989,"1055,0",2023-07-01,1989-05-02,1,,,,,
SE-KIN,2004-03-08,Destroyed,,PIPER-PA28-181,2890115,1989,"1157,0",,1989-05-02,1,Senast registrerad ägare,502493.0,Halmstad Flygklubb,Gamla Kustvägen 2 302 42 Halmstad Sweden,1989-07-03
SE-KIO,1995-04-13,Exported,Germany,PIPER-PA28-161,2841171,1989,"1055,0",,1989-09-15,1,Senast registrerad ägare,504583.0,Air-Unlimited Sweden AB,Sweden,1994-09-20
SE-KIP,1990-04-05,Exported,Denmark,PIPER-PA46-350P,4622050,1989,"1960,0",,1989-08-17,1,Senast registrerad ägare,503772.0,Saab Nyge Aero AB,Box 321 611 27 NYKÖPING Sweden,1990-03-23
SE-KIR,2002-06-17,Exported,United Kingdom,PIPER-PA28-161,2841157,1989,"1055,0",,1989-08-30,1,Senast registrerad ägare,504557.0,B N Flyg & Maskin AB,Fiskarhagsvägen 10 145 90 NORSBORG Sweden,2000-07-26
SE-KIS,1993-06-29,Owners request,,PIPER-PA28-181,2890122,1989,"1157,0",,1989-08-30,1,Senast registrerad ägare,504419.0,Ingvar Bondesson Bil AB,Skördevägen 15 43254 VARBERG Sweden,1993-06-29
SE-KIT,,,,PIPER-PA28-181,2890106,1989,"1157,0",2027-04-30,1989-04-13,1,Registrerad ägare,500440.0,Linköpings Flygklubb,Pilotgatan 10 582 78  Linköping Sweden,1989-08-24
SE-KIU,,,,PIPER-PA28-181,2890133,1989,"1157,0",2027-05-07,1989-11-02,1,Registrerad ägare,502545.0,Nordvästra Skånes Flygklubb,Flygplatsvägen 6 263 91 HÖGANÄS Sweden,2012-07-04
SE-KIV,1992-12-11,Exported,United States of America,PIPER-PA46-350P,4622071,1989,"1950,0",,1989-12-22,1,,,,,
SE-KIX,2010-03-09,Total write-off,,PIPER-PA28-181,2890135,1989,"1157,0",,1990-06-01,1,Senast registrerad ägare,502503.0,Kalmar Flygklubb,Flottiljvägen 28 392 41  Kalmar Sweden,1998-07-30
SE-KIY,1993-03-25,Exported,Germany,PIPER-PA28-181,2890132,1989,"1157,0",,1989-12-01,1,Senast registrerad ägare,504419.0,Ingvar Bondesson Bil AB,Skördevägen 15 43254 VARBERG Sweden,1993-03-19
SE-KIZ,1995-03-09,Exported,Germany,PIPER-PA28-181,2890141,1989,"1157,0",,1990-02-05,1,Senast registrerad ägare,504653.0,Lid Air AB,Box 4146 181 04 LIDINGÖ Sweden,1994-10-19
SE-KKC,2008-08-26,Exported,Germany,PIPER PA-25-235,25-7756014,1977,"1000,0",2009-06-03,1989-08-16,1,Senast registrerad ägare,503546.0,Segelflugschule Oerlinghausen e.V,Robert-Kronfeldt-str. 11 DE-D-33813 Oerlinghausen Germany,2008-08-25
SE-KKD,2022-02-04,Total write-off,,DE HAVILLAND DHC-2 MK III,1629 TB 17,1966,"2435,0",2021-04-23,1989-05-24,1,Senast registrerad ägare,597335.0,South Sweden Flight Academy AB,Stora Nygatan 23 211 37 MALMÖ Sweden,2021-06-18
SE-KKE,2006-09-29,Exported,Switzerland,CESSNA-140,13250,1947,"660,0",2006-10-31,1989-07-03,1,,,,,
SE-KKF,1996-10-29,Exported,Norway,CESSNA-TU206G,U20606386,1981,"1633,0",,1989-05-02,1,,,,,
SE-KKG,1992-01-02,Exported,Finland,CESSNA-172N,17270074,1978,"1045,0",,1989-07-06,1,Senast registrerad ägare,504308.0,Aerolem AB,Box 7014 81107 SANDVIKEN Sweden,1989-07-06
SE-KKH,1993-10-28,Exported,Germany,CESSNA-172P,17275228,1982,"1090,0",,1989-09-15,1,Senast registrerad ägare,504419.0,Ingvar Bondesson Bil AB,Skördevägen 15 43254 VARBERG Sweden,1993-09-21
SE-KKI,2016-07-12,Exported,Poland,CESSNA-172P,17276017,1983,"1089,0",2017-05-24,1989-10-17,1,Senast registrerad ägare,505069.0,MariAir AB,Finnboda Parkväg 16 B 131 72 NACKA Sweden,2010-10-29
SE-KKK,,,,BEECH-B60,P330,1975,"3160,0",2015-11-26,1989-09-14,1,Registrerad ägare,529097.0,Grafprom Aviation Spólka Zograniczona Odpowiedzialnoscia,UL. Paderewskiego 1 PL-86-005 BIALE BLOTA Poland,2013-07-31
SE-KKL,1993-05-28,Exported,United States of America,PIPER-PA32R-301T,32R-8029040,1979,"1633,0",,1989-06-08,1,Senast registrerad ägare,500751.0,Västkustflyg AB,Säve Flygplatsväg 32 423 73 Säve Sweden,1990-01-03
SE-KKM,2005-08-11,Exported,Switzerland,BEECH-B200,BB-932,1981,"5670,0",,2004-12-17,1,Senast registrerad ägare,500111.0,Bromma Air Maintenance AB,"Hangar 4, Bromma Airport 168 67 Bromma Sweden",2005-08-02
SE-KKO,1995-05-22,Exported,United States of America,CESSNA-P210N,P2100025,1978,"1814,0",,1989-06-30,1,Senast registrerad ägare,504170.0,Ale Datapanel AB,Box 14 44621 ÄLVÄNGEN Sweden,1989-06-30
SE-KKP,1990-04-11,Owners request,,PIPER-PA31-350,31-7952029,1978,"3175,0",,1989-07-05,1,Senast registrerad ägare,504004.0,Tipp Fastighets AB,Flygledarevägen 3 423 37 TORSLANDA Sweden,1989-07-05
SE-KKR,2000-11-15,Exported,Canada,DE HAVILLAND DHC-2 MK I,1551,1964,"2315,0",,1989-06-21,1,Senast registrerad ägare,504125.0,Kiruna Flyg AB,Box 214 98124 KIRUNA Sweden,1989-06-21
SE-KKS,1990-04-11,Owners request,,PIPER-PA31-350,31-7852135,1978,"3175,0",,1989-08-04,1,Senast registrerad ägare,504004.0,Tipp Fastighets AB,Flygledarevägen 3 423 37 TORSLANDA Sweden,1989-08-04
SE-KKT,1990-11-07,Owners request,,PIPER-PA31-350,31-8052019,1979,"3175,0",,1989-08-14,1,Senast registrerad ägare,504004.0,Tipp Fastighets AB,Flygledarevägen 3 423 37 TORSLANDA Sweden,1989-08-14
SE-KKU,2006-09-01,Exported,Norway,PIPER-PA34-220T,34-8133018,1981,"1999,0",,1989-07-04,1,Senast registrerad ägare,503477.0,Nordvestfly AS,Henda NO-N-6530 AVERÖY Norway,2006-06-29
SE-KKV,2006-12-01,Exported,Germany,PIPER-PA28RT-201T,28R-8131208,1981,"1315,0",,1989-08-25,1,Senast registrerad ägare,502598.0,Umeå Flygklubb,Sweden,1997-04-01
SE-KKX,2004-01-16,Exported,Kenya,DORNIER-228-100,7004,1982,"5700,0",,1989-07-28,1,Senast registrerad ägare,500202.0,Svenska Direktflyg AB,Överstevägen 50 784 63 Borlänge Sweden,2000-09-29
SE-KKY,,,,BEECH-60,P 94,1969,"3075,0",2022-11-29,1989-07-25,1,Registrerad ägare,504706.0,Air Work Konsult i Luleå AB,Box 80023 972 21 LULEÅ Sweden,2011-02-02
SE-KKZ,1992-03-18,Exported,United Kingdom,SHORT-SD3-60,SH 3664,1985,"12000,0",,1989-06-15,1,Senast registrerad ägare,500217.0,Skyways Express AB,Jönköpings Flygplats 555 93 Jönköping Sweden,1989-06-15
SE-KLA,,,,PIPER-PA28-140,28-7125043,1971,"975,0",,1989-08-04,1,Registrerad ägare,504234.0,Martinair AB,Bromma Flygplats 168 67 BROMMA Sweden,1989-08-04
SE-KLB,,,,PIPER PA-25-235D,25-7656089,1976,"1000,0",2024-04-05,1989-07-27,1,Registrerad ägare,701227.0,ABS Broker Service AG,Allmendstrasse 16 CH-6072 Sachseln Switzerland,2023-06-02
SE-KLC,1990-08-22,Exported,United States of America,BEECH-200,BB-1333,1989,"5670,0",,1989-09-01,1,Senast registrerad ägare,503725.0,Svenska Cellulosa AB Sca,85188 SUNDSVALL Sweden,1989-09-01
SE-KLD,,,,BEECH-B24R,MC-275,1974,"1247,0",2026-10-12,2000-07-05,2,,,,,
SE-KLE,1991-06-12,Exported,United States of America,FAIRCHILD-F27-J,042,1959,"19070,0",,1989-09-29,1,Senast registrerad ägare,504433.0,Tta Us Import & Export Scandinavia AB,Box 4002 18104 LIDINGÖ Sweden,1989-09-29
SE-KLG,2021-10-13,Exported,Spain,BELLANCA-8KCAB,393-78,1978,"816,0",2022-02-24,1998-03-30,1,Senast registrerad ägare,663600.0,Club Deportivo Aeroclub de Málaga,Aeródromo Leoni Benabú-Aeropuerto de la Axarquía Barriada del Trapiche ES-29719 Vélez Málaga Spain,2021-08-09
SE-KLH,2002-03-14,Exported,United States of America,CESSNA-U206F,U206-02857,1975,"1633,0",,1990-07-19,1,Senast registrerad ägare,503780.0,AirCo Flying Service/Tradonor AB,Bidalite lyckeborg 306 385 95 TORSÅS Sweden,2002-03-08
SE-KLI,,,,PIPER-PA28-181,28-8390026,1983,"1157,0",2027-04-20,1989-10-20,1,Registrerad ägare,505120.0,Cherokee Ekonomisk förening,Sweden,2008-07-11
SE-KLK,2002-09-09,Exported,Norway,CESSNA-U206E,U20601608,1971,"1590,0",,1990-06-15,1,,,,,
SE-KLM,1994-06-07,Exported,Hungary,CESSNA-172N,17269692,1977,"1157,0",,1989-09-22,1,,,,,
SE-KLN,1998-02-05,Total write-off,,CESSNA-172N,17271424,1978,"1157,0",,1989-09-22,1,Senast registrerad ägare,502457.0,Arvidsjaurbygdens Flygklubb,Sweden,1993-08-27
SE-KLO,2001-10-08,Exported,United Kingdom,SHORT-SD3-60,3609,1983,"12000,0",,1989-09-29,1,Senast registrerad ägare,504832.0,Swedeways AB,Skogsta 41 824 92 HUDIKSVALL Sweden,1997-12-12
SE-KLR,2021-09-29,Exported,Czech Republic,CESSNA-172N,172-71522,1979,"1043,0",2021-11-04,1990-11-19,1,,,,,
SE-KLS,1991-01-10,Exported,Finland,CESSNA-152,152-82409,1979,"760,0",,1990-07-24,1,Senast registrerad ägare,504298.0,Sky Drivers AB,Box 353 18424 ÅKERSBERGA Sweden,1990-07-24
SE-KLU,2011-03-04,Total write-off,,MORANE SAULNIER-MS880B,1557,1970,"1155,0",,1990-09-20,1,,,,,
SE-KLV,,,,PIPER-PA28-181,28-8190139,1981,"1157,0",2026-10-07,1989-09-06,1,Registrerad ägare,502535.0,Motala Flygklubb,Skärstad Nedre Bostället 425 591 94 MOTALA Sweden,2025-09-25
SE-KLX,1992-04-23,Exported,United States of America,CESSNA-208B,208B0054,0,"4330,0",,1989-10-11,1,Senast registrerad ägare,503801.0,Euro Flight Sweden AB,Box 2174 438 14 LANDVETTER Sweden,1989-10-11
SE-KLZ,2001-04-09,Exported,Denmark,PIPER-PA28-161,28-41098,1989,"1055,0",,1989-08-08,1,Senast registrerad ägare,503313.0,Center Air ApS,Lufthavnsvej 44 DK-DK 4000 ROSKILDE Denmark,2001-03-19
SE-KMA,2007-09-11,Total write-off,,PIPER-PA28-181,2890142,1989,"1157,0",,1990-06-14,1,Senast registrerad ägare,500751.0,Västkustflyg AB,Säve Flygplatsväg 32 423 73 Säve Sweden,1991-02-06
SE-KMB,,,,PIPER PA-18-150,1809055,1990,"795,0",2026-07-31,1990-08-15,1,,,,,
SE-KMC,1991-09-25,Exported,Denmark,PIPER-PA46-350P,4622099,1990,"1995,0",,1990-03-22,1,Senast registrerad ägare,505218.0,Flemming Gade HB,Höststigen 10 14400 RÖNNINGE Sweden,1990-03-22
SE-KMD,,,,PIPER-PA28-181,288490020,1984,"1157,0",2027-07-10,1992-03-31,3,,,,,
SE-KME,1995-04-11,Exported,United States of America,PIPER-PA32R-301,3213063,1993,"1633,0",,1993-11-05,1,Senast registrerad ägare,504733.0,Investment AB Vitalitet,Box 3088 10361 STOCKHOLM Sweden,1994-10-17
SE-KMF,2008-07-04,Exported,United States of America,CESSNA-337D,337-1014,1968,"1962,0",,2004-09-08,1,Senast registrerad ägare,503428.0,J.P.C. Aviation,5  Rue de L´aviation FR-21121 Darois France,2004-11-09
SE-KMG,2023-03-17,Exported,United Kingdom,PIPER-PA28-161,2841276,1989,"1055,0",2023-06-01,1989-12-01,1,Senast registrerad ägare,502451.0,Aeroklubben i Göteborg,Backamo 487 459 91 Ljungskile Sweden,2003-02-26
SE-KMH,,,,PIPER-PA28-161,2841277,1989,"1055,0",2026-12-29,1989-12-18,1,Registrerad ägare,500440.0,Linköpings Flygklubb,Pilotgatan 10 582 78  Linköping Sweden,1990-03-02
SE-KMI,,,,PIPER-PA28-161,2841278,1989,"1055,0",2026-07-28,1990-01-03,1,Registrerad ägare,502609.0,Västerås Flygklubb,Flygplatsen Johannisberg 725 91 VÄSTERÅS Sweden,1990-11-07
SE-KMK,1993-02-23,Exported,Switzerland,PIPER-PA28-181,2890159,1992,"1157,0",,1992-08-21,1,Senast registrerad ägare,504419.0,Ingvar Bondesson Bil AB,Skördevägen 15 43254 VARBERG Sweden,1993-02-19
SE-KML,,,,PIPER-PA28-161,2841279,1989,"1055,0",2026-09-01,1990-02-06,1,Registrerad ägare,502609.0,Västerås Flygklubb,Flygplatsen Johannisberg 725 91 VÄSTERÅS Sweden,1990-03-26
SE-KMM,2026-05-06,Exported,Norway,PIPER-PA28R-201T,7703102,1977,"1315,0",,1993-01-26,1,,,,,
SE-KMN,2001-05-14,Exported,United Kingdom,ZLIN-Z242L,652,1992,"1090,0",,1993-08-06,1,Senast registrerad ägare,504557.0,B N Flyg & Maskin AB,Fiskarhagsvägen 10 145 90 NORSBORG Sweden,1994-09-20
SE-KMO,,,,PIPER-PA28-181,2890147,1989,"1157,0",2027-03-06,1990-06-14,1,Registrerad ägare,707675.0,Preflight AB,Flygspanarvägen 5 611 92 Nyköping Sweden,2025-04-25
SE-KMP,1997-02-26,Exported,Canada,ZLIN-Z242L,653,1992,"1090,0",,1993-03-19,1,Senast registrerad ägare,504833.0,Andersson Aircraft AB,Box 20141 161 02 BROMMA Sweden,1997-01-14
SE-KMR,,,,PIPER-PA28-181,28-8490023,1984,"1157,0",2027-02-15,1992-03-06,1,Registrerad ägare,502895.0,Trollhättans Flygklubb,Sweden,2016-08-10
SE-KMS,1994-07-19,Exported,United States of America,ZLIN-Z242L,0541,1992,"1090,0",,1992-03-12,1,Senast registrerad ägare,503772.0,Saab Nyge Aero AB,Box 321 611 27 NYKÖPING Sweden,1992-03-12
SE-KMT,1993-08-18,Exported,Czech Republic,ZLIN-Z142C,0550,1992,"1090,0",,1992-07-17,1,Senast registrerad ägare,503772.0,Saab Nyge Aero AB,Box 321 611 27 NYKÖPING Sweden,1992-07-17
SE-KMU,2007-01-18,Non-airworthy,,PIPER-PA28-181,2890160,1992,"1157,0",,1992-08-21,1,Senast registrerad ägare,502521.0,Ljungbyheds Flygklubb,Bonnarp 689 B 264 53 LJUNGBYHED Sweden,1996-11-27
SE-KMV,1990-07-12,Exported,Germany,PIPER-PA28-181,2890148,1989,"1157,0",,1990-06-14,1,Senast registrerad ägare,503772.0,Saab Nyge Aero AB,Box 321 611 27 NYKÖPING Sweden,1990-06-14
SE-KMX,1995-11-13,Exported,Botswana,PIPER-PA28R-201T,28R-7703381,1977,"1315,0",,1992-03-12,1,Senast registrerad ägare,504764.0,World Air Trading Sweden AB,Box 1216 386 63 DEGERHAMN Sweden,1994-03-31
SE-KMY,1995-08-23,Exported,Norway,ZLIN-Z50LS,070,1992,"840,0",,1992-08-26,1,Senast registrerad ägare,503772.0,Saab Nyge Aero AB,Box 321 611 27 NYKÖPING Sweden,1992-08-26
SE-KMZ,,,,PIPER-PA28R-201,2837056,1991,"1247,0",2026-06-30,1992-01-31,2,Registrerad ägare,502602.0,Varbergs Flygklubb,Getterövägen 2 432 93 VARBERG Sweden,2010-09-08
SE-KMZ,,,,PIPER-PA28R-201,2837056,1991,"1247,0",2026-06-30,1992-01-31,2,Registrerad delägare,503592.0,Frivilliga Flygkåren,Hässlögatan 20 721 31 VÄSTERÅS Sweden,2010-09-08
SE-KNA,2017-09-18,Exported,United Kingdom,P ROBIN-HR200/160,106,1977,"800,0",2018-09-17,1991-02-15,1,,,,,
SE-KNB,2022-07-11,Exported,Germany,CESSNA-172P,17274112,1981,"1089,0",2023-06-10,1989-12-21,1,Senast registrerad ägare,503148.0,Växjö Flygklubb,Sweden,2021-03-04
SE-KNC,2021-02-05,Exported,Germany,PIPER-PA28-140,28-25302,1968,"975,0",2021-07-05,1989-12-15,1,,,,,
SE-KND,1991-03-26,Owners request,,BEECH-B200,BB-1070,1982,"5670,0",,1989-11-21,1,Senast registrerad ägare,504372.0,MCA Airlines Sweden AB,Box 212 190 47 STOCKHOLM-ARLANDA Sweden,1989-11-21
SE-KNE,2001-10-05,Exported,Belgium,CHRISTEN-HUSKY A-1,1123,1990,"815,0",,1990-05-11,1,Senast registrerad ägare,502595.0,Torsby Flygklubb,Bergebyvägen 49 685 93 TORSBY Sweden,1997-05-29
SE-KNF,,,,CHRISTEN-HUSKY A-1,1125,1990,"815,0",2027-06-30,1990-05-18,1,,,,,
SE-KNG,2025-03-26,Exported,Austria,MOONEY-M20K,25-0169,1979,"1315,0",2025-05-30,1990-01-11,1,,,,,
SE-KNH,,,,PIPER-PA28-181,28-8390071,1983,"1157,0",2027-06-01,1990-06-08,2,Registrerad ägare,502767.0,Norra Smålands Flygklubb,Ränneslätt 1 575 91  Eksjö Sweden,2010-07-30
SE-KNH,,,,PIPER-PA28-181,28-8390071,1983,"1157,0",2027-06-01,1990-06-08,2,Registrerad delägare,503592.0,Frivilliga Flygkåren,Hässlögatan 20 721 31 VÄSTERÅS Sweden,2010-07-30
SE-KNI,1994-11-17,Exported,Denmark,PIPER-PA38-112,38-79A0233,1979,"760,0",,1990-05-07,1,Senast registrerad ägare,504617.0,AB Öst-Flyg,Åsvägen 23 393 65 KALMAR Sweden,1990-05-07
SE-KNK,1995-09-01,Exported,Belgium,SOCATA-TB20,1013,1990,"1400,0",,1990-04-11,1,Senast registrerad ägare,505176.0,Flygfirma Nilsson & Co HB,Box 654 441 18 ALINGSÅS Sweden,1994-06-15
SE-KNL,2011-07-13,Exported,Poland,MORANE SAULNIER-235C,13074,1990,"1200,0",2011-06-22,1991-05-13,1,,,,,
SE-KNM,1996-10-30,Exported,France,SOCATA-TB9,1089,1990,"1060,0",,1990-08-01,1,Senast registrerad ägare,505176.0,Flygfirma Nilsson & Co HB,Box 654 441 18 ALINGSÅS Sweden,1990-08-01
SE-KNN,1993-11-04,Exported,Hungary,MORANE SAULNIER-MS883,1531,1970,"825,0",,1992-04-15,1,,,,,
SE-KNO,1995-06-30,Exported,France,SOCATA-TB20,1358,1991,"1400,0",,1992-04-22,1,Senast registrerad ägare,505176.0,Flygfirma Nilsson & Co HB,Box 654 441 18 ALINGSÅS Sweden,1992-04-22
SE-KNP,1997-06-18,Exported,Poland,SOCATA-TB20,1381,1991,"1400,0",,1992-04-29,1,,,,,
SE-KNR,2006-11-10,Exported,Netherlands,SOCATA-TB200,1382,1992,"1150,0",,1994-01-14,1,Senast registrerad ägare,503483.0,Weijers Beheer B.V.,Kamperweg 63 NL-8162EM Epe Netherlands,2006-10-02
SE-KNS,2011-04-11,Exported,Germany,MORANE SAULNIER-RALLYE235E,12105,1972,"1200,0",2011-06-02,1992-05-14,1,,,,,
SE-KNT,1995-06-30,Exported,France,SOCATA-TB9,1450,1992,"1060,0",,1995-02-14,1,Senast registrerad ägare,505176.0,Flygfirma Nilsson & Co HB,Box 654 441 18 ALINGSÅS Sweden,1995-02-14
SE-KNV,2001-04-05,Exported,France,MORANE SAULNIER-RALLYE235E,13394,1996,"1200,0",,1997-09-25,1,Senast registrerad ägare,505176.0,Flygfirma Nilsson & Co HB,Box 654 441 18 ALINGSÅS Sweden,1997-09-25
SE-KNX,2000-05-23,Exported,United States of America,SOCATA-TB20,1762,1996,"1400,0",,1996-06-19,1,Senast registrerad ägare,505176.0,Flygfirma Nilsson & Co HB,Box 654 441 18 ALINGSÅS Sweden,1996-06-19
SE-KNY,2005-06-01,Exported,Germany,MORANE SAULNIER-RALLYE235E,13395,1996,"1150,0",,1998-08-18,1,Senast registrerad ägare,503289.0,Wing Club Sondrio,Italy,2000-06-08
SE-KNZ,,,,SOCATA-TB10,1049,1990,"1150,0",2026-07-31,1997-10-27,1,Registrerad ägare,502488.0,Gotlands Flygklubb,Hangarvägen 6 621 41 Visby Sweden,2018-09-11
SE-KOA,,,,PIPER-PA28-181,28-8490085,1984,"1157,0",2010-08-07,1990-01-19,1,Registrerad ägare,502546.0,Hultsfreds Flygklubb,PL Flygplatsen 577 91 HULTSFRED Sweden,1991-02-08
SE-KOC,2000-08-14,Exported,United States of America,CESSNA-A185F,18504367,1982,"1520,0",,1990-01-29,1,Senast registrerad ägare,503265.0,Mark Kirby jet Blades And Engineering LTD,211 Torrington Avenue GB-CV4 9HN COVENTRY United Kingdom,1999-08-23
SE-KOE,,,,PIPER-PA28-181,28-8490104,1984,"1157,0",2010-08-31,1990-03-15,1,Registrerad ägare,623874.0,Christian Guldberg AB,Tallsätravägen 14 144 63 Rönninge Sweden,2020-02-27
SE-KOF,1993-10-28,Exported,Germany,CESSNA-182Q,18265410,1977,"1340,0",,1990-05-08,1,,,,,
SE-KOG,1990-10-18,Exported,Finland,CESSNA-R172K,172-3007,1978,"1157,0",,1990-09-20,1,,,,,
SE-KOI,2000-12-27,Exported,United States of America,BEECH-F33A,CE-1002,1982,"1545,0",,1990-05-16,1,Senast registrerad ägare,504073.0,Borga Bygg AB,Edsvära 535 93 KVÄNUM Sweden,1996-10-18
SE-KOK,1998-05-29,Exported,United States of America,DE HAVILLAND DHC-6-200,191,1968,"5250,0",,1990-07-04,1,Senast registrerad ägare,502845.0,Västergötlands Fallskärmsklubb,Sweden,1993-04-30
SE-KOL,,,,BEECH-300,FA-189,1989,"6350,0",2026-09-27,1989-09-12,1,Registrerad ägare,536259.0,Royalair AB,"Royal Park Stockholm, Frösundaviks allé 15 169 70 Solna Sweden",2025-07-31
SE-KOM,1992-06-26,Exported,United States of America,CESSNA-441,441-0257,1981,"4470,0",,1989-11-17,1,Senast registrerad ägare,503854.0,Basair AB,Box 219 16126 BROMMA Sweden,1989-11-17
SE-KON,1994-06-28,Exported,Namibia,BEECH-200C,BL 004,1979,"5670,0",,1989-12-12,1,Senast registrerad ägare,500248.0,West Atlantic Sweden AB,Arenagatan 20 215 33 MALMÖ Sweden,1992-12-07
SE-KOO,,,,CESSNA-172M,172-61981,1973,"1045,0",2026-06-03,1990-03-07,2,,,,,
SE-KPB,1993-04-15,Exported,Canada,DE HAVILLAND OF CANDA DHC3,274,1958,"3630,0",,1990-09-10,1,Senast registrerad ägare,504125.0,Kiruna Flyg AB,Box 214 98124 KIRUNA Sweden,1991-03-11
SE-KPC,1995-06-07,Exported,United States of America,PIPER-PA31-350,31-8352011,1983,"3175,0",,1995-01-09,1,Senast registrerad ägare,500711.0,Skyways Enterprise AB,Flygledarevägen 3 423 37 TORSLANDA Sweden,1995-01-09
SE-KPM,,,,CESSNA-185B,185-0558,1963,"1445,0",,1990-08-13,1,Registrerad ägare,500014.0,Aeromeq Nordic AB,Sweden,2022-04-26
SE-KPZ,2016-04-08,Scrapped,,CESSNA-TU206G,U206-06818,1984,"1633,0",2009-06-30,1990-06-08,1,Senast registrerad ägare,501248.0,T. Nyqvist Aero AB,Sanduddevägen 13 617 34 Skärblacka Sweden,2009-09-23
SE-KRE,,,,SAAB-91B,91-257,1954,"1165,0",2003-04-30,1990-09-26,1,,,,,
SE-KTB,2007-10-08,Exported,Latvia,CESSNA-F172K,F172-0755,1970,"1045,0",,1997-12-17,1,Senast registrerad ägare,504475.0,Pro4 Wireless AB,Veterinärgränd 6 121 63 JOHANNESHOV Sweden,2007-04-30
SE-KVM,,,,CESSNA-F177RG,F177RG0115,1974,"1270,0",2025-05-23,1998-02-02,1,Registrerad ägare,688943.0,Seiferle Aviation AG,Flugplatz Speck 2 CH-8320 Fehraltorf Switzerland,2022-10-20
SE-KZE,2007-01-18,Non-airworthy,,FOKKER-F27-MK100,10248,1964,"18370,0",,1993-05-21,1,Senast registrerad ägare,504022.0,Swetrail Transport AB,Torsgränd 6 Box Box 604 33126 VÄRNAMO Sweden,1993-07-30
SE-KZK,,,,CESSNA-U206F,U20601994,1973,"1633,0",,2023-01-25,1,,,,,
SE-LBF,1997-12-19,Change of registration mark,,SLINGSBY-T67M200,2051,1987,"1020,0",,1993-12-03,1,,,,,
SE-LCM,1999-05-04,Exported,United States of America,PIPER-PA31-350,31-7552114,1975,"3340,0",,1994-04-28,1,Senast registrerad ägare,504767.0,Smålandsflyg AB,Helsingborgsvägen 11 341 33 LJUNGBY Sweden,1996-01-18
SE-LHF,2016-02-24,Exported,Netherlands,BAE-JETSTREAM-3201,855,1989,"7350,0",,2015-10-20,1,Senast registrerad ägare,504836.0,Largus Aviation AB,Box 14237 104 40 STOCKHOLM Sweden,2015-10-20
SE-LHT,,,,PIPER-PA28-161,28-7816147,1978,"1055,0",2027-03-20,2000-09-15,1,Registrerad ägare,503049.0,Värmlands Flygklubb,Våldalen 580 655 91 KARLSTAD Sweden,2015-02-25
SE-LIL,2022-03-29,Exported,Canada,FAIRCHILD-SA227-AC,AC-432B,1981,"7260,0",2008-12-31,1997-01-07,1,Senast registrerad ägare,503585.0,Arekiba Ltd,P.O Box 161 42 CY-2086 NICOSIA Cyprus,2010-03-01
SE-LIZ,2023-08-14,Total write-off,,EAA-OPUS280,41-1045,1995,"530,0",2022-06-30,1999-03-23,1,,,,,
SE-LJT,2025-09-15,Exported,Estonia,SAAB-340B,340B-221,1990,"13155,0",2023-01-31,2007-01-18,1,Senast registrerad ägare,503760.0,Erik Thun AB,Box 900 531 19 LIDKÖPING Sweden,2013-12-27
SE-LKL,,,,PIPER-PA34-200T,34-7870260,1978,"1999,0",2012-11-16,2001-11-29,1,,,,,
SE-LLC,2002-09-06,Exported,United States of America,SCOTTISH AVIATION-BULLDOG SERIES 100 MODEL 101,107,1971,"1066,0",2003-03-31,2001-03-15,1,Senast registrerad ägare,500427.0,Lunds Universitet,Drottningvägen 5 264 51 Ljungbyhed Sweden,2001-03-15
SE-LLD,2002-09-06,Exported,United States of America,SCOTTISH AVIATION-BULLDOG SERIES 100 MODEL 101,118,1971,"1066,0",2003-03-31,2001-03-15,1,Senast registrerad ägare,500427.0,Lunds Universitet,Drottningvägen 5 264 51 Ljungbyhed Sweden,2001-03-15
SE-LLY,2008-02-14,Exported,Norway,YAK-52,844105,1984,"1315,0",2008-04-30,2002-06-12,1,Senast registrerad ägare,505401.0,BB Aerobatic HB,Sweden,2002-06-12
SE-LMB,2003-05-09,Exported,Iceland,SOCATA-TB10,1826,1999,"1150,0",,2001-05-07,1,Senast registrerad ägare,505176.0,Flygfirma Nilsson & Co HB,Box 654 441 18 ALINGSÅS Sweden,2001-05-07
SE-LMH,,,,P ROBIN-DR400/140B,2786,2023,"1100,0",2027-03-27,2026-03-05,1,Registrerad ägare,740069.0,Masion d'aile AB,Sweden,2026-03-05
SE-LMV,2005-04-11,Exported,Spain,SAAB-SF340A,340A-018,1985,"12700,0",,2000-12-18,1,Senast registrerad ägare,504897.0,Swedish Aircraft Holdings AB,Hus 209-4 581 88 LINKÖPING Sweden,2000-12-18
SE-LND,2005-12-08,Exported,United States of America,SCOTTISH AVIATION-BULLDOG SERIES 100 MODEL 101,165,1972,"1066,0",2006-01-31,2001-02-15,1,Senast registrerad ägare,500427.0,Lunds Universitet,Drottningvägen 5 264 51 Ljungbyhed Sweden,2001-02-15
SE-LNH,2005-12-09,Exported,United States of America,SCOTTISH AVIATION-BULLDOG SERIES 100 MODEL 101,157,1972,"1066,0",2006-03-31,2001-03-15,1,Senast registrerad ägare,500427.0,Lunds Universitet,Drottningvägen 5 264 51 Ljungbyhed Sweden,2001-03-15
SE-LPD,2012-03-08,Exported,France,CESSNA-172R,17280957,2000,"1111,0",2012-05-01,2000-11-14,1,Senast registrerad ägare,504055.0,OSM Aviation Academy AB,Hässlögatan 2 E 721 31 VÄSTERÅS Sweden,2000-11-14
SE-LPI,2012-12-28,Exported,France,CESSNA-172R,17281197,2003,"1111,0",2013-05-23,2003-12-17,1,Senast registrerad ägare,504055.0,OSM Aviation Academy AB,Hässlögatan 2 E 721 31 VÄSTERÅS Sweden,2003-12-17
SE-LPL,2013-04-10,Exported,France,CESSNA-172R,17281202,2004,"1111,0",2014-03-20,2004-03-22,1,Senast registrerad ägare,504055.0,OSM Aviation Academy AB,Hässlögatan 2 E 721 31 VÄSTERÅS Sweden,2004-03-22
SE-LPT,2021-01-19,Scrapped,,BAE-ATP,2058,1993,"23678,0",2018-09-14,2013-10-18,1,Senast registrerad ägare,617318.0,Swedish ATP Management AB,Arenagatan 20 215 33 Malmö Sweden,2019-08-05
SE-LRH,,,,MORANE SAULNIER-MS893E,12215,1973,"1050,0",2024-04-30,2017-02-16,1,Registrerad ägare,672702.0,Voss Flyutleie AS,Lydvabaret 11 NO-5704 VOSS Norway,2022-01-20
SE-LRY,2025-10-09,Exported,Austria,PIPER-PA39,39-66,1970,"1690,0",,2025-07-28,1,,,,,
SE-LTB,2013-07-12,Exported,United States of America,BEECH-76,ME-230,1979,"1772,0",2013-08-24,2003-06-12,1,Senast registrerad ägare,504055.0,OSM Aviation Academy AB,Hässlögatan 2 E 721 31 VÄSTERÅS Sweden,2003-06-12
SE-LTN,,,,PIPER-PA28R-201,28R-7837229,1978,"1247,0",2023-04-27,2004-03-26,1,,,,,
SE-LTR,,,,FOKKER-F27-MK050,20226,1991,"20820,0",2027-06-19,2018-12-14,1,Registrerad ägare,500444.0,Amapola Flyg AB,Box 14237 104 40 Stockholm Sweden,2018-12-14
SE-LUU,2004-11-22,Exported,Poland,CESSNA-T182T,T18208205,2003,"1406,0",,2004-06-03,1,Senast registrerad ägare,503631.0,Sat-Film Spolka Z Ograniczona Odpowiedzialnoscia,Zeromiskiego 68 PL-90-502 Lodz Poland,2004-11-16
SE-LUV,,,,YAK-52,844707,1984,"1305,0",2022-10-07,2004-08-20,1,Registrerad ägare,692989.0,ASI Aviation Sales International GmbH,,2022-12-21
SE-LVA,2025-06-16,Exported,France,DA-40 D,D4.093,2004,"1150,0",2025-08-07,2004-04-27,1,Senast registrerad ägare,502643.0,Östersunds Flygklubb,Optands Flygfält 205 831 92 ÖSTERSUND Sweden,2014-02-21
SE-LVN,,,,DA-40 D,D4.187,2006,"1150,0",2027-02-16,2006-03-29,1,Registrerad ägare,504698.0,Mellingeholm Flygplats AB,Flygfiskvägen 20 761 41 NORRTÄLJE Sweden,2020-07-23
SE-LVT,2006-07-11,Exported,Norway,CESSNA-172S,172S8438,2000,"1157,0",,2003-11-10,1,Senast registrerad ägare,502466.0,Borås Flygklubb,Vindgatan 7 504 64 BORÅS Sweden,2003-11-17
SE-LXZ,,,,SUKHOI-SU26M,03-02,1990,"830,0",2026-07-07,2012-04-27,1,,,,,
SE-LYI,2016-08-24,Exported,Denmark,DA-42,42.172,2006,"1785,0",2016-08-30,2007-07-13,1,Senast registrerad ägare,537075.0,Billund Air Center A/S,Stratusvej 15 DK-7190 BILLUND Denmark,2016-03-16
SE-LYO,2023-12-14,Exported,Germany,DA-40 D,D4.299,2007,"1150,0",2023-12-03,2007-07-23,1,Senast registrerad ägare,704562.0,APUS - Aviation Engineering GmbH,Lilienthalstrasse 2 DE-15344 Strausberg Germany,2023-08-02
SE-LZA,,,,CESSNA-172R,17281241,2005,"1111,0",2027-06-07,2005-10-13,1,Registrerad ägare,502605.0,Värnamo Flygklubb,Sweden,2024-01-29
SE-LZK,2014-09-17,Exported,France,CESSNA-172R,17281391,2007,"1111,0",2015-07-15,2007-08-03,1,Senast registrerad ägare,504055.0,OSM Aviation Academy AB,Hässlögatan 2 E 721 31 VÄSTERÅS Sweden,2007-11-19
SE-MAA,,,,BOMBARDIER-DHC8-311,622,2006,"19505,0",2027-04-30,2008-06-13,1,Registrerad ägare,502981.0,Kustbevakningen,Box 536 371 23 KARLSKRONA Sweden,2008-06-13
SE-MAB,,,,BOMBARDIER-DHC8-311,631,2006,"19505,0",2027-06-30,2008-06-25,1,Registrerad ägare,502981.0,Kustbevakningen,Box 536 371 23 KARLSKRONA Sweden,2008-06-25
SE-MBI,,,,DA-20A1,10.261,1997,"750,0",2026-08-18,2008-05-21,1,Registrerad ägare,502503.0,Kalmar Flygklubb,Flottiljvägen 28 392 41  Kalmar Sweden,2008-05-21
SE-MBP,2015-05-18,Exported,Croatia,DA-20A1,10236,1996,"730,0",2015-06-09,2010-04-07,1,,,,,
SE-MBS,,,,YAK-55,890709,1989,"970,0",2021-08-04,2008-05-27,1,Registrerad ägare,505406.0,Nordic Acroflyers HB,Sweden,2008-05-27
SE-MDI,2020-10-30,Exported,Russian Federation,ATR-72-212A,930,2010,"22800,0",2020-10-21,2010-10-22,1,Senast registrerad ägare,503760.0,Erik Thun AB,Box 900 531 19 LIDKÖPING Sweden,2020-08-04
SE-MEC,,,,PIPER-PA28-181,2843347,2000,"1157,0",2026-08-15,2010-05-05,2,Registrerad ägare,502602.0,Varbergs Flygklubb,Getterövägen 2 432 93 VARBERG Sweden,2010-09-08
SE-MEC,,,,PIPER-PA28-181,2843347,2000,"1157,0",2026-08-15,2010-05-05,2,Registrerad delägare,503592.0,Frivilliga Flygkåren,Hässlögatan 20 721 31 VÄSTERÅS Sweden,2010-09-08
SE-MEN,,,,BEECH-F90,LA 227,1985,"4967,0",2026-10-29,2011-05-12,1,Registrerad ägare,536303.0,ABV Nordic AB,Box 144 333 23 SMÅLANDSSTENAR Sweden,2015-10-08
SE-MEU,2023-12-18,Exported,Switzerland,PIPER PA-18-150,18-7909080,1979,"907,0",2024-03-31,2022-01-19,2,,,,,
SE-MEX,2022-12-14,Scrapped,,BAE-ATP,2018,1989,"22930,0",2018-09-03,2013-06-18,1,Senast registrerad ägare,690997.0,Olsen Gruppen AS,Bekkjarviksundet 19 NO-5397 BEKKJARVIK Norway,2022-12-13
SE-MFJ,2021-08-10,Exported,Kenya,FOKKER-F27-MK050,20149,1989,"20820,0",2022-03-02,2014-03-03,1,Senast registrerad ägare,500444.0,Amapola Flyg AB,Box 14237 104 40 Stockholm Sweden,2014-12-10
SE-MFK,2016-06-29,Exported,Switzerland,SAAB-2000,2000-005,1994,"22999,0",2017-04-28,2013-06-12,1,Senast registrerad ägare,500100.0,Braathens Regional Airways AB,Tornvägen 17A 190 60 Stockholm-Arlanda Sweden,2013-06-12
SE-MFT,,,,AVIAT-A-1B,2206,2003,"1020,0",2027-06-09,2026-05-04,1,Registrerad ägare,511927.0,SylBer Aviation HB,Sweden,2026-05-04
SE-MGB,2020-04-03,Exported,Denmark,TECNAM-P2006T,084,2011,"1180,0",2020-03-15,2011-10-13,1,Senast registrerad ägare,618291.0,GreyBird Fleet ApS,Essenbaekvej 1 Assentoft DK-8960 Randers SÖ Denmark,2019-11-25
SE-MGL,2015-04-22,Exported,Canada,ATR-72-202,353,1993,"22000,0",2016-01-13,2012-06-29,1,Senast registrerad ägare,500248.0,West Atlantic Sweden AB,Arenagatan 20 215 33 MALMÖ Sweden,2012-06-29
SE-MGP,,,,CESSNA-172S,172S9373,2003,"1157,0",2027-04-18,2020-11-04,1,Registrerad ägare,502621.0,Ölands Flygklubb,Sweden,2020-11-04
SE-MGR,,,,CESSNA-TU206G,U206-04332,1978,"1633,0",2027-06-22,2012-07-30,1,Registrerad ägare,504999.0,Mohedsflyg AB,Köpmangatan 19B 826 30 SÖDERHAMN Sweden,2026-03-20
SE-MHN,,,,AIR TRACTOR AT-802,802-0751,2018,"7257,0",2027-03-24,2020-05-15,1,Registrerad ägare,501519.0,SAAB AB,581 88 Linköping Sweden,2020-05-15
SE-MIS,2018-08-15,Exported,United Kingdom,DA-42NG,42N158,2014,"1999,0",2019-01-14,2015-08-06,1,Senast registrerad ägare,536796.0,European Aircraft Sales ApS,Gl. Skolevej 26 DK-5462 MORUD Denmark,2018-01-16
SE-MIU,2020-12-11,Exported,Poland,CESSNA-T206H,T20608855,2008,"1633,0",2021-04-25,2018-04-16,1,Senast registrerad ägare,530489.0,Skydive Örebro AB,Sweden,2018-04-16
SE-MIX,2021-09-15,Exported,United States of America,PILATUS PC-12/47E,1731,2017,"4740,0",2021-10-03,2017-09-22,1,Senast registrerad ägare,500448.0,Grafair Flight Management AB,Flygplatsinfarten 1 168 67 Bromma Sweden,2017-09-22
SE-MIY,,,,GULFSTREAM AMERICAN-GA-7,GA7-0089,1979,"1724,0",2027-03-01,2021-09-23,3,,,,,
SE-MKB,,,,ATR-72-212A,1308,2015,"22800,0",2026-12-29,2015-12-30,1,Registrerad ägare,500100.0,Braathens Regional Airways AB,Tornvägen 17A 190 60 Stockholm-Arlanda Sweden,2015-12-30
SE-MKD,,,,ATR-72-212A,1331,2016,"22800,0",2027-06-16,2016-06-17,1,Registrerad ägare,500100.0,Braathens Regional Airways AB,Tornvägen 17A 190 60 Stockholm-Arlanda Sweden,2016-06-17
SE-MKU,2023-04-25,Exported,Germany,SOCATA-TB9,1393,1992,"1060,0",2024-03-11,2018-06-11,1,,,,,
SE-MLC,2025-10-15,Exported,India,DA-42,42.376,2008,"1785,0",2026-09-05,2016-07-29,1,Senast registrerad ägare,504515.0,Airways Flygutbildning Svenska AB,Sweden,2016-07-29
SE-MLF,,,,CESSNA-172S,172S10225,2006,"1157,0",2027-03-06,2017-07-07,1,Registrerad ägare,502515.0,Landskrona Flygklubb,Box 92 261 22 LANDSKRONA Sweden,2017-07-07
SE-MLX,,,,EXTRA-EA300/LC,LC065,2017,"950,0",2026-05-29,2017-05-29,1,Registrerad ägare,504964.0,Westh Flyg AB,Sweden,2017-05-29
SE-MMN,,,,TECNAM-P2008JC,1306,2023,"650,0",2026-01-08,2023-12-21,1,Registrerad ägare,726659.0,World Aviation Maintenance SL,"Ctra Barrio de la Fortuna S/N Madrid Cuatro Vientos Airport, Hangar 6, Sector C ES-28054 Madrid Spain",2024-11-28
SE-MNM,,,,TECNAM-P2010 TDI,315,2025,"1220,0",2027-03-18,2025-02-25,1,Registrerad ägare,504878.0,Aviation Network ANM AB,Box 450 501 13 BORÅS Sweden,2025-02-25
SE-MNU,,,,ATR-72-212A,1724,2025,"23000,0",2026-08-21,2025-08-22,1,Registrerad ägare,500100.0,Braathens Regional Airways AB,Tornvägen 17A 190 60 Stockholm-Arlanda Sweden,2025-08-22
SE-MOB,,,,AIRLONY-SKYLANE V.5,142Se22C04r5v,2022,"525,0",2026-07-30,2022-07-27,1,Registrerad ägare,502549.0,Norrköpings Automobil & Flygklubb,Slakthusvägen 10 602 28 NORRKÖPING Sweden,2022-07-27
SE-MOE,2024-01-15,Exported,Czech Republic,CESSNA-182T,18283190,2022,"1406,0",2024-01-20,2022-12-23,1,Senast registrerad ägare,504583.0,Air-Unlimited Sweden AB,Sweden,2022-12-23
SE-MOR,,,,BLACKWING-BW-650,038,2025,"600,0",2026-08-08,2025-07-07,1,,,,,
SE-MSB,,,,PIPER-PA46-500TP,4697728,2026,"1999,0",2027-03-24,2026-03-20,1,Registrerad ägare,742803.0,Swedair AB,Lycksta Gård 1 725 94 Västerås Sweden,2026-03-20
SE-NAB,,,,BOEING-737-8,64427,2025,"82190,0",2026-10-09,2025-10-09,1,Registrerad ägare,642429.0,Norwegian Air Sweden AOC AB,"Tornvägen 17A, 1tr 190 60 Stockholm-Arlanda Sweden",2025-10-09
SE-RBE,2010-12-27,Exported,Ukraine,MCDONNELL DOUGLAS-DC9-82,49152,1982,"67812,0",2010-05-31,2002-06-04,1,Senast registrerad ägare,504973.0,Norwegian Air Shuttle Sweden AB,Box 242 190 47 STOCKHOLM-ARLANDA Sweden,2004-10-01
SE-RBR,2003-10-07,Exported,United States of America,MCDONNELL DOUGLAS-DC9-83,49399,1987,"72575,0",,2002-05-03,1,Senast registrerad ägare,504823.0,Trans Jet Airways AB,Djupdalsvägen 25 192 51 SOLLENTUNA Sweden,2002-05-03
SE-RBZ,2007-06-27,Exported,Spain,CESSNA-501,501-0061,1978,"5375,0",,2003-03-13,1,Senast registrerad ägare,503503.0,Citiseis Valencia S.L.,Calle Cronista Carreres 1-4 ES-CP 46003 VALENCIA Spain,2007-04-26
SE-RCC,2003-07-03,Exported,Malta,AIRBUS-A320-212,288,1992,"77000,0",,2002-06-11,1,Senast registrerad ägare,504944.0,Transair Sweden AB,Generatorsgatan 11 190 45 STOCKHOLM-ARLANDA Sweden,2002-06-11
SE-RDE,2008-01-09,Exported,Greece,MCDONNELL DOUGLAS-DC9-83,49857,1990,"72575,0",,2003-05-09,1,Senast registrerad ägare,500174.0,Viking Airlines AB,Finspångsgatan 54 A 163 53 Spånga Sweden,2003-05-09
SE-RDG,2008-02-13,Exported,Greece,MCDONNELL DOUGLAS-DC9-83,49856,1989,"72575,0",,2004-03-22,1,Senast registrerad ägare,500174.0,Viking Airlines AB,Finspångsgatan 54 A 163 53 Spånga Sweden,2004-03-22
SE-RDH,2006-02-16,Exported,Greece,MCDONNELL DOUGLAS-DC9-83,49949,1991,"72575,0",,2005-05-12,1,Senast registrerad ägare,500174.0,Viking Airlines AB,Finspångsgatan 54 A 163 53 Spånga Sweden,2005-05-12
SE-RDO,2017-06-19,Exported,France,AIRBUS-A321-231,2216,2004,"93500,0",2018-04-30,2004-05-03,1,Senast registrerad ägare,500457.0,Nova Airlines AB,"Konkursförvaltare Renman, Hans Sweden",2004-05-03
SE-RHJ,,,,CESSNA-560XL,560-5078,2000,"9072,0",2026-10-14,2014-10-15,1,Registrerad ägare,500449.0,Jivair AB,Hangarvägen 2B 438 70 Landvetter Sweden,2025-03-05
SE-RHR,2010-11-22,Exported,Canada,BOEING-737-800,30637,2001,"79015,0",2011-05-11,2010-05-12,1,Senast registrerad ägare,500174.0,Viking Airlines AB,Finspångsgatan 54 A 163 53 Spånga Sweden,2010-05-12
SE-RHX,2011-03-15,Exported,Poland,BOEING-737-800,28592,1999,"79015,0",2011-07-07,2009-07-09,1,Senast registrerad ägare,500174.0,Viking Airlines AB,Finspångsgatan 54 A 163 53 Spånga Sweden,2009-07-09
SE-RJI,2021-08-26,Exported,Isle of Man,AVRO-146-RJ100,E3357,1999,"46000,0",2020-10-10,2014-08-26,1,Senast registrerad ägare,500451.0,Braathens Regional Aviation AB,,2014-08-26
SE-RKL,2026-07-07,Exported,United States of America,Gulfstream-GV-SP,5260,2009,"41277,0",2027-05-05,2013-03-08,1,Senast registrerad ägare,500446.0,EFS European Flight Service AB,Hangarvägen 6A 438 70 Landvetter Sweden,2021-03-19
SE-RKS,2015-08-31,Exported,United Kingdom,CESSNA-525A,525A-0202,2004,"5613,0",2015-09-29,2013-01-15,1,Senast registrerad ägare,501545.0,Bluelink Jets AB,Tumstocksvägen 9A 187 66 Täby Sweden,2013-01-15
SE-RLB,2023-05-15,Exported,Denmark,BOEING-767-200,22222,1983,"159210,0",2023-10-25,2015-10-26,1,Senast registrerad ägare,681192.0,Maersk Air Cargo A/S,Esplanaden 50 DK-1263  Copenhagen K Denmark,2022-06-05
SE-RLP,2023-09-07,Exported,Germany,CESSNA-525B,525B-0016,2005,"6291,0",2023-11-14,2013-12-12,1,Senast registrerad ägare,536259.0,Royalair AB,"Royal Park Stockholm, Frösundaviks allé 15 169 70 Solna Sweden",2017-03-13
SE-RMF,,,,SAAB-J32B Lansen,32620,1960,"12110,0",2026-12-07,2023-02-16,1,Registrerad ägare,500817.0,Swedish Air Force Historic Flight,Sweden,2023-02-16
SE-RMG,2020-07-08,Exported,United States of America,CESSNA-500,500-0324,1976,"5376,0",,2019-05-10,1,Senast registrerad ägare,500817.0,Swedish Air Force Historic Flight,Sweden,2019-05-10
SE-RMV,2024-09-04,Exported,United Arab Emirates,BOMBARDIER-BD-700-1A10,60043,2021,"45132,0",,2021-08-18,1,Senast registrerad ägare,501519.0,SAAB AB,581 88 Linköping Sweden,2022-03-22
SE-RNG,,,,BOMBARDIER-BD-700-1A10,60079,2023,"45132,0",2027-03-11,2025-06-04,1,Registrerad ägare,687804.0,1903 Aviation AB,Box 55901 102 16 Stockholm Sweden,2025-06-04
SE-ROK,,,,AIRBUS-A320-251N,9451,2020,"77000,0",2027-05-29,2020-01-14,1,Registrerad ägare,503770.0,SAS Sverige AB,Sweden,2020-01-14
SE-RRA,2021-08-06,Exported,Mexico,BOEING-737-8JP,39162,2009,"78999,0",2022-07-27,2019-10-28,1,Senast registrerad ägare,616308.0,Wilmington Trust SP Services (Dublin) Limited,"Fourth Floor, 3 George´s Dock International Financial Services Centre IE-D01X5X0 DUBLIN 1 Ireland",2021-05-05
SE-RSP,,,,EMBRAER ERJ-190-200LR,19000401,2010,"50790,0",2027-03-10,2023-02-06,1,Registrerad ägare,667330.0,SAS Link AB,Avd. STOUU 195 87 Stockholm Sweden,2023-03-10
SE-RTA,,,,BOEING-737-8,42835,2018,"82190,0",2027-05-14,2023-05-09,1,Registrerad ägare,642429.0,Norwegian Air Sweden AOC AB,"Tornvägen 17A, 1tr 190 60 Stockholm-Arlanda Sweden",2023-05-09
SE-RUO,,,,AIRBUS-A320-251N,12028,2024,"77000,0",2027-03-25,2024-03-26,1,Registrerad ägare,503770.0,SAS Sverige AB,Sweden,2024-03-26
SE-RVZ,,,,CESSNA-525,525-1057,2020,"4853,0",2026-10-11,2020-10-09,1,Registrerad ägare,500446.0,EFS European Flight Service AB,Hangarvägen 6A 438 70 Landvetter Sweden,2020-10-09
SE-RXZ,2021-02-15,Exported,Austria,BOEING-787-9,38895,2018,"250836,0",2021-01-17,2019-04-10,1,Senast registrerad ägare,609132.0,Norwegian Air Sweden AB,,2019-04-10
SE-RYB,2023-08-30,Exported,San Marino,BOEING-737-8,63970,2018,"82190,0",,2019-10-23,1,Senast registrerad ägare,531893.0,M&T Aviation Finance (Ireland) Limited,"Molesworth House, 1-2 South Fredrick Street IE-DUBLIN 2 Ireland",2019-10-23
SE-RYG,2022-03-28,Exported,Austria,BOEING-737-8,42831,2017,"82190,0",,2020-03-09,1,Senast registrerad ägare,642429.0,Norwegian Air Sweden AOC AB,"Tornvägen 17A, 1tr 190 60 Stockholm-Arlanda Sweden",2021-12-22
SE-SKB,,,,SCHLEICHER-ASH26E,26136,1998,"525,0",2027-04-02,2026-04-02,1,Registrerad ägare,502495.0,Herrljunga Flygklubb,Sweden,2026-04-02
SE-SKH,,,,SCHEMPP-HIRTH-SHK 1,48,1967,"370,0",,2015-12-28,2,,,,,
SE-SMF,,,,SCHULGLEITER SG-38,162,1944,"210,0",2025-05-27,1992-04-27,1,Registrerad ägare,502477.0,Eskilstuna Flygklubb,Ekeby Flygfält 632 23 ESKILSTUNA Sweden,1992-04-27
SE-SMK,,,,SLINGSBY T21B,WB960,1950,"477,0",2019-07-15,1994-09-09,1,Registrerad ägare,503138.0,Stiftelsen Ållebergs Segelflygmuseum,Box 750 521 22 FALKÖPING Sweden,1994-09-09
SE-SVS,,,,SCHEIBE-SPECHT,808,1954,"390,0",2014-06-28,2003-06-17,1,,,,,
SE-SXK,2016-12-29,Scrapped,,SCHEIBE-BERGFALKE II/55,269,1958,"440,0",,1958-06-19,1,Senast registrerad ägare,502516.0,Laxå Flygklubb,Sweden,1992-03-18
SE-SXL,2007-01-24,Non-airworthy,,SCHEIBE-BERGFALKE II/55,270,1958,"440,0",,1958-06-19,1,Senast registrerad ägare,502603.0,Vilhelmina Flygklubb,BLACKE 121 930 10 LÖVÅNGER Sweden,1992-04-01
SE-SYH,,,,SCHLEICHER-KA6CR,6231,1964,"300,0",2026-06-28,1964-04-10,1,,,,,
SE-SZC,2006-06-22,Exported,Lithuania,SCHLEICHER-KA6CR,963,1961,"300,0",,1961-04-28,1,Senast registrerad ägare,502539.0,Munkfors Flygklubb,Flottarevägen 5 684 30 MUNKFORS Sweden,1968-06-04
SE-SZR,2009-12-30,Owners request,,SCHLEICHER-K8B,8156,1963,"310,0",,1963-05-27,1,,,,,
SE-SZT,,,,SCHLEICHER-K8B,8157,1963,"310,0",2027-04-24,1990-06-21,1,Registrerad ägare,503138.0,Stiftelsen Ållebergs Segelflygmuseum,Box 750 521 22 FALKÖPING Sweden,2019-12-16
SE-TAC,2007-01-18,Non-airworthy,,SCHEIBE-BERGFALKE II/55,313,1960,"440,0",,1961-04-29,1,,,,,
SE-TDT,1995-10-13,Exported,United Kingdom,SCHEIBE-SF27A,6031,1966,"330,0",,1983-06-22,1,Senast registrerad ägare,502514.0,Köpings Flygklubb,Flygfältet Strö 2 731 94 KÖPING Sweden,1995-03-14
SE-TEX,2012-06-19,Scrapped,,SCHEIBE-BERGFALKE III,5602,1967,"465,0",,1967-06-29,1,Senast registrerad ägare,502612.0,Västra Gästrike Flygklubb,Norvägen 37 812 90 STORVIK Sweden,1992-03-18
SE-TMD,,,,EAA-SLINGSBY T61/AC,1733,1971,"540,0",2006-12-31,1971-08-02,3,,,,,
SE-TMI,1985-09-26,Total write-off,,SZD-30 PIRAT,S-01.43,1974,"370,0",,1974-04-05,2,Senast registrerad ägare,502497.0,Härnösands Flygklubb,Sweden,1984-03-09
SE-TMI,1985-09-26,Total write-off,,SZD-30 PIRAT,S-01.43,1974,"370,0",,1974-04-05,2,Senast registrerad delägare,502842.0,Ådalens Flygklubb,Stjärnvägen 20 87233 KRAMFORS Sweden,1984-03-09
SE-TPC,2011-06-27,Scrapped,,SZD-30 PIRAT,S-07-10,1976,"370,0",,1976-07-21,1,,,,,
SE-TSI,2003-12-29,Exported,Germany,SCHEIBE-BERGFALKE IV,5866,1978,"505,0",,1978-07-11,1,Senast registrerad ägare,502467.0,Borås Segelflygklubb,Vindgatan 9 504 94 BORÅS Sweden,1992-02-28
SE-TSY,2000-11-09,Exported,Finland,GROB-ASTIR CS77,1712,1978,"450,0",,1978-04-27,1,Senast registrerad ägare,502495.0,Herrljunga Flygklubb,Sweden,1994-02-11
SE-TUH,,,,SCHEIBE-SF25C,4224,1973,"580,0",2026-08-05,1982-07-16,1,Registrerad ägare,502465.0,Borlänge Flygklubb,Nybrovägen 53 784 63 BORLÄNGE Sweden,2020-01-28
SE-TUK,2023-11-24,Exported,Croatia,SCHEIBE-SF25C,46256C,1973,"580,0",2024-03-31,1982-05-04,1,Senast registrerad ägare,502535.0,Motala Flygklubb,Skärstad Nedre Bostället 425 591 94 MOTALA Sweden,2016-01-04
SE-TUS,1988-11-04,Exported,Norway,DIAMOND-H36 DIMONA,3653,1983,"770,0",,1983-09-30,1,Senast registrerad ägare,505160.0,Öst-Flyg HB,Box 33 39100 KALMAR Sweden,1987-10-09
SE-TVN,1995-01-31,Exported,Denmark,SCHLEICHER-ASW20,20378,1980,"454,0",,1981-03-02,2,,,,,
SE-UAT,2024-11-28,Exported,Bosnia and Herzegovina,SCHEIBE-SF25C,44112,1974,"580,0",2025-07-05,1986-02-19,1,Senast registrerad ägare,502542.0,Norbergs Flygklubb,Sweden,1989-05-30
SE-UAV,,,,SCHEIBE-SF25C,44392,1986,"650,0",2026-09-24,1986-07-14,1,Registrerad ägare,502465.0,Borlänge Flygklubb,Nybrovägen 53 784 63 BORLÄNGE Sweden,2006-10-04
SE-UDL,,,,DIAMOND-HK36TTC,36.684,2000,"770,0",2027-02-21,2001-01-26,1,Registrerad ägare,502517.0,Lidköpings Flygklubb,Hovby Flygplats 4 531 92 LIDKÖPING Sweden,2001-12-19
SE-UEE,2009-01-16,Exported,Denmark,SCHLEICHER-ASW20C,20845,1986,"454,0",,1986-04-29,2,,,,,
SE-UEK,2019-07-22,Exported,Chile,SCHEIBE-BERGFALKE IV,5802,1969,"505,0",2013-06-07,1986-06-05,1,Senast registrerad ägare,502584.0,Sundsvalls Segelflygklubb,Sweden,1994-04-29
SE-UFA,,,,ROLLADEN-SCHNEIDER-LS4-a,4615,1986,"525,0",2027-01-11,1987-05-05,1,Registrerad ägare,502630.0,Östra Sörmlands Flygklubb,Box 78 646 21 GNESTA Sweden,2006-09-08
SE-UFT,,,,GLASFLÜGEL-304,226,1981,"450,0",2027-07-16,1987-04-16,3,,,,,
SE-UGH,,,,SCHLEICHER-ASW20,20322,1980,"454,0",2027-04-06,2008-04-24,2,,,,,
SE-UNF,,,,SCHEMPP-HIRTH-DUO DISCUS T,38,2002,"700,0",2027-04-05,2002-07-19,1,Registrerad ägare,502477.0,Eskilstuna Flygklubb,Ekeby Flygfält 632 23 ESKILSTUNA Sweden,2015-02-05
SE-UNH,,,,SCHLEICHER-ASK21,21769,2003,"600,0",2024-05-07,2004-04-14,1,Registrerad ägare,502491.0,Göteborgs Segelflygklubb,Sweden,2004-04-14
SE-UOF,2008-12-29,Exported,Norway,SCHLEICHER-KA6CR,6510/Si,1966,"300,0",,2003-09-03,1,,,,,
SE-UOX,,,,SCHEMPP-HIRTH-VENTUS-2CT,176,2006,"565,0",2024-04-16,2006-05-18,1,,,,,
SE-UTI,2025-03-05,Total write-off,,MOSQUITO,25,1977,"450,0",2025-04-06,1996-05-21,1,,,,,
SE-UYT,,,,GROB-G103C TWIN III SL,35033,1992,"710,0",2027-06-27,2016-05-20,1,Registrerad ägare,502586.0,Sunne Flygklubb,"Backetorp 50, Qvarnänga 686 93 SUNNE Sweden",2016-05-20
SE-VCD,2024-11-28,Scrapped,,FIB-POLARIS,99A4355/993781,1999,"415,0",2000-07-01,1999-07-15,1,,,,,
SE-VCM,,,,TOMI-CROSS 5.1 MW 155,5/212,1998,"450,0",2011-05-31,2001-04-05,1,Registrerad ägare,503297.0,Bjursele Flygklubb,Sweden,2008-09-24
SE-VCS,2024-07-10,Total write-off,,PEGASUS QUASAR,0068,1991,"390,0",2022-07-26,2002-08-20,1,Senast registrerad ägare,678982.0,Aquila Berg AB,Rudeboksvägen 11 226 55 Lund Sweden,2022-05-05
SE-VLL,2009-12-29,Total write-off,,FK9-MK IV,09-04-333,2007,"450,0",2010-05-12,2008-05-06,1,Senast registrerad ägare,502547.0,Norra Upplands Flygklubb,Sweden,2008-09-05
SE-VMG,,,,CT2K,01-02-01-04,2001,"472,5",2026-07-16,2009-06-24,2,,,,,
SE-VND,,,,MTO SPORT,SE 09 S 03,2009,"450,0",2020-08-05,2009-04-24,1,,,,,
SE-VNG,,,,MTO SPORT,SE 09 S 06,2009,"450,0",2026-07-06,2009-08-20,1,,,,,
SE-VPN,,,,ZENAIR CH 701 STOL,7-9409,2003,"450,0",2027-05-22,2003-08-19,1,,,,,
SE-VTB,2017-02-06,Total write-off,,MAINAIR-BLADE,988-0594-7-W784,1994,"390,0",,2014-07-10,1,,,,,
SE-VTE,,,,AEROS-2,02.10.177,2010,"450,0",2027-04-11,2015-09-02,1,,,,,
SE-VTN,,,,AIR CREATION-GTE XP 15,104,1995,"450,0",2027-05-20,2016-02-03,1,,,,,
SE-VUZ,,,,AEROSPOOL-WT9 DYNAMIC,DY-575/2016,2016,"472,5",2027-04-16,2016-05-04,1,Registrerad ägare,502521.0,Ljungbyheds Flygklubb,Bonnarp 689 B 264 53 LJUNGBYHED Sweden,2021-12-07
SE-VXM,,,,CALIDUS,C00511,2018,"500,0",2023-05-24,2021-05-20,1,,,,,
SE-XDZ,,,,JODEL-D113,1151-159,1968,"670,0",2005-06-30,1981-07-06,1,Registrerad ägare,502893.0,Föreningen Kurt E.f,Sweden,1990-01-31
SE-XEO,,,,PITTS-S1SE,7-0419-83,1985,"520,0",2027-05-31,1990-06-26,1,,,,,
SE-XEY,2007-01-22,Non-airworthy,,RAND-KR2,034,1985,"410,0",1997-06-30,1990-06-20,1,,,,,
SE-XHU,,,,EAA-WA 41,112-662,1966,"1200,0",2027-03-31,1988-06-01,1,,,,,
SE-XHY,2019-05-31,Exported,Netherlands,MONNETT-SONERAI II L,01626L-457,1988,"430,0",2019-04-30,1993-10-14,1,,,,,
SE-XKJ,,,,EUROFOX 2K TOW,68424-1646,2024,"560,0",2026-08-31,2025-06-19,1,Registrerad ägare,503117.0,Svenska Segelflygförbundet,Box 750 521 22 FALKÖPING Sweden,2025-06-19
SE-XLM,,,,WAG AERO-SUPER CUBY,562-97,1993,"684,0",2027-05-31,2005-06-27,1,,,,,
SE-XNY,,,,GLASAIR-II FT,1108-716,1994,"875,0",2027-05-31,1997-09-26,1,,,,,
SE-XRB,2004-01-21,Exported,Kenya,CHRISTEN-EAGLE II,0438-1009,1993,"730,0",2003-10-31,1998-07-31,1,,,,,
SE-XRL,,,,MFI-9HB,105-918,1999,"625,0",2027-03-31,2004-06-02,1,,,,,
SE-XRN,,,,PIPER PA-18-150,18-5330-1055,1956,"795,0",2026-07-31,2003-09-30,1,,,,,
SE-XTX,,,,GLASAIR-SPORTSMAN  GS-2,7397,2016,"1134,0",2027-02-28,2023-01-05,1,Registrerad ägare,689593.0,Team Media Sweden Holding AB,A U Bååths väg 10 43994 ONSALA Sweden,2023-01-05
SE-XUD,2016-01-14,Exported,Denmark,VAN´S-RV6A,23413-983,2003,"750,0",2016-05-31,2006-08-01,1,Senast registrerad ägare,503480.0,Flygklubben Flyex,Sweden,2006-08-29
SE-XXF,,,,LN-3 SEAGULL,LN-3-1252,2007,"600,0",,2012-08-07,1,Registrerad ägare,504009.0,Svenska Flygfabriken AB,Västra vägen 127 857 51 SUNDSVALL Sweden,2012-08-07
SE-YDH,2007-02-16,Non-airworthy,,QUICKSILVER MX II,3702-277,1982,"318,0",1988-10-31,1986-11-12,1,,,,,
SE-YHC,,,,QUICKSILVER MX II,1753-461,1983,"290,0",2016-05-07,1984-12-20,1,,,,,
SE-YHV,2020-03-04,Exported,Finland,AKKA,40018-495,1985,"408,0",2012-10-10,1985-04-16,1,,,,,
SE-YKY,2018-04-06,Scrapped,,J-6 KARATOO,1881-5101-685,1991,"405,0",2008-11-27,1992-10-26,1,,,,,
SE-YOI,2007-02-21,Non-airworthy,,BEHLEN-TRIKE LA MOUETTE PR 19,612-009,1988,"330,0",2000-05-07,1988-12-23,1,,,,,
SE-YOK,,,,PEGASUS-XL R,SW-WA-1330/1318-010,1988,"350,0",2011-04-30,1988-09-30,1,,,,,
SE-YOV,,,,PEGASUS-XL Q LC,SW-WQ-0160/SW-TE-1,1989,"365,0",2010-06-20,1989-08-16,1,,,,,
SE-YRA,,,,PEGASUS-QUASAR 2 TC,6653,1993,"390,0",2013-06-02,1994-03-17,1,,,,,
SE-YSI,2007-02-21,Non-airworthy,,KOLB-TWINSTAR MK II,78811891,1989,"350,0",1998-06-30,1995-10-06,1,,,,,
SE-YSL,,,,LAMCO-EUROCUB MK IV,CAH-006,1995,"450,0",2026-07-01,1995-06-21,1,,,,,
SE-YSM,2026-02-18,Scrapped,,AVID FLYER,389-680,1988,"415,0",2017-09-25,2000-09-12,1,,,,,
SE-YSR,,,,TL-132 CONDOR,95C06,1995,"450,0",2020-09-30,1995-12-04,1,,,,,
SE-YVA,,,,RANS S-6S COYOTE II,10971176-1030,1998,"450,0",2026-07-07,2002-05-15,1,,,,,
SE-YXI,,,,PEGASUS-FLASH,SW-WF-0005,1985,"344,0",2006-08-11,1999-08-16,1,,,,,
SE-YZC,2007-02-21,Non-airworthy,,MOSQUITO A10 ZEPHIR,25070,1987,"168,0",1999-10-31,1999-05-03,1,,,,,
SE-ZAD,1989-08-24,Exported,France,CAMERON-D96,536,1979,"875,0",,1985-08-19,1,,,,,
SE-ZBC,1995-07-07,Owners request,,COLT-56A,575,1984,"560,0",,1984-06-26,1,,,,,
SE-ZBE,1986-03-26,Exported,Ireland,THUNDER-AX6-56Z,531,1983,"508,0",,1985-06-05,1,Senast registrerad ägare,503732.0,Falcon AB,Box 7838 10380 STOCKHOLM Sweden,1985-06-05
SE-ZBG,2003-05-13,Owners request,,CAMERON-N56,1158,1985,"518,0",,1985-07-18,1,Senast registrerad ägare,504527.0,Sergels LBT med Ballongflygarna AB,,2000-08-07
SE-ZEL,,,,CAMERON-N105,2203,1990,"953,0",2027-07-09,1990-05-21,1,Registrerad ägare,504530.0,Ballongflyg & se AB,Koltrastvägen 21 192 55 SOLLENTUNA Sweden,1995-07-28
SE-ZFO,2021-04-21,Scrapped,,VIKING-84 A,031,1992,"765,0",2021-04-28,1992-03-20,1,Senast registrerad ägare,622785.0,Måns Rasmusson AB,Överboda 35 905 88 Umeå Sweden,2020-02-07
SE-ZIK,2017-03-06,Exported,France,LBL-105A,880,2002,"1050,0",2016-04-30,2003-04-16,1,,,,,
SE-ZIN,,,,LBL-310A,919,2003,"2699,0",2026-07-03,2003-08-14,1,,,,,
SE-ZLL,,,,BB-70Z,675,2009,"2300,0",2027-05-29,2009-05-29,1,Registrerad ägare,690990.0,Ballongflyg i Stockholm AB,Sjöbergsvägen 20 184 43 Åkersberga Sweden,2022-11-15
SE-ZON,,,,ULTRAMAGIC-M90,90/98,2007,"880,0",2027-02-18,2019-05-02,1,Registrerad ägare,666151.0,Luftbolaget Sverige AB,Sweden,2023-02-15
SE-ZOT,,,,LBL-240A,1395,2012,"1940,0",2027-05-25,2012-04-10,1,Registrerad ägare,504699.0,Life Less Ordinary AB,Sweden,2021-11-29
SE-ZVZ,2007-01-22,Non-airworthy,,CAMERON-O84,174,1976,"762,0",,1980-09-04,1,Senast registrerad ägare,502743.0,Linköpings Ballongklubb - 3 Musketeers,Sweden,1980-09-04
SE-ZXL,2007-01-22,Non-airworthy,,COLT-77B,362,1981,"770,0",,1981-12-10,1,Senast registrerad ägare,502475.0,Danderyds Ballongklubb,Sweden,1981-12-10
SE-ZXV,2007-01-23,Non-airworthy,,COLT-56A,511,1983,"560,0",,1983-06-07,1,Senast registrerad ägare,504283.0,Grenna Ballong och Upplevelse AB,Jönköpingsvägen 71 563 32 Gränna Sweden,1985-11-04
SE-ZYE,1983-03-18,Exported,Spain,COLT-56A,56A003,1978,"560,0",,1978-05-09,1,,,,,
SE-ZZS,2007-01-24,Non-airworthy,,CAMERON-O84,99,1974,"762,0",,1974-05-27,1,Senast registrerad ägare,502566.0,Sessan Ballongklubb,Sweden,1977-05-12
SE-ZZZ,2007-01-24,Non-airworthy,,CAMERON-O84,53,1972,"762,0",,1973-09-06,1,Senast registrerad ägare,502773.0,Svenska Ballongklubben Tm,Sweden,1973-09-06
